"title","company","salary_label","location_label","description","search_term","source","creationdate","worktypecode","title_clean","description_clean","description_words","description_tsv","keywords"
Marine Engineers (3rd OOW Engineers),DOF,"",Australia," DOF is hiring - 2nd/3rd Engineers (OOW Engineers)
 DOF is actively hiring experience as a 2nd/3rd Engineer (OOW Engineers) for casual opportunities on various vessels. As a Marine Engineer with DOF, you would be maintaining our world class fleet of vessels. Our Marine...",data analyst,swooped.co,2025-09-22 00:00:00.000 +0700,not_specified,Marine Engineers (3rd OOW Engineers),"DOF is hiring - 2nd/3rd Engineers (OOW Engineers) DOF is actively hiring experience as a 2nd/3rd Engineer (OOW Engineers) for casual opportunities on various vessels. As a Marine Engineer with DOF, you would be maintaining our world class fleet of vessels. Our Marine...",dof is hiring nd rd engineers oow engineers dof is actively hiring experience as a nd rd engineer oow engineers for casual opportunities on various vessels as a marine engineer with dof you would be maintaining our world class fleet of vessels our marine,"'2nd/3rd':4,15 'activ':10 'casual':20 'class':37 'dof':1,8,30 'engin':5,7,16,18,28 'experi':12 'fleet':38 'hire':3,11 'maintain':34 'marin':27,42 'oow':6,17 'opportun':21 'various':23 'vessel':24,40 'world':36 'would':32","{2nd/3rd,activ,casual,class,dof,engin,experi,fleet,hire,maintain,marin,oow,opportun,various,vessel,world,would}"
Scrum Master,Leidos,"",Australia,"&nbsp;...strategy, so flexibility will be required. 
 Your role in the team will be to work closely with the product development team and <b>customer </b>product owners to ensure work progress on schedule and to the desired level of quality. Additionally, you will serve as a coach and...&nbsp;",customer insights analyst,swooped.co,2025-09-05 00:00:00.000 +0700,not_specified,Scrum Master,"...strategy, so flexibility will be required. Your role in the team will be to work closely with the product development team and customer product owners to ensure work progress on schedule and to the desired level of quality. Additionally, you will serve as a coach and...",strategy so flexibility will be required your role in the team will be to work closely with the product development team and customer product owners to ensure work progress on schedule and to the desired level of quality additionally you will serve as a coach and,"'addit':39 'close':16 'coach':45 'custom':23 'desir':35 'develop':20 'ensur':27 'flexibl':3 'level':36 'owner':25 'product':19,24 'progress':29 'qualiti':38 'requir':6 'role':8 'schedul':31 'serv':42 'strategi':1 'team':11,21 'work':15,28","{addit,close,coach,custom,desir,develop,ensur,flexibl,level,owner,product,progress,qualiti,requir,role,schedul,serv,strategi,team,work}"
"Senior Analyst, Business Development (Identity & Security Specialist Sales)",Mastercard,"",Australia,"&nbsp;...governments realize their greatest potential.  Title and Summary  Senior <b>Analyst,</b> Business Development (Identity & Security Specialist Sales)...&nbsp;&nbsp;...transactions safe, simple, smart, and accessible. Using secure <b>data </b>and networks, partnerships and passion, our innovations and...&nbsp;",data analyst,decentrajobs.com,2026-06-05 03:50:40.853 +0700,full_time,Senior Analyst,"...governments realize their greatest potential. Title and Summary Senior Analyst, Business Development (Identity & Security Specialist Sales)... ...transactions safe, simple, smart, and accessible. Using secure data and networks, partnerships and passion, our innovations and...",governments realize their greatest potential title and summary senior analyst business development identity security specialist sales transactions safe simple smart and accessible using secure data and networks partnerships and passion our innovations and,"'access':22 'analyst':10 'busi':11 'data':25 'develop':12 'govern':1 'greatest':4 'ident':13 'innov':32 'network':27 'partnership':28 'passion':30 'potenti':5 'realiz':2 'safe':18 'sale':16 'secur':14,24 'senior':9 'simpl':19 'smart':20 'specialist':15 'summari':8 'titl':6 'transact':17 'use':23","{access,analyst,busi,data,develop,govern,greatest,ident,innov,network,partnership,passion,potenti,realiz,safe,sale,secur,senior,simpl,smart,specialist,summari,titl,transact,use}"
"Senior Analyst, Account Management",Mastercard,"",Australia,"&nbsp;...governments realize their greatest potential.  Title and Summary  Senior <b>Analyst,</b> Account Management 
 Overview 
 This role will drive sales...&nbsp;&nbsp;...skills and enjoy simplifying large amounts of complex <b>data </b>into C-Level presentations 
• Degree qualified in business studies...&nbsp;",data analyst,decentrajobs.com,2026-06-10 03:11:53.880 +0700,full_time,Senior Analyst,"...governments realize their greatest potential. Title and Summary Senior Analyst, Account Management Overview This role will drive sales... ...skills and enjoy simplifying large amounts of complex data into C-Level presentations • Degree qualified in business studies...",governments realize their greatest potential title and summary senior analyst account management overview this role will drive sales skills and enjoy simplifying large amounts of complex data into c level presentations degree qualified in business studies,'account':11 'amount':24 'analyst':10 'busi':37 'c':30 'c-level':29 'complex':26 'data':27 'degre':34 'drive':17 'enjoy':21 'govern':1 'greatest':4 'larg':23 'level':31 'manag':12 'overview':13 'potenti':5 'present':32 'qualifi':35 'realiz':2 'role':15 'sale':18 'senior':9 'simplifi':22 'skill':19 'studi':38 'summari':8 'titl':6 '•':33,"{account,amount,analyst,busi,c,c-level,complex,data,degre,drive,enjoy,govern,greatest,larg,level,manag,overview,potenti,present,qualifi,realiz,role,sale,senior,simplifi,skill,studi,summari,titl,•}"
SOC Analyst,Volexity,"",Australia,"&nbsp;...Volexity’s Security Operation Center (SOC) <b>Analysts </b>work to protect organizations from a wide variety of threats, ranging from commodity phishing and malware campaigns to highly targeted attacks involving zero-day exploits.  Candidates applying for this role should expect...&nbsp;",data analyst,hireskys.com,2026-07-25 02:49:37.647 +0700,full_time,SOC Analyst,"...Volexity’s Security Operation Center (SOC) Analysts work to protect organizations from a wide variety of threats, ranging from commodity phishing and malware campaigns to highly targeted attacks involving zero-day exploits. Candidates applying for this role should expect...",volexity s security operation center soc analysts work to protect organizations from a wide variety of threats ranging from commodity phishing and malware campaigns to highly targeted attacks involving zero day exploits candidates applying for this role should expect,'analyst':6 'appli':34 'attack':27 'campaign':23 'candid':33 'center':4 'commod':19 'day':31 'expect':39 'exploit':32 'high':25 'involv':28 'malwar':22 'oper':3 'organ':10 'phish':20 'protect':9 'rang':17 'role':37 'secur':2 'soc':5 'target':26 'threat':16 'varieti':14 'volexity’':1 'wide':13 'work':7 'zero':30 'zero-day':29,"{analyst,appli,attack,campaign,candid,center,commod,day,expect,exploit,high,involv,malwar,oper,organ,phish,protect,rang,role,secur,soc,target,threat,varieti,volexity’,wide,work,zero,zero-day}"
Macro Analyst,IMC,"",Australia,"&nbsp;...for three days or three years, the best idea wins. 
 Our Macro <b>Analyst </b>team plays a critical role in informing our trading strategies....&nbsp;&nbsp;...macroeconomic trends, and the dynamic interplay between economic <b>data,</b> policy decisions, and asset prices. Analysts thrive on researching...&nbsp;",data analyst,swooped.co,2025-10-02 00:00:00.000 +0700,not_specified,Macro Analyst,"...for three days or three years, the best idea wins. Our Macro Analyst team plays a critical role in informing our trading strategies.... ...macroeconomic trends, and the dynamic interplay between economic data, policy decisions, and asset prices. Analysts thrive on researching...",for three days or three years the best idea wins our macro analyst team plays a critical role in informing our trading strategies macroeconomic trends and the dynamic interplay between economic data policy decisions and asset prices analysts thrive on researching,"'analyst':13,38 'asset':36 'best':8 'critic':17 'data':32 'day':3 'decis':34 'dynam':28 'econom':31 'idea':9 'inform':20 'interplay':29 'macro':12 'macroeconom':24 'play':15 'polici':33 'price':37 'research':41 'role':18 'strategi':23 'team':14 'three':2,5 'thrive':39 'trade':22 'trend':25 'win':10 'year':6","{analyst,asset,best,critic,data,day,decis,dynam,econom,idea,inform,interplay,macro,macroeconom,play,polici,price,research,role,strategi,team,three,thrive,trade,trend,win,year}"
Technical Customer Support Specialist,ElevenLabs,"",Australia,"&nbsp;...connections, and the advanced ElevenAgents orchestration platform. Shifting completely away from routine non-regulated administrative <b>data </b>transcription loops, retail clerk checkouts, or generic call center response scripts, you will run an active multi-tenant API log...&nbsp;",data analyst,hireskys.com,2026-07-07 07:54:30.737 +0700,part_time,Technical Customer Support Specialist,"...connections, and the advanced ElevenAgents orchestration platform. Shifting completely away from routine non-regulated administrative data transcription loops, retail clerk checkouts, or generic call center response scripts, you will run an active multi-tenant API log...",connections and the advanced elevenagents orchestration platform shifting completely away from routine non regulated administrative data transcription loops retail clerk checkouts or generic call center response scripts you will run an active multi tenant api log,'activ':33 'administr':16 'advanc':4 'api':37 'away':10 'call':25 'center':26 'checkout':22 'clerk':21 'complet':9 'connect':1 'data':17 'elevenag':5 'generic':24 'log':38 'loop':19 'multi':35 'multi-ten':34 'non':14 'non-regul':13 'orchestr':6 'platform':7 'regul':15 'respons':27 'retail':20 'routin':12 'run':31 'script':28 'shift':8 'tenant':36 'transcript':18,"{activ,administr,advanc,api,away,call,center,checkout,clerk,complet,connect,data,elevenag,generic,log,loop,multi,multi-ten,non,non-regul,orchestr,platform,regul,respons,retail,routin,run,script,shift,tenant,transcript}"
"Senior Specialist, Technical Product Enablement and Sales",Mastercard,"",Australia," Our Purpose  Mastercard powers economies and empowers people in 200+ countries and territories worldwide. Together with our customers, we’re helping build a sustainable economy where everyone can prosper. We support a wide range of digital payments choices, making transactions...",data analyst,decentrajobs.com,2026-07-07 03:05:09.240 +0700,full_time,Senior Specialist,"Our Purpose Mastercard powers economies and empowers people in 200+ countries and territories worldwide. Together with our customers, we’re helping build a sustainable economy where everyone can prosper. We support a wide range of digital payments choices, making transactions...",our purpose mastercard powers economies and empowers people in countries and territories worldwide together with our customers we re helping build a sustainable economy where everyone can prosper we support a wide range of digital payments choices making transactions,'200':10 'a sustainable economi':22 'build':21 'choic':35 'countri':11 'custom':18 'digit':33 'economi':5 'empow':7 'everyon':24 'help':20 'make':36 'mastercard':3 'payment':34 'peopl':8 'power':4 'prosper':26 'purpos':2 'rang':31 'support':28 'territori':13 'togeth':15 'transact':37 'we’r':19 'wide':30 'worldwid':14,"{200,a sustainable economi,build,choic,countri,custom,digit,economi,empow,everyon,help,make,mastercard,payment,peopl,power,prosper,purpos,rang,support,territori,togeth,transact,we’r,wide,worldwid}"
Staff Data Scientist,Tilt,"",Australia,"&nbsp;...The Opportunity: Staff <b>Data </b>Scientist  We’re hiring for a  Staff Data Scientist  to help expand Tilt’s credit modeling and risk analytics capability for our Philippines-based business, Cashalo. 
 This is a high impact role with a direct mandate to  build and refine underwriting...&nbsp;",data analyst,hireskys.com,2026-07-17 03:33:25.740 +0700,full_time,Staff Data Scientist,"...The Opportunity: Staff Data Scientist We’re hiring for a Staff Data Scientist to help expand Tilt’s credit modeling and risk analytics capability for our Philippines-based business, Cashalo. This is a high impact role with a direct mandate to build and refine underwriting...",the opportunity staff data scientist we re hiring for a staff data scientist to help expand tilt s credit modeling and risk analytics capability for our philippines based business cashalo this is a high impact role with a direct mandate to build and refine underwriting,"'analyt':21 'base':27 'build':41 'busi':28 'capabl':22 'cashalo':29 'credit':17 'data':4,11 'direct':38 'expand':15 'help':14 'high':33 'hire':7 'impact':34 'mandat':39 'model':18 'opportun':2 'philippin':26 'philippines-bas':25 'refin':43 'risk':20 'role':35 'scientist':5,12 'staff':3,10 'tilt’':16 'underwrit':44 'we’r':6","{analyt,base,build,busi,capabl,cashalo,credit,data,direct,expand,help,high,hire,impact,mandat,model,opportun,philippin,philippines-bas,refin,risk,role,scientist,staff,tilt’,underwrit,we’r}"
Senior Engineer Service Management,Unisys,"",Australia," What success looks like in this role: 
 This role oversees, facilitates and administers ITIL based service support and requires a strong understanding of Service Management practices, with a particular emphasis on Service Request Management and Service Level Management...",data analyst,swooped.co,2025-09-11 00:00:00.000 +0700,not_specified,Senior Engineer Service Management,"What success looks like in this role: This role oversees, facilitates and administers ITIL based service support and requires a strong understanding of Service Management practices, with a particular emphasis on Service Request Management and Service Level Management...",what success looks like in this role this role oversees facilitates and administers itil based service support and requires a strong understanding of service management practices with a particular emphasis on service request management and service level management,"'administ':13 'base':15 'emphasi':30 'facilit':11 'itil':14 'level':37 'like':4 'look':3 'manag':25,34,38 'overse':10 'particular':29 'practic':26 'request':33 'requir':19 'role':7,9 'servic':16,24,32,36 'strong':21 'success':2 'support':17 'understand':22","{administ,base,emphasi,facilit,itil,level,like,look,manag,overse,particular,practic,request,requir,role,servic,strong,success,support,understand}"
Influencer Specialist,White Fox Boutique,"",Australia," White Fox is a globally recognised fashion brand loved by babes and celebs worldwide. 
 Established in 2013 and based in Sydney, Australia, White Fox has quickly become the go-to online fashion destination and is continuing to take over wardrobes everywhere. 
 An exciting...",data analyst,swooped.co,2025-08-12 00:00:00.000 +0700,not_specified,Influencer Specialist,"White Fox is a globally recognised fashion brand loved by babes and celebs worldwide. Established in 2013 and based in Sydney, Australia, White Fox has quickly become the go-to online fashion destination and is continuing to take over wardrobes everywhere. An exciting...",white fox is a globally recognised fashion brand loved by babes and celebs worldwide established in and based in sydney australia white fox has quickly become the go to online fashion destination and is continuing to take over wardrobes everywhere an exciting,"'2013':17 'australia':22 'babe':11 'base':19 'becom':27 'brand':8 'celeb':13 'continu':37 'destin':34 'establish':15 'everywher':42 'excit':44 'fashion':7,33 'fox':2,24 'global':5 'go':30 'go-to':29 'love':9 'onlin':32 'quick':26 'recognis':6 'sydney':21 'take':39 'wardrob':41 'white':1,23 'worldwid':14","{2013,australia,babe,base,becom,brand,celeb,continu,destin,establish,everywher,excit,fashion,fox,global,go,go-to,love,onlin,quick,recognis,sydney,take,wardrob,white,worldwid}"
"Talent Attraction, Events & Industry Pathways Specialist",Tesla,"",Australia," What To Expect 
 We are seeking an proactive, confident and engaging Industry Relations & Events Specialist to join our Aftersales team, with a focus on promoting Tesla's Aftersales employer brand, coordinating industry partnerships, and delivering engaging events that...",data analyst,ev.careers,2026-07-23 03:48:55.110 +0700,full_time,"Talent Attraction, Events & Industry Pathways Specialist","What To Expect We are seeking an proactive, confident and engaging Industry Relations & Events Specialist to join our Aftersales team, with a focus on promoting Tesla's Aftersales employer brand, coordinating industry partnerships, and delivering engaging events that...",what to expect we are seeking an proactive confident and engaging industry relations events specialist to join our aftersales team with a focus on promoting tesla s aftersales employer brand coordinating industry partnerships and delivering engaging events that,"'aftersal':19,28 'brand':30 'confid':9 'coordin':31 'deliv':35 'employ':29 'engag':11,36 'event':14,37 'expect':3 'focus':23 'industri':12,32 'join':17 'partnership':33 'proactiv':8 'promot':25 'relat':13 'seek':6 'specialist':15 'team':20 'tesla':26","{aftersal,brand,confid,coordin,deliv,employ,engag,event,expect,focus,industri,join,partnership,proactiv,promot,relat,seek,specialist,team,tesla}"
Civil Engineer,Invictus People,$110k,Australia," A growing multidisciplinary engineering consultancy is looking for a Civil Engineer to take ownership of projects across land development, stormwater, civil infrastructure, and site civils for commercial and residential developments. This is a hands on design and delivery...",data analyst,atzcrm.com,2026-05-11 07:46:41.717 +0700,not_specified,Civil Engineer,"A growing multidisciplinary engineering consultancy is looking for a Civil Engineer to take ownership of projects across land development, stormwater, civil infrastructure, and site civils for commercial and residential developments. This is a hands on design and delivery...",a growing multidisciplinary engineering consultancy is looking for a civil engineer to take ownership of projects across land development stormwater civil infrastructure and site civils for commercial and residential developments this is a hands on design and delivery,"'across':17 'civil':10,21,25 'commerci':27 'consult':5 'deliveri':38 'design':36 'develop':19,30 'engin':4,11 'grow':2 'hand':34 'infrastructur':22 'land':18 'look':7 'multidisciplinari':3 'ownership':14 'project':16 'residenti':29 'site':24 'stormwat':20 'take':13","{across,civil,commerci,consult,deliveri,design,develop,engin,grow,hand,infrastructur,land,look,multidisciplinari,ownership,project,residenti,site,stormwat,take}"
Windows System Engineer,IMC,"",Australia," At IMC, technology is at the core of everything we do, and how we build and maintain our user space infrastructure is key to our global success. Our Operations Engineering team designs, automates, and scales the systems that power our workstations, tools, and user environments...",data analyst,swooped.co,2025-09-24 00:00:00.000 +0700,not_specified,Windows System Engineer,"At IMC, technology is at the core of everything we do, and how we build and maintain our user space infrastructure is key to our global success. Our Operations Engineering team designs, automates, and scales the systems that power our workstations, tools, and user environments...",at imc technology is at the core of everything we do and how we build and maintain our user space infrastructure is key to our global success our operations engineering team designs automates and scales the systems that power our workstations tools and user environments,"'autom':33 'build':15 'core':7 'design':32 'engin':30 'environ':45 'everyth':9 'global':26 'imc':2 'infrastructur':21 'key':23 'maintain':17 'oper':29 'power':39 'scale':35 'space':20 'success':27 'system':37 'team':31 'technolog':3 'tool':42 'user':19,44 'workstat':41","{autom,build,core,design,engin,environ,everyth,global,imc,infrastructur,key,maintain,oper,power,scale,space,success,system,team,technolog,tool,user,workstat}"
Senior Project Engineer,Lendlease,"",Australia," Lendlease is a globally integrated real estate group with core expertise in Investment Management, Development, and Construction. For more than 60 years, we have created thriving places around the globe.  
 About the Role: 
 With a national delivery capability, Lendlease...",data analyst,swooped.co,2026-02-27 00:00:00.000 +0700,not_specified,Senior Project Engineer,"Lendlease is a globally integrated real estate group with core expertise in Investment Management, Development, and Construction. For more than 60 years, we have created thriving places around the globe.   About the Role: With a national delivery capability, Lendlease...",lendlease is a globally integrated real estate group with core expertise in investment management development and construction for more than years we have created thriving places around the globe about the role with a national delivery capability lendlease,"'60':21 'around':28 'capabl':39 'construct':17 'core':10 'creat':25 'deliveri':38 'develop':15 'estat':7 'expertis':11 'global':4 'globe':30 'group':8 'integr':5 'invest':13 'lendleas':1,40 'manag':14 'nation':37 'place':27 'real':6 'role':34 'thrive':26 'year':22 ' ':31","{60,around,capabl,construct,core,creat,deliveri,develop,estat,expertis,global,globe,group,integr,invest,lendleas,manag,nation,place,real,role,thrive,year, }"
Quality Engineer,Invictus People,$110k,Australia," Position Description 
 Quality Engineer 
 About the Opportunity 
 An exciting opportunity is available for an experienced Quality Engineer to join a growing advanced manufacturing organisation delivering high precision components and systems for highly regulated industries...",data analyst,atzcrm.com,2026-07-15 03:11:10.827 +0700,not_specified,Quality Engineer,Position Description Quality Engineer About the Opportunity An exciting opportunity is available for an experienced Quality Engineer to join a growing advanced manufacturing organisation delivering high precision components and systems for highly regulated industries...,position description quality engineer about the opportunity an exciting opportunity is available for an experienced quality engineer to join a growing advanced manufacturing organisation delivering high precision components and systems for highly regulated industries,"'advanc':22 'avail':12 'compon':28 'deliv':25 'descript':2 'engin':4,17 'excit':9 'experienc':15 'grow':21 'high':26,32 'industri':34 'join':19 'manufactur':23 'opportun':7,10 'organis':24 'posit':1 'precis':27 'qualiti':3,16 'regul':33 'system':30","{advanc,avail,compon,deliv,descript,engin,excit,experienc,grow,high,industri,join,manufactur,opportun,organis,posit,precis,qualiti,regul,system}"
"Manager, Technical Product Enablement and Specialist Sales (Digital and Agentic)",Mastercard,"",Australia,"&nbsp;...inclusive, digital economy that benefits everyone, everywhere by making transactions safe, simple, smart, and accessible. Using secure <b>data </b>and networks, partnerships and passion, our innovations and solutions help individuals, financial institutions, governments, and...&nbsp;",data analyst,decentrajobs.com,2026-07-16 04:20:36.963 +0700,full_time,Manager,"...inclusive, digital economy that benefits everyone, everywhere by making transactions safe, simple, smart, and accessible. Using secure data and networks, partnerships and passion, our innovations and solutions help individuals, financial institutions, governments, and...",inclusive digital economy that benefits everyone everywhere by making transactions safe simple smart and accessible using secure data and networks partnerships and passion our innovations and solutions help individuals financial institutions governments and,'access':15 'benefit':5 'data':18 'digit':2 'economi':3 'everyon':6 'everywher':7 'financi':30 'govern':32 'help':28 'inclus':1 'individu':29 'innov':25 'institut':31 'make':9 'network':20 'partnership':21 'passion':23 'safe':11 'secur':17 'simpl':12 'smart':13 'solut':27 'transact':10 'use':16,"{access,benefit,data,digit,economi,everyon,everywher,financi,govern,help,inclus,individu,innov,institut,make,network,partnership,passion,safe,secur,simpl,smart,solut,transact,use}"
QA Engineer,Keypath Education,"",Australia,"&nbsp;...release cycles. Shifting completely away from routine non-regulated <b>data </b>transcription loops, entry-level website text updates, or...&nbsp;&nbsp;...operating as a Quality Assurance Engineer, Automated Tester, SDET, Test <b>Analyst,</b> or closely matching tech-enabled quality verification capacity....&nbsp;",data analyst,hireskys.com,2026-07-07 07:54:24.497 +0700,full_time,QA Engineer,"...release cycles. Shifting completely away from routine non-regulated data transcription loops, entry-level website text updates, or... ...operating as a Quality Assurance Engineer, Automated Tester, SDET, Test Analyst, or closely matching tech-enabled quality verification capacity....",release cycles shifting completely away from routine non regulated data transcription loops entry level website text updates or operating as a quality assurance engineer automated tester sdet test analyst or closely matching tech enabled quality verification capacity,"'analyst':31 'assur':25 'autom':27 'away':5 'capac':40 'close':33 'complet':4 'cycl':2 'data':11 'enabl':37 'engin':26 'entri':15 'entry-level':14 'level':16 'loop':13 'match':34 'non':9 'non-regul':8 'oper':21 'qualiti':24,38 'regul':10 'releas':1 'routin':7 'sdet':29 'shift':3 'tech':36 'tech-en':35 'test':30 'tester':28 'text':18 'transcript':12 'updat':19 'verif':39 'websit':17","{analyst,assur,autom,away,capac,close,complet,cycl,data,enabl,engin,entri,entry-level,level,loop,match,non,non-regul,oper,qualiti,regul,releas,routin,sdet,shift,tech,tech-en,test,tester,text,transcript,updat,verif,websit}"
Manufacturing Engineer - Sydney,Anduril Industries,"",Australia,"&nbsp;...designed, built and sold. Anduril’s family of systems is powered by Lattice OS, an AI-powered operating system that turns thousands of <b>data </b>streams into a realtime, 3D command and control center. As the world enters an era of strategic competition, Anduril is committed to...&nbsp;",data analyst,swooped.co,2026-02-27 00:00:00.000 +0700,not_specified,Manufacturing Engineer - Sydney,"...designed, built and sold. Anduril’s family of systems is powered by Lattice OS, an AI-powered operating system that turns thousands of data streams into a realtime, 3D command and control center. As the world enters an era of strategic competition, Anduril is committed to...",designed built and sold anduril s family of systems is powered by lattice os an ai powered operating system that turns thousands of data streams into a realtime d command and control center as the world enters an era of strategic competition anduril is committed to,"'3d':29 'ai':16 'ai-pow':15 'anduril':43 'anduril’':5 'built':2 'center':33 'command':30 'commit':45 'competit':42 'control':32 'data':24 'design':1 'enter':37 'era':39 'famili':6 'lattic':12 'oper':18 'os':13 'power':10,17 'realtim':28 'sold':4 'strateg':41 'stream':25 'system':8,19 'thousand':22 'turn':21 'world':36","{3d,ai,ai-pow,anduril,anduril’,built,center,command,commit,competit,control,data,design,enter,era,famili,lattic,oper,os,power,realtim,sold,strateg,stream,system,thousand,turn,world}"
Site Engineer,Lendlease,"",Australia," Lendlease is a globally integrated real estate group with core expertise in Investment Management, Development, and Construction. For more than 60 years, we have created thriving places around the globe.  
 About the Role: 
 With a national delivery capability, Lendlease...",data analyst,swooped.co,2026-02-27 00:00:00.000 +0700,not_specified,Site Engineer,"Lendlease is a globally integrated real estate group with core expertise in Investment Management, Development, and Construction. For more than 60 years, we have created thriving places around the globe.   About the Role: With a national delivery capability, Lendlease...",lendlease is a globally integrated real estate group with core expertise in investment management development and construction for more than years we have created thriving places around the globe about the role with a national delivery capability lendlease,"'60':21 'around':28 'capabl':39 'construct':17 'core':10 'creat':25 'deliveri':38 'develop':15 'estat':7 'expertis':11 'global':4 'globe':30 'group':8 'integr':5 'invest':13 'lendleas':1,40 'manag':14 'nation':37 'place':27 'real':6 'role':34 'thrive':26 'year':22 ' ':31","{60,around,capabl,construct,core,creat,deliveri,develop,estat,expertis,global,globe,group,integr,invest,lendleas,manag,nation,place,real,role,thrive,year, }"
Network Systems Engineer,Northrop Grumman,"",Australia," AUSTRALIAN CITIZENSHIP REQUIRED FOR THIS POSITION: Yes 
 RELOCATION ASSISTANCE: Relocation assistance may be available 
 CLEARANCE TYPE: AU-TSPV (Positive Vetting)
 TRAVEL: Yes, 25% of the Time 
 Description 
 We are Northrop Grumman Australia. Our 800 strong team...",data analyst,swooped.co,2025-08-14 00:00:00.000 +0700,not_specified,Network Systems Engineer,"AUSTRALIAN CITIZENSHIP REQUIRED FOR THIS POSITION: Yes RELOCATION ASSISTANCE: Relocation assistance may be available CLEARANCE TYPE: AU-TSPV (Positive Vetting) TRAVEL: Yes, 25% of the Time Description We are Northrop Grumman Australia. Our 800 strong team...",australian citizenship required for this position yes relocation assistance relocation assistance may be available clearance type au tspv positive vetting travel yes of the time description we are northrop grumman australia our strong team,"'25':24 '800':35 'assist':9,11 'au':18 'au-tspv':17 'australia':33 'australian':1 'avail':14 'citizenship':2 'clearanc':15 'descript':28 'grumman':32 'may':12 'northrop':31 'posit':6,20 'reloc':8,10 'requir':3 'strong':36 'team':37 'time':27 'travel':22 'tspv':19 'type':16 'vet':21 'yes':7,23","{25,800,assist,au,au-tspv,australia,australian,avail,citizenship,clearanc,descript,grumman,may,northrop,posit,reloc,requir,strong,team,time,travel,tspv,type,vet,yes}"
Senior Service Reliability Engineer,Zé Delivery,"",Australia,"&nbsp;...Python (preferred) 
 Bash, Go, Java, C++, or Rust 
 In addition, experience with at least 3 of the following topics: 
 Distributed <b>data </b>storage at scale (Hadoop, Ceph) 
 NoSQL at scale (MongoDB, Redis, Cassandra) 
 Data Aggregation technologies. (ElasticSearch,...&nbsp;",data analyst,swooped.co,2025-08-21 00:00:00.000 +0700,not_specified,Senior Service Reliability Engineer,"...Python (preferred)  Bash, Go, Java, C++, or Rust  In addition, experience with at least 3 of the following topics:  Distributed data storage at scale (Hadoop, Ceph)  NoSQL at scale (MongoDB, Redis, Cassandra)  Data Aggregation technologies. (ElasticSearch,...",python preferred bash go java c or rust in addition experience with at least of the following topics distributed data storage at scale hadoop ceph nosql at scale mongodb redis cassandra data aggregation technologies elasticsearch,"'3':16 'addit':11 'aggreg':38 'bash':4 'c':7 'cassandra':35 'ceph':28 'data':23,37 'distribut':22 'elasticsearch':40 'experi':12 'follow':19 'go':5 'hadoop':27 'java':6 'least':15 'mongodb':33 'nosql':30 'prefer':2 'python':1 'redi':34 'rust ':9 'scale':26,32 'storag':24 'technolog':39 'topic':20 ' ':3,21,29,36","{3,addit,aggreg,bash,c,cassandra,ceph,data,distribut,elasticsearch,experi,follow,go,hadoop,java,least,mongodb,nosql,prefer,python,redi,rust ,scale,storag,technolog,topic, }"
Senior Site Reliability Engineer,Mastercard,"",Australia,"&nbsp;...inclusive, digital economy that benefits everyone, everywhere, by making transactions safe, simple, smart, and accessible. Using secure <b>data </b>and networks, partnerships, and passion, our innovations and solutions help individuals, financial institutions, governments, and...&nbsp;",data analyst,decentrajobs.com,2026-06-26 03:04:41.713 +0700,full_time,Senior Site Reliability Engineer,"...inclusive, digital economy that benefits everyone, everywhere, by making transactions safe, simple, smart, and accessible. Using secure data and networks, partnerships, and passion, our innovations and solutions help individuals, financial institutions, governments, and...",inclusive digital economy that benefits everyone everywhere by making transactions safe simple smart and accessible using secure data and networks partnerships and passion our innovations and solutions help individuals financial institutions governments and,'access':15 'benefit':5 'data':18 'digit':2 'economi':3 'everyon':6 'everywher':7 'financi':30 'govern':32 'help':28 'inclus':1 'individu':29 'innov':25 'institut':31 'make':9 'network':20 'partnership':21 'passion':23 'safe':11 'secur':17 'simpl':12 'smart':13 'solut':27 'transact':10 'use':16,"{access,benefit,data,digit,economi,everyon,everywher,financi,govern,help,inclus,individu,innov,institut,make,network,partnership,passion,safe,secur,simpl,smart,solut,transact,use}"
Site Reliability Engineer II,Mastercard,"",Australia,"&nbsp;...inclusive, digital economy that benefits everyone, everywhere, by making transactions safe, simple, smart, and accessible. Using secure <b>data </b>and networks, partnerships, and passion, our innovations and solutions help individuals, financial institutions, governments, and...&nbsp;",data analyst,decentrajobs.com,2026-06-26 03:04:41.757 +0700,full_time,Site Reliability Engineer II,"...inclusive, digital economy that benefits everyone, everywhere, by making transactions safe, simple, smart, and accessible. Using secure data and networks, partnerships, and passion, our innovations and solutions help individuals, financial institutions, governments, and...",inclusive digital economy that benefits everyone everywhere by making transactions safe simple smart and accessible using secure data and networks partnerships and passion our innovations and solutions help individuals financial institutions governments and,'access':15 'benefit':5 'data':18 'digit':2 'economi':3 'everyon':6 'everywher':7 'financi':30 'govern':32 'help':28 'inclus':1 'individu':29 'innov':25 'institut':31 'make':9 'network':20 'partnership':21 'passion':23 'safe':11 'secur':17 'simpl':12 'smart':13 'solut':27 'transact':10 'use':16,"{access,benefit,data,digit,economi,everyon,everywher,financi,govern,help,inclus,individu,innov,institut,make,network,partnership,passion,safe,secur,simpl,smart,solut,transact,use}"
"Business Development Manager - CDE Program (Consultants, Designer and Engineer)",Genetec,"",Australia," Your team’s dynamic: 
 Genetec is seeking a senior professional to lead and grow our Consulting, Design, and Engineering (CDE) Program across Australia and New Zealand. This is a high-impact role focused on strengthening relationships with security consultants and design...",data analyst,swooped.co,2025-08-13 00:00:00.000 +0700,not_specified,Business Development Manager - CDE Program (Consultants,"Your team’s dynamic: Genetec is seeking a senior professional to lead and grow our Consulting, Design, and Engineering (CDE) Program across Australia and New Zealand. This is a high-impact role focused on strengthening relationships with security consultants and design...",your team s dynamic genetec is seeking a senior professional to lead and grow our consulting design and engineering cde program across australia and new zealand this is a high impact role focused on strengthening relationships with security consultants and design,"'across':21 'australia':22 'cde':19 'consult':15,39 'design':16,41 'dynam':3 'engin':18 'focus':33 'genetec':4 'grow':13 'high':30 'high-impact':29 'impact':31 'lead':11 'new':24 'profession':9 'program':20 'relationship':36 'role':32 'secur':38 'seek':6 'senior':8 'strengthen':35 'team’':2 'zealand':25","{across,australia,cde,consult,design,dynam,engin,focus,genetec,grow,high,high-impact,impact,lead,new,profession,program,relationship,role,secur,seek,senior,strengthen,team’,zealand}"
"Sr. Staff Engineer, Robotics/Automotive System Software",Tenstorrent,$100k,Australia," Tenstorrent is leading the industry on cutting-edge AI technology, revolutionizing performance expectations, ease of use, and cost efficiency. With AI redefining the computing paradigm, solutions must evolve to unify innovations in software models, compilers, platforms...",data analyst,swooped.co,2025-08-27 00:00:00.000 +0700,not_specified,Sr. Staff Engineer,"Tenstorrent is leading the industry on cutting-edge AI technology, revolutionizing performance expectations, ease of use, and cost efficiency. With AI redefining the computing paradigm, solutions must evolve to unify innovations in software models, compilers, platforms...",tenstorrent is leading the industry on cutting edge ai technology revolutionizing performance expectations ease of use and cost efficiency with ai redefining the computing paradigm solutions must evolve to unify innovations in software models compilers platforms,"'ai':10,22 'compil':36 'comput':25 'cost':19 'cut':8 'cutting-edg':7 'eas':15 'edg':9 'effici':20 'evolv':29 'expect':14 'industri':5 'innov':32 'lead':3 'model':35 'must':28 'paradigm':26 'perform':13 'platform':37 'redefin':23 'revolution':12 'softwar':34 'solut':27 'technolog':11 'tenstorr':1 'unifi':31 'use':17","{ai,compil,comput,cost,cut,cutting-edg,eas,edg,effici,evolv,expect,industri,innov,lead,model,must,paradigm,perform,platform,redefin,revolution,softwar,solut,technolog,tenstorr,unifi,use}"
ESG Junior Data Analyst (Mandarin Speaker),ISS | Institutional Shareholder Services,"",Australia,"&nbsp;...acquire specific knowledge about the dominant issues for several industries. 
 Attend to internal/client queries and requests to ensure <b>data </b>captured is aligned with data methodology and policy guidelines 
 Comply with established work process standards to ensure quality...&nbsp;",junior data analyst,swooped.co,2026-02-27 00:00:00.000 +0700,not_specified,ESG Junior Data Analyst (Mandarin Speaker),...acquire specific knowledge about the dominant issues for several industries. Attend to internal/client queries and requests to ensure data captured is aligned with data methodology and policy guidelines Comply with established work process standards to ensure quality...,acquire specific knowledge about the dominant issues for several industries attend to internal client queries and requests to ensure data captured is aligned with data methodology and policy guidelines comply with established work process standards to ensure quality,"'acquir':1 'align':22 'attend':11 'captur':20 'compli':29 'data':19,24 'domin':6 'ensur':18,36 'establish':31 'guidelin':28 'industri':10 'internal/client':13 'issu':7 'knowledg':3 'methodolog':25 'polici':27 'process':33 'qualiti':37 'queri':14 'request':16 'sever':9 'specif':2 'standard':34 'work':32","{acquir,align,attend,captur,compli,data,domin,ensur,establish,guidelin,industri,internal/client,issu,knowledg,methodolog,polici,process,qualiti,queri,request,sever,specif,standard,work}"
Developer Engagement Representative,Roblox,"",Australia," About Roblox:  Every day, tens of millions of people come to Roblox to explore, create, play, learn, and connect with friends in 3D immersive digital experiences—all created by our global community of independent developers and creators. At Roblox, we are building the ...",bi analyst,hireskys.com,2026-07-07 07:54:26.193 +0700,part_time,Developer Engagement Representative,"About Roblox: Every day, tens of millions of people come to Roblox to explore, create, play, learn, and connect with friends in 3D immersive digital experiences—all created by our global community of independent developers and creators. At Roblox, we are building the ...",about roblox every day tens of millions of people come to roblox to explore create play learn and connect with friends in d immersive digital experiences all created by our global community of independent developers and creators at roblox we are building the,"'3d':23 'build':41 'come':10 'communiti':31 'connect':19 'creat':15,27 'creator':36 'day':4 'develop':34 'digit':25 'everi':3 'experiences—al':26 'explor':14 'friend':21 'global':30 'immers':24 'independ':33 'learn':17 'million':7 'peopl':9 'play':16 'roblox':2,12,38 'ten':5","{3d,build,come,communiti,connect,creat,creator,day,develop,digit,everi,experiences—al,explor,friend,global,immers,independ,learn,million,peopl,play,roblox,ten}"
"Product and Sales Analyst, Specialist - Core Consumer",Mastercard,"",Australia,"&nbsp;...and services that help people, businesses and governments realize their greatest potential.  Title and Summary  Product and Sales <b>Analyst,</b> Specialist – Core Consumer 
 Overview 
 Specialist, Product and Sales Analyst – Core Consumer supports the execution, adoption,...&nbsp;",junior data analyst,decentrajobs.com,2026-05-29 02:16:31.753 +0700,full_time,Product and Sales Analyst,"...and services that help people, businesses and governments realize their greatest potential. Title and Summary Product and Sales Analyst, Specialist – Core Consumer Overview Specialist, Product and Sales Analyst – Core Consumer supports the execution, adoption,...",and services that help people businesses and governments realize their greatest potential title and summary product and sales analyst specialist core consumer overview specialist product and sales analyst core consumer supports the execution adoption,"'adopt':36 'analyst':19,29 'busi':6 'consum':23,32 'core':22,31 'execut':35 'govern':8 'greatest':11 'help':4 'overview':24 'peopl':5 'potenti':12 'product':16,26 'realiz':9 'sale':18,28 'servic':2 'specialist':20,25 'summari':15 'support':33 'titl':13 '–':21,30","{adopt,analyst,busi,consum,core,execut,govern,greatest,help,overview,peopl,potenti,product,realiz,sale,servic,specialist,summari,support,titl,–}"
Enterprise Operations Analyst II,Mastercard,"",Australia,"&nbsp;...services that help people, businesses and governments realize their greatest potential.  Title and Summary  Enterprise Operations <b>Analyst </b>II 
 Job Overview: Provide technical support for MasterCard’s operations environment. Analyze information to determine MasterCard...&nbsp;",junior data analyst,decentrajobs.com,2026-07-08 03:06:03.317 +0700,full_time,Enterprise Operations Analyst II,"...services that help people, businesses and governments realize their greatest potential. Title and Summary Enterprise Operations Analyst II Job Overview: Provide technical support for MasterCard’s operations environment. Analyze information to determine MasterCard...",services that help people businesses and governments realize their greatest potential title and summary enterprise operations analyst ii job overview provide technical support for mastercard s operations environment analyze information to determine mastercard,"'analyst':17 'analyz':28 'busi':5 'determin':31 'enterpris':15 'environ':27 'govern':7 'greatest':10 'help':3 'ii':18 'inform':29 'job':19 'mastercard':32 'mastercard’':25 'oper':16,26 'overview':20 'peopl':4 'potenti':11 'provid':21 'realiz':8 'servic':1 'summari':14 'support':23 'technic':22 'titl':12","{analyst,analyz,busi,determin,enterpris,environ,govern,greatest,help,ii,inform,job,mastercard,mastercard’,oper,overview,peopl,potenti,provid,realiz,servic,summari,support,technic,titl}"
Regional Technical Specialist,BYD,"",Australia," About BYD  BYD is a high-tech company devoted to technological innovations for a better life. BYD is dedicated to providing zero-emission energy solutions. 
 As a leading battery-electric zero-emission vehicle (ZEV) manufacturer, BYD has created a broad range of battery...",junior data analyst,ev.careers,2026-06-30 19:38:38.017 +0700,full_time,Regional Technical Specialist,"About BYD BYD is a high-tech company devoted to technological innovations for a better life. BYD is dedicated to providing zero-emission energy solutions. As a leading battery-electric zero-emission vehicle (ZEV) manufacturer, BYD has created a broad range of battery...",about byd byd is a high tech company devoted to technological innovations for a better life byd is dedicated to providing zero emission energy solutions as a leading battery electric zero emission vehicle zev manufacturer byd has created a broad range of battery,"'batteri':32,47 'battery-electr':31 'better':16 'broad':44 'byd':2,3,18,40 'compani':9 'creat':42 'dedic':20 'devot':10 'electr':33 'emiss':25,36 'energi':26 'high':7 'high-tech':6 'innov':13 'lead':30 'life':17 'manufactur':39 'provid':22 'rang':45 'solut':27 'tech':8 'technolog':12 'vehicl':37 'zero':24,35 'zero-emiss':23,34 'zev':38","{batteri,battery-electr,better,broad,byd,compani,creat,dedic,devot,electr,emiss,energi,high,high-tech,innov,lead,life,manufactur,provid,rang,solut,tech,technolog,vehicl,zero,zero-emiss,zev}"
"Technical Support Representative, In-Store",DoorDash Australia,"",Australia,"&nbsp;...first. 
 Use Internal Tools Effectively.  Learn and apply a variety of internal and external systems to log, track, and pull relevant <b>data,</b> supporting smooth and informed day-to-day operations. 
 We’re excited about you because…
 You’re a strong communicator, both in...&nbsp;",junior data analyst,swooped.co,2025-08-02 00:00:00.000 +0700,not_specified,Technical Support Representative,"...first. Use Internal Tools Effectively. Learn and apply a variety of internal and external systems to log, track, and pull relevant data, supporting smooth and informed day-to-day operations. We’re excited about you because… You’re a strong communicator, both in...",first use internal tools effectively learn and apply a variety of internal and external systems to log track and pull relevant data supporting smooth and informed day to day operations we re excited about you because you re a strong communicator both in,"'appli':8 'because…':36 'communic':40 'data':22 'day':28,30 'day-to-day':27 'effect':5 'excit':33 'extern':14 'first':1 'inform':26 'intern':3,12 'learn':6 'log':17 'oper':31 'pull':20 'relev':21 'smooth':24 'strong':39 'support':23 'system':15 'tool':4 'track':18 'use':2 'varieti':10 'we’r':32 'you’r':37","{appli,because…,communic,data,day,day-to-day,effect,excit,extern,first,inform,intern,learn,log,oper,pull,relev,smooth,strong,support,system,tool,track,use,varieti,we’r,you’r}"
Expert Software Engineer - Data Orchestration,Feedzai,"",Australia,"&nbsp;...development. Together with Product Management and <b>Data </b>Science, we build the next generation of...&nbsp;&nbsp;...the most talented teams out there, from <b>junior </b>to senior engineers. 
 We are fast-paced...&nbsp;&nbsp;..., solving UI/UX problems to help fraud <b>analysts </b>to fight fraud more efficiently. In...&nbsp;",junior data analyst,swooped.co,2025-09-27 00:00:00.000 +0700,not_specified,Expert Software Engineer - Data Orchestration,"...development. Together with Product Management and Data Science, we build the next generation of... ...the most talented teams out there, from junior to senior engineers. We are fast-paced... ..., solving UI/UX problems to help fraud analysts to fight fraud more efficiently. In...",development together with product management and data science we build the next generation of the most talented teams out there from junior to senior engineers we are fast paced solving ui ux problems to help fraud analysts to fight fraud more efficiently in,"'analyst':37 'build':10 'data':7 'develop':1 'effici':42 'engin':25 'fast':29 'fast-pac':28 'fight':39 'fraud':36,40 'generat':13 'help':35 'junior':22 'manag':5 'next':12 'pace':30 'problem':33 'product':4 'scienc':8 'senior':24 'solv':31 'talent':17 'team':18 'togeth':2 'ui/ux':32","{analyst,build,data,develop,effici,engin,fast,fast-pac,fight,fraud,generat,help,junior,manag,next,pace,problem,product,scienc,senior,solv,talent,team,togeth,ui/ux}"
Senior or Lead Analytics Engineer,Insight Timer,"",Australia,"&nbsp;...We’re looking for a Senior or Lead Analytics Engineer to help Insight Timer learn from its <b>data.</b> Insight Timer is the world’s largest meditation and wellness community, with over 30 million users. You’ll work closely with product, engineering and company leaders, turning...&nbsp;",junior data analyst,hireskys.com,2026-07-16 07:54:32.603 +0700,full_time,Senior or Lead Analytics Engineer,"...We’re looking for a Senior or Lead Analytics Engineer to help Insight Timer learn from its data. Insight Timer is the world’s largest meditation and wellness community, with over 30 million users. You’ll work closely with product, engineering and company leaders, turning...",we re looking for a senior or lead analytics engineer to help insight timer learn from its data insight timer is the world s largest meditation and wellness community with over million users you ll work closely with product engineering and company leaders turning,"'30':30 'analyt':8 'close':35 'communiti':27 'compani':40 'data':17 'engin':9,38 'help':11 'insight':12,18 'largest':23 'lead':7 'leader':41 'learn':14 'look':2 'medit':24 'million':31 'product':37 'senior':5 'timer':13,19 'turn':42 'user':32 'well':26 'we’r':1 'work':34 'world’':22 'you’ll':33","{30,analyt,close,communiti,compani,data,engin,help,insight,largest,lead,leader,learn,look,medit,million,product,senior,timer,turn,user,well,we’r,work,world’,you’ll}"
"Senior Analyst, Account Management",Mastercard,"",Australia,"&nbsp;...governments realize their greatest potential.  Title and Summary  Senior <b>Analyst,</b> Account Management 
 Overview 
 This role will drive sales...&nbsp;&nbsp;...skills and enjoy simplifying large amounts of complex <b>data </b>into C-Level presentations 
• Degree qualified in business studies...&nbsp;",junior data analyst,decentrajobs.com,2026-06-10 03:11:53.880 +0700,full_time,Senior Analyst,"...governments realize their greatest potential. Title and Summary Senior Analyst, Account Management Overview This role will drive sales... ...skills and enjoy simplifying large amounts of complex data into C-Level presentations • Degree qualified in business studies...",governments realize their greatest potential title and summary senior analyst account management overview this role will drive sales skills and enjoy simplifying large amounts of complex data into c level presentations degree qualified in business studies,'account':11 'amount':24 'analyst':10 'busi':37 'c':30 'c-level':29 'complex':26 'data':27 'degre':34 'drive':17 'enjoy':21 'govern':1 'greatest':4 'larg':23 'level':31 'manag':12 'overview':13 'potenti':5 'present':32 'qualifi':35 'realiz':2 'role':15 'sale':18 'senior':9 'simplifi':22 'skill':19 'studi':38 'summari':8 'titl':6 '•':33,"{account,amount,analyst,busi,c,c-level,complex,data,degre,drive,enjoy,govern,greatest,larg,level,manag,overview,potenti,present,qualifi,realiz,role,sale,senior,simplifi,skill,studi,summari,titl,•}"
SOC Analyst,Volexity,"",Australia,"&nbsp;...Volexity’s Security Operation Center (SOC) <b>Analysts </b>work to protect organizations from a wide variety of threats, ranging from commodity phishing and malware campaigns to highly targeted attacks involving zero-day exploits.  Candidates applying for this role should expect...&nbsp;",junior data analyst,hireskys.com,2026-07-25 02:49:37.647 +0700,full_time,SOC Analyst,"...Volexity’s Security Operation Center (SOC) Analysts work to protect organizations from a wide variety of threats, ranging from commodity phishing and malware campaigns to highly targeted attacks involving zero-day exploits. Candidates applying for this role should expect...",volexity s security operation center soc analysts work to protect organizations from a wide variety of threats ranging from commodity phishing and malware campaigns to highly targeted attacks involving zero day exploits candidates applying for this role should expect,'analyst':6 'appli':34 'attack':27 'campaign':23 'candid':33 'center':4 'commod':19 'day':31 'expect':39 'exploit':32 'high':25 'involv':28 'malwar':22 'oper':3 'organ':10 'phish':20 'protect':9 'rang':17 'role':37 'secur':2 'soc':5 'target':26 'threat':16 'varieti':14 'volexity’':1 'wide':13 'work':7 'zero':30 'zero-day':29,"{analyst,appli,attack,campaign,candid,center,commod,day,expect,exploit,high,involv,malwar,oper,organ,phish,protect,rang,role,secur,soc,target,threat,varieti,volexity’,wide,work,zero,zero-day}"
Warehouse Associate [FLO FLC],A.P. Moller - Maersk,"",Australia," Fulfillment & Logistics Operations Execution includes roles that manage and execute inventory, warehouse and fulfilment activities (planning and execution, distribution is covered by carrier management). Includes all kinds of warehouses like CFS, CY, inland depot / warehouses...",junior data analyst,swooped.co,2025-08-20 00:00:00.000 +0700,not_specified,Warehouse Associate [FLO FLC],"Fulfillment & Logistics Operations Execution includes roles that manage and execute inventory, warehouse and fulfilment activities (planning and execution, distribution is covered by carrier management). Includes all kinds of warehouses like CFS, CY, inland depot / warehouses...",fulfillment logistics operations execution includes roles that manage and execute inventory warehouse and fulfilment activities planning and execution distribution is covered by carrier management includes all kinds of warehouses like cfs cy inland depot warehouses,"'activ':15 'carrier':23 'cfs':31 'cover':21 'cy':32 'depot':34 'distribut':19 'execut':4,10,18 'fulfil':1,14 'includ':5,25 'inland':33 'inventori':11 'kind':27 'like':30 'logist':2 'manag':8,24 'oper':3 'plan':16 'role':6 'warehous':12,29,35","{activ,carrier,cfs,cover,cy,depot,distribut,execut,fulfil,includ,inland,inventori,kind,like,logist,manag,oper,plan,role,warehous}"
Sales Manager,BYD,"",Australia," Energy Storage and New Battery Division 
# Develop and implement sales strategies to expand the BESS business with utilities, industrial clients, and renewable energy developers. 
# Manage the full sales cycle, from prospecting and lead qualification to solution design...",analytics consultant,ev.careers,2026-07-20 19:38:37.427 +0700,full_time,Sales Manager,"Energy Storage and New Battery Division # Develop and implement sales strategies to expand the BESS business with utilities, industrial clients, and renewable energy developers. # Manage the full sales cycle, from prospecting and lead qualification to solution design...",energy storage and new battery division develop and implement sales strategies to expand the bess business with utilities industrial clients and renewable energy developers manage the full sales cycle from prospecting and lead qualification to solution design,"'batteri':5 'bess':15 'busi':16 'client':20 'cycl':29 'design':37 'develop':7,24 'divis':6 'energi':1,23 'expand':13 'full':27 'implement':9 'industri':19 'lead':33 'manag':25 'new':4 'prospect':31 'qualif':34 'renew':22 'sale':10,28 'solut':36 'storag':2 'strategi':11 'util':18","{batteri,bess,busi,client,cycl,design,develop,divis,energi,expand,full,implement,industri,lead,manag,new,prospect,qualif,renew,sale,solut,storag,strategi,util}"
Technical Customer Support Specialist,ElevenLabs,"",Australia,"&nbsp;...connections, and the advanced ElevenAgents orchestration platform. Shifting completely away from routine non-regulated administrative <b>data </b>transcription loops, retail clerk checkouts, or generic call center response scripts, you will run an active multi-tenant API log...&nbsp;",junior data analyst,hireskys.com,2026-07-07 07:54:30.737 +0700,part_time,Technical Customer Support Specialist,"...connections, and the advanced ElevenAgents orchestration platform. Shifting completely away from routine non-regulated administrative data transcription loops, retail clerk checkouts, or generic call center response scripts, you will run an active multi-tenant API log...",connections and the advanced elevenagents orchestration platform shifting completely away from routine non regulated administrative data transcription loops retail clerk checkouts or generic call center response scripts you will run an active multi tenant api log,'activ':33 'administr':16 'advanc':4 'api':37 'away':10 'call':25 'center':26 'checkout':22 'clerk':21 'complet':9 'connect':1 'data':17 'elevenag':5 'generic':24 'log':38 'loop':19 'multi':35 'multi-ten':34 'non':14 'non-regul':13 'orchestr':6 'platform':7 'regul':15 'respons':27 'retail':20 'routin':12 'run':31 'script':28 'shift':8 'tenant':36 'transcript':18,"{activ,administr,advanc,api,away,call,center,checkout,clerk,complet,connect,data,elevenag,generic,log,loop,multi,multi-ten,non,non-regul,orchestr,platform,regul,respons,retail,routin,run,script,shift,tenant,transcript}"
"Talent Attraction, Events & Industry Pathways Specialist",Tesla,"",Australia," What To Expect 
 We are seeking an proactive, confident and engaging Industry Relations & Events Specialist to join our Aftersales team, with a focus on promoting Tesla's Aftersales employer brand, coordinating industry partnerships, and delivering engaging events that...",junior data analyst,ev.careers,2026-07-23 03:48:55.110 +0700,full_time,"Talent Attraction, Events & Industry Pathways Specialist","What To Expect We are seeking an proactive, confident and engaging Industry Relations & Events Specialist to join our Aftersales team, with a focus on promoting Tesla's Aftersales employer brand, coordinating industry partnerships, and delivering engaging events that...",what to expect we are seeking an proactive confident and engaging industry relations events specialist to join our aftersales team with a focus on promoting tesla s aftersales employer brand coordinating industry partnerships and delivering engaging events that,"'aftersal':19,28 'brand':30 'confid':9 'coordin':31 'deliv':35 'employ':29 'engag':11,36 'event':14,37 'expect':3 'focus':23 'industri':12,32 'join':17 'partnership':33 'proactiv':8 'promot':25 'relat':13 'seek':6 'specialist':15 'team':20 'tesla':26","{aftersal,brand,confid,coordin,deliv,employ,engag,event,expect,focus,industri,join,partnership,proactiv,promot,relat,seek,specialist,team,tesla}"
"Sr. Business Analyst, Advisors & Consulting Services (12 months fixed term)",Mastercard,"",Australia,"&nbsp;...realize their greatest potential.  Title and Summary  Sr. Business <b>Analyst,</b> Advisors & Consulting Services (12 months fixed term)
 Role...&nbsp;&nbsp;...and change initiatives. You will work across strategy, process, <b>data,</b> and technology to translate business needs into clear requirements...&nbsp;",junior data analyst,decentrajobs.com,2026-07-23 09:24:54.283 +0700,full_time,Sr. Business Analyst,"...realize their greatest potential. Title and Summary Sr. Business Analyst, Advisors & Consulting Services (12 months fixed term) Role... ...and change initiatives. You will work across strategy, process, data, and technology to translate business needs into clear requirements...",realize their greatest potential title and summary sr business analyst advisors consulting services months fixed term role and change initiatives you will work across strategy process data and technology to translate business needs into clear requirements,"'12':14 'across':25 'advisor':11 'analyst':10 'busi':9,33 'chang':20 'clear':36 'consult':12 'data':28 'fix':16 'greatest':3 'initi':21 'month':15 'need':34 'potenti':4 'process':27 'realiz':1 'requir':37 'role':18 'servic':13 'sr':8 'strategi':26 'summari':7 'technolog':30 'term':17 'titl':5 'translat':32 'work':24","{12,across,advisor,analyst,busi,chang,clear,consult,data,fix,greatest,initi,month,need,potenti,process,realiz,requir,role,servic,sr,strategi,summari,technolog,term,titl,translat,work}"
Staff Data Scientist,Tilt,"",Australia,"&nbsp;...The Opportunity: Staff <b>Data </b>Scientist  We’re hiring for a  Staff Data Scientist  to help expand Tilt’s credit modeling and risk analytics capability for our Philippines-based business, Cashalo. 
 This is a high impact role with a direct mandate to  build and refine underwriting...&nbsp;",junior data analyst,hireskys.com,2026-07-17 03:33:25.740 +0700,full_time,Staff Data Scientist,"...The Opportunity: Staff Data Scientist We’re hiring for a Staff Data Scientist to help expand Tilt’s credit modeling and risk analytics capability for our Philippines-based business, Cashalo. This is a high impact role with a direct mandate to build and refine underwriting...",the opportunity staff data scientist we re hiring for a staff data scientist to help expand tilt s credit modeling and risk analytics capability for our philippines based business cashalo this is a high impact role with a direct mandate to build and refine underwriting,"'analyt':21 'base':27 'build':41 'busi':28 'capabl':22 'cashalo':29 'credit':17 'data':4,11 'direct':38 'expand':15 'help':14 'high':33 'hire':7 'impact':34 'mandat':39 'model':18 'opportun':2 'philippin':26 'philippines-bas':25 'refin':43 'risk':20 'role':35 'scientist':5,12 'staff':3,10 'tilt’':16 'underwrit':44 'we’r':6","{analyt,base,build,busi,capabl,cashalo,credit,data,direct,expand,help,high,hire,impact,mandat,model,opportun,philippin,philippines-bas,refin,risk,role,scientist,staff,tilt’,underwrit,we’r}"
Influencer Specialist,White Fox Boutique,"",Australia," White Fox is a globally recognised fashion brand loved by babes and celebs worldwide. 
 Established in 2013 and based in Sydney, Australia, White Fox has quickly become the go-to online fashion destination and is continuing to take over wardrobes everywhere. 
 An exciting...",junior data analyst,swooped.co,2025-08-12 00:00:00.000 +0700,not_specified,Influencer Specialist,"White Fox is a globally recognised fashion brand loved by babes and celebs worldwide. Established in 2013 and based in Sydney, Australia, White Fox has quickly become the go-to online fashion destination and is continuing to take over wardrobes everywhere. An exciting...",white fox is a globally recognised fashion brand loved by babes and celebs worldwide established in and based in sydney australia white fox has quickly become the go to online fashion destination and is continuing to take over wardrobes everywhere an exciting,"'2013':17 'australia':22 'babe':11 'base':19 'becom':27 'brand':8 'celeb':13 'continu':37 'destin':34 'establish':15 'everywher':42 'excit':44 'fashion':7,33 'fox':2,24 'global':5 'go':30 'go-to':29 'love':9 'onlin':32 'quick':26 'recognis':6 'sydney':21 'take':39 'wardrob':41 'white':1,23 'worldwid':14","{2013,australia,babe,base,becom,brand,celeb,continu,destin,establish,everywher,excit,fashion,fox,global,go,go-to,love,onlin,quick,recognis,sydney,take,wardrob,white,worldwid}"
"Senior Specialist, Technical Product Enablement and Sales",Mastercard,"",Australia," Our Purpose  Mastercard powers economies and empowers people in 200+ countries and territories worldwide. Together with our customers, we’re helping build a sustainable economy where everyone can prosper. We support a wide range of digital payments choices, making transactions...",junior data analyst,decentrajobs.com,2026-07-07 03:05:09.240 +0700,full_time,Senior Specialist,"Our Purpose Mastercard powers economies and empowers people in 200+ countries and territories worldwide. Together with our customers, we’re helping build a sustainable economy where everyone can prosper. We support a wide range of digital payments choices, making transactions...",our purpose mastercard powers economies and empowers people in countries and territories worldwide together with our customers we re helping build a sustainable economy where everyone can prosper we support a wide range of digital payments choices making transactions,'200':10 'a sustainable economi':22 'build':21 'choic':35 'countri':11 'custom':18 'digit':33 'economi':5 'empow':7 'everyon':24 'help':20 'make':36 'mastercard':3 'payment':34 'peopl':8 'power':4 'prosper':26 'purpos':2 'rang':31 'support':28 'territori':13 'togeth':15 'transact':37 'we’r':19 'wide':30 'worldwid':14,"{200,a sustainable economi,build,choic,countri,custom,digit,economi,empow,everyon,help,make,mastercard,payment,peopl,power,prosper,purpos,rang,support,territori,togeth,transact,we’r,wide,worldwid}"
"Manager, Technical Product Enablement and Specialist Sales (Digital and Agentic)",Mastercard,"",Australia,"&nbsp;...inclusive, digital economy that benefits everyone, everywhere by making transactions safe, simple, smart, and accessible. Using secure <b>data </b>and networks, partnerships and passion, our innovations and solutions help individuals, financial institutions, governments, and...&nbsp;",junior data analyst,decentrajobs.com,2026-07-16 04:20:36.963 +0700,full_time,Manager,"...inclusive, digital economy that benefits everyone, everywhere by making transactions safe, simple, smart, and accessible. Using secure data and networks, partnerships and passion, our innovations and solutions help individuals, financial institutions, governments, and...",inclusive digital economy that benefits everyone everywhere by making transactions safe simple smart and accessible using secure data and networks partnerships and passion our innovations and solutions help individuals financial institutions governments and,'access':15 'benefit':5 'data':18 'digit':2 'economi':3 'everyon':6 'everywher':7 'financi':30 'govern':32 'help':28 'inclus':1 'individu':29 'innov':25 'institut':31 'make':9 'network':20 'partnership':21 'passion':23 'safe':11 'secur':17 'simpl':12 'smart':13 'solut':27 'transact':10 'use':16,"{access,benefit,data,digit,economi,everyon,everywher,financi,govern,help,inclus,individu,innov,institut,make,network,partnership,passion,safe,secur,simpl,smart,solut,transact,use}"
Developer Engagement Representative,Roblox,"",Australia,"&nbsp;...Roblox creator community across the ANZ region. Shifting entirely away from basic customer support desks, isolated text moderating, or <b>data </b>entry logs, you will direct a lively regional studio sourcing, technical workshop, and local pipeline laboratory—partnering cross-...&nbsp;",junior data analyst,hireskys.com,2026-07-08 02:57:20.543 +0700,part_time,Developer Engagement Representative,"...Roblox creator community across the ANZ region. Shifting entirely away from basic customer support desks, isolated text moderating, or data entry logs, you will direct a lively regional studio sourcing, technical workshop, and local pipeline laboratory—partnering cross-...",roblox creator community across the anz region shifting entirely away from basic customer support desks isolated text moderating or data entry logs you will direct a lively regional studio sourcing technical workshop and local pipeline laboratory partnering cross,"'across':4 'anz':6 'away':10 'basic':12 'communiti':3 'creator':2 'cross':37 'custom':13 'data':20 'desk':15 'direct':25 'entir':9 'entri':21 'isol':16 'laboratory—partn':36 'live':27 'local':34 'log':22 'moder':18 'pipelin':35 'region':7,28 'roblox':1 'shift':8 'sourc':30 'studio':29 'support':14 'technic':31 'text':17 'workshop':32","{across,anz,away,basic,communiti,creator,cross,custom,data,desk,direct,entir,entri,isol,laboratory—partn,live,local,log,moder,pipelin,region,roblox,shift,sourc,studio,support,technic,text,workshop}"
"Senior Analyst, Business Development (Identity & Security Specialist Sales)",Mastercard,"",Australia,"&nbsp;...governments realize their greatest potential.  Title and Summary  Senior <b>Analyst,</b> Business Development (Identity & Security Specialist Sales)...&nbsp;&nbsp;...transactions safe, simple, smart, and accessible. Using secure <b>data </b>and networks, partnerships and passion, our innovations and...&nbsp;",junior data analyst,decentrajobs.com,2026-06-05 03:50:40.853 +0700,full_time,Senior Analyst,"...governments realize their greatest potential. Title and Summary Senior Analyst, Business Development (Identity & Security Specialist Sales)... ...transactions safe, simple, smart, and accessible. Using secure data and networks, partnerships and passion, our innovations and...",governments realize their greatest potential title and summary senior analyst business development identity security specialist sales transactions safe simple smart and accessible using secure data and networks partnerships and passion our innovations and,"'access':22 'analyst':10 'busi':11 'data':25 'develop':12 'govern':1 'greatest':4 'ident':13 'innov':32 'network':27 'partnership':28 'passion':30 'potenti':5 'realiz':2 'safe':18 'sale':16 'secur':14,24 'senior':9 'simpl':19 'smart':20 'specialist':15 'summari':8 'titl':6 'transact':17 'use':23","{access,analyst,busi,data,develop,govern,greatest,ident,innov,network,partnership,passion,potenti,realiz,safe,sale,secur,senior,simpl,smart,specialist,summari,titl,transact,use}"
Customer Success Manager,Triple Whale,"",Australia,"&nbsp;...system custom-built for the global e-commerce ecosystem. We centralize every operational signal, marketplace metric, and performance <b>data </b>point into the industry’s most trusted attribution and measurement foundation. Powered by Moby 2—our flagship, highly actionable AI...&nbsp;",junior data analyst,hireskys.com,2026-07-08 02:57:04.670 +0700,full_time,Customer Success Manager,"...system custom-built for the global e-commerce ecosystem. We centralize every operational signal, marketplace metric, and performance data point into the industry’s most trusted attribution and measurement foundation. Powered by Moby 2—our flagship, highly actionable AI...",system custom built for the global e commerce ecosystem we centralize every operational signal marketplace metric and performance data point into the industry s most trusted attribution and measurement foundation powered by moby our flagship highly actionable ai,'2—our':35 'action':38 'ai':39 'attribut':28 'built':4 'central':13 'commerc':10 'custom':3 'custom-built':2 'data':21 'e':9 'e-commerc':8 'ecosystem':11 'everi':14 'flagship':36 'foundat':31 'global':7 'high':37 'industry’':25 'marketplac':17 'measur':30 'metric':18 'mobi':34 'oper':15 'perform':20 'point':22 'power':32 'signal':16 'system':1 'trust':27,"{2—our,action,ai,attribut,built,central,commerc,custom,custom-built,data,e,e-commerc,ecosystem,everi,flagship,foundat,global,high,industry’,marketplac,measur,metric,mobi,oper,perform,point,power,signal,system,trust}"
Freelance Website Copywriter / Content Strategist,N4 Studio,"",Australia,"&nbsp;...Moving entirely away from routine non-regulated administrative <b>data </b>transcription loops, entry-level helpdesk ticketing, or basic content...&nbsp;&nbsp;..., a short background note positioning your experience tier from <b>junior </b>to senior, and a direct link to your active portfolio layout....&nbsp;",junior data analyst,hireskys.com,2026-07-08 02:57:30.943 +0700,full_time,Freelance Website Copywriter / Content Strategist,"...Moving entirely away from routine non-regulated administrative data transcription loops, entry-level helpdesk ticketing, or basic content... ..., a short background note positioning your experience tier from junior to senior, and a direct link to your active portfolio layout....",moving entirely away from routine non regulated administrative data transcription loops entry level helpdesk ticketing or basic content a short background note positioning your experience tier from junior to senior and a direct link to your active portfolio layout,'activ':39 'administr':9 'away':3 'background':23 'basic':19 'content':20 'data':10 'direct':35 'entir':2 'entri':14 'entry-level':13 'experi':27 'helpdesk':16 'junior':30 'layout':41 'level':15 'link':36 'loop':12 'move':1 'non':7 'non-regul':6 'note':24 'portfolio':40 'posit':25 'regul':8 'routin':5 'senior':32 'short':22 'ticket':17 'tier':28 'transcript':11,"{activ,administr,away,background,basic,content,data,direct,entir,entri,entry-level,experi,helpdesk,junior,layout,level,link,loop,move,non,non-regul,note,portfolio,posit,regul,routin,senior,short,ticket,tier,transcript}"
Google Ads / PPC Strategist (eCommerce/DTC),Right Hook Digital,$90k,Australia,"&nbsp;...across sectors like fashion, health & fitness, beauty, and more. We combine cutting-edge multi-channel buyer strategy, high-leverage <b>data </b>analytics, and rigorous performance execution to transition ambitious business footprints into industry leaders. Our team is...&nbsp;",junior data analyst,hireskys.com,2026-07-08 02:57:10.320 +0700,full_time,Google Ads / PPC Strategist (eCommerce/DTC),"...across sectors like fashion, health & fitness, beauty, and more. We combine cutting-edge multi-channel buyer strategy, high-leverage data analytics, and rigorous performance execution to transition ambitious business footprints into industry leaders. Our team is...",across sectors like fashion health fitness beauty and more we combine cutting edge multi channel buyer strategy high leverage data analytics and rigorous performance execution to transition ambitious business footprints into industry leaders our team is,'across':1 'ambiti':31 'analyt':24 'beauti':7 'busi':32 'buyer':18 'channel':17 'combin':11 'cut':13 'cutting-edg':12 'data':23 'edg':14 'execut':28 'fashion':4 'fit':6 'footprint':33 'health':5 'high':21 'high-leverag':20 'industri':35 'leader':36 'leverag':22 'like':3 'multi':16 'multi-channel':15 'perform':27 'rigor':26 'sector':2 'strategi':19 'team':38 'transit':30,"{across,ambiti,analyt,beauti,busi,buyer,channel,combin,cut,cutting-edg,data,edg,execut,fashion,fit,footprint,health,high,high-leverag,industri,leader,leverag,like,multi,multi-channel,perform,rigor,sector,strategi,team,transit}"
Outbound Sales Development Representative,Remote,$61k - $72k,Australia," About Remote  Remote is solving modern organizations’ biggest challenge – navigating global employment compliantly with ease. We make it possible for businesses of all sizes to recruit, pay, and manage international teams. With our core values at heart and future focused...",junior data analyst,hireskys.com,2026-07-20 03:01:25.983 +0700,full_time,Outbound Sales Development Representative,"About Remote Remote is solving modern organizations’ biggest challenge – navigating global employment compliantly with ease. We make it possible for businesses of all sizes to recruit, pay, and manage international teams. With our core values at heart and future focused...",about remote remote is solving modern organizations biggest challenge navigating global employment compliantly with ease we make it possible for businesses of all sizes to recruit pay and manage international teams with our core values at heart and future focused,"'biggest':8 'busi':22 'challeng':9 'compliant':14 'core':35 'eas':16 'employ':13 'focus':41 'futur':40 'global':12 'heart':38 'intern':31 'make':18 'manag':30 'modern':6 'navig':11 'organizations’':7 'pay':28 'possibl':20 'recruit':27 'remot':2,3 'size':25 'solv':5 'team':32 'valu':36 '–':10","{biggest,busi,challeng,compliant,core,eas,employ,focus,futur,global,heart,intern,make,manag,modern,navig,organizations’,pay,possibl,recruit,remot,size,solv,team,valu,–}"
QA Engineer,Keypath Education,"",Australia,"&nbsp;...release cycles. Shifting completely away from routine non-regulated <b>data </b>transcription loops, entry-level website text updates, or...&nbsp;&nbsp;...operating as a Quality Assurance Engineer, Automated Tester, SDET, Test <b>Analyst,</b> or closely matching tech-enabled quality verification capacity....&nbsp;",junior data analyst,hireskys.com,2026-07-07 07:54:24.497 +0700,full_time,QA Engineer,"...release cycles. Shifting completely away from routine non-regulated data transcription loops, entry-level website text updates, or... ...operating as a Quality Assurance Engineer, Automated Tester, SDET, Test Analyst, or closely matching tech-enabled quality verification capacity....",release cycles shifting completely away from routine non regulated data transcription loops entry level website text updates or operating as a quality assurance engineer automated tester sdet test analyst or closely matching tech enabled quality verification capacity,"'analyst':31 'assur':25 'autom':27 'away':5 'capac':40 'close':33 'complet':4 'cycl':2 'data':11 'enabl':37 'engin':26 'entri':15 'entry-level':14 'level':16 'loop':13 'match':34 'non':9 'non-regul':8 'oper':21 'qualiti':24,38 'regul':10 'releas':1 'routin':7 'sdet':29 'shift':3 'tech':36 'tech-en':35 'test':30 'tester':28 'text':18 'transcript':12 'updat':19 'verif':39 'websit':17","{analyst,assur,autom,away,capac,close,complet,cycl,data,enabl,engin,entri,entry-level,level,loop,match,non,non-regul,oper,qualiti,regul,releas,routin,sdet,shift,tech,tech-en,test,tester,text,transcript,updat,verif,websit}"
"Manager, Contracts Management",Remote,"",Australia,"&nbsp;...fluent English 
 It's not required to have experience working remotely, but considered a plus 
 Safely manage and maintain employee <b>data </b>and confidential information, adhering to established protocols, and ensuring utmost professionalism and discretion in handling and...&nbsp;",junior data analyst,hireskys.com,2026-07-24 13:54:28.233 +0700,full_time,Manager,"...fluent English It's not required to have experience working remotely, but considered a plus Safely manage and maintain employee data and confidential information, adhering to established protocols, and ensuring utmost professionalism and discretion in handling and...",fluent english it s not required to have experience working remotely but considered a plus safely manage and maintain employee data and confidential information adhering to established protocols and ensuring utmost professionalism and discretion in handling and,'adher':25 'confidenti':23 'consid':13 'data':21 'discret':34 'employe':20 'english':2 'ensur':30 'establish':27 'experi':9 'fluent':1 'handl':36 'inform':24 'maintain':19 'manag':17 'plus':15 'profession':32 'protocol':28 'remot':11 'requir':6 'safe':16 'utmost':31 'work':10,"{adher,confidenti,consid,data,discret,employe,english,ensur,establish,experi,fluent,handl,inform,maintain,manag,plus,profession,protocol,remot,requir,safe,utmost,work}"
ESG Junior Data Analyst (Mandarin Speaker),ISS | Institutional Shareholder Services,"",Australia,"&nbsp;...acquire specific knowledge about the dominant issues for several industries. 
 Attend to internal/client queries and requests to ensure <b>data </b>captured is aligned with data methodology and policy guidelines 
 Comply with established work process standards to ensure quality...&nbsp;",graduate data analyst,swooped.co,2026-02-27 00:00:00.000 +0700,not_specified,ESG Junior Data Analyst (Mandarin Speaker),...acquire specific knowledge about the dominant issues for several industries. Attend to internal/client queries and requests to ensure data captured is aligned with data methodology and policy guidelines Comply with established work process standards to ensure quality...,acquire specific knowledge about the dominant issues for several industries attend to internal client queries and requests to ensure data captured is aligned with data methodology and policy guidelines comply with established work process standards to ensure quality,"'acquir':1 'align':22 'attend':11 'captur':20 'compli':29 'data':19,24 'domin':6 'ensur':18,36 'establish':31 'guidelin':28 'industri':10 'internal/client':13 'issu':7 'knowledg':3 'methodolog':25 'polici':27 'process':33 'qualiti':37 'queri':14 'request':16 'sever':9 'specif':2 'standard':34 'work':32","{acquir,align,attend,captur,compli,data,domin,ensur,establish,guidelin,industri,internal/client,issu,knowledg,methodolog,polici,process,qualiti,queri,request,sever,specif,standard,work}"
Developer Engagement Representative,Roblox,"",Australia,"&nbsp;...from basic customer support desks, isolated text moderating, or <b>data </b>entry logs, you will direct a lively regional studio sourcing,...&nbsp;&nbsp;...coordination. 
 Early-career professionals or fresh university <b>graduates </b>seeking to launch a trajectory inside international developer...&nbsp;",graduate data analyst,hireskys.com,2026-07-08 02:57:20.543 +0700,part_time,Developer Engagement Representative,"...from basic customer support desks, isolated text moderating, or data entry logs, you will direct a lively regional studio sourcing,... ...coordination. Early-career professionals or fresh university graduates seeking to launch a trajectory inside international developer...",from basic customer support desks isolated text moderating or data entry logs you will direct a lively regional studio sourcing coordination early career professionals or fresh university graduates seeking to launch a trajectory inside international developer,'basic':2 'career':24 'coordin':21 'custom':3 'data':10 'desk':5 'develop':37 'direct':15 'earli':23 'early-car':22 'entri':11 'fresh':27 'graduat':29 'insid':35 'intern':36 'isol':6 'launch':32 'live':17 'log':12 'moder':8 'profession':25 'region':18 'seek':30 'sourc':20 'studio':19 'support':4 'text':7 'trajectori':34 'univers':28,"{basic,career,coordin,custom,data,desk,develop,direct,earli,early-car,entri,fresh,graduat,insid,intern,isol,launch,live,log,moder,profession,region,seek,sourc,studio,support,text,trajectori,univers}"
Associate Distribution Officer,Stryker,"",Australia,"&nbsp;...Experience 
 A   high enthusiasm individual with a strong willingness to learn — you can have experience in any kind of background (<b>graduates,</b> retail, hospitality, sports, military or logistics). 
 A   team player who enjoys working with others to   achieve shared goals...&nbsp;",graduate data analyst,swooped.co,2025-08-13 00:00:00.000 +0700,not_specified,Associate Distribution Officer,"...Experience A  high enthusiasm individual with a strong willingness to learn — you can have experience in any kind of background ( graduates, retail, hospitality, sports, military or logistics). A  team player who enjoys working with others to  achieve shared goals...",experience a high enthusiasm individual with a strong willingness to learn you can have experience in any kind of background graduates retail hospitality sports military or logistics a team player who enjoys working with others to achieve shared goals,"'achiev':38 'a ':2,29 'background':21 'enjoy':33 'enthusiasm':4 'experi':1,16 'goal':40 'graduat':22 'high':3 'hospit':24 'individu':5 'kind':19 'learn':11 'logist':28 'militari':26 'other':36 'player':31 'retail':23 'share':39 'sport':25 'strong':8 'team':30 'to ':37 'willing':9 'work':34 '—':12","{achiev,a ,background,enjoy,enthusiasm,experi,goal,graduat,high,hospit,individu,kind,learn,logist,militari,other,player,retail,share,sport,strong,team,to ,willing,work,—}"
Occupational Therapist,Cerebral Palsy Alliance,$130k,Australia,"&nbsp;...clinical experience and opinion will be truly appreciated, and action will be taken.  
 The opportunity to mentor and supervise new <b>graduates </b>and students, if you wish.  
 The possibility of collaborating with research institutes and influencing evidence-based practices....&nbsp;",graduate data analyst,swooped.co,2025-08-13 00:00:00.000 +0700,not_specified,Occupational Therapist,"...clinical experience and opinion will be truly appreciated, and action will be taken.   The opportunity to mentor and supervise new graduates and students, if you wish.   The possibility of collaborating with research institutes and influencing evidence-based practices....",clinical experience and opinion will be truly appreciated and action will be taken the opportunity to mentor and supervise new graduates and students if you wish the possibility of collaborating with research institutes and influencing evidence based practices,"'action':10 'appreci':8 'base':40 'clinic':1 'collabor':32 'evid':39 'evidence-bas':38 'experi':2 'graduat':22 'influenc':37 'institut':35 'mentor':18 'new':21 'opinion':4 'opportun':16 'possibl':30 'practic':41 'research':34 'student':24 'supervis':20 'taken':13 'truli':7 'wish':27 '  ':14,28","{action,appreci,base,clinic,collabor,evid,evidence-bas,experi,graduat,influenc,institut,mentor,new,opinion,opportun,possibl,practic,research,student,supervis,taken,truli,wish,  }"
Engineering Delivery Lead,Leidos,"",Australia,"&nbsp;...management within the Defence environment. 
 Support the development of <b>graduate </b>engineers to ensure capability growth and team continuity....&nbsp;&nbsp;..., and abilities, as well as internal equity, alignment with market <b>data,</b> applicable bargaining agreement (if any), or other law....&nbsp;",graduate data analyst,swooped.co,2025-09-16 00:00:00.000 +0700,not_specified,Engineering Delivery Lead,"...management within the Defence environment. Support the development of graduate engineers to ensure capability growth and team continuity.... ..., and abilities, as well as internal equity, alignment with market data, applicable bargaining agreement (if any), or other law....",management within the defence environment support the development of graduate engineers to ensure capability growth and team continuity and abilities as well as internal equity alignment with market data applicable bargaining agreement if any or other law,'abil':20 'agreement':32 'align':26 'applic':30 'bargain':31 'capabl':14 'continu':18 'data':29 'defenc':4 'develop':8 'engin':11 'ensur':13 'environ':5 'equiti':25 'graduat':10 'growth':15 'intern':24 'law':37 'manag':1 'market':28 'support':6 'team':17 'well':22 'within':2,"{abil,agreement,align,applic,bargain,capabl,continu,data,defenc,develop,engin,ensur,environ,equiti,graduat,growth,intern,law,manag,market,support,team,well,within}"
"Product and Sales Analyst, Specialist - Core Consumer",Mastercard,"",Australia,"&nbsp;...and services that help people, businesses and governments realize their greatest potential.  Title and Summary  Product and Sales <b>Analyst,</b> Specialist – Core Consumer 
 Overview 
 Specialist, Product and Sales Analyst – Core Consumer supports the execution, adoption,...&nbsp;",graduate data analyst,decentrajobs.com,2026-05-29 02:16:31.753 +0700,full_time,Product and Sales Analyst,"...and services that help people, businesses and governments realize their greatest potential. Title and Summary Product and Sales Analyst, Specialist – Core Consumer Overview Specialist, Product and Sales Analyst – Core Consumer supports the execution, adoption,...",and services that help people businesses and governments realize their greatest potential title and summary product and sales analyst specialist core consumer overview specialist product and sales analyst core consumer supports the execution adoption,"'adopt':36 'analyst':19,29 'busi':6 'consum':23,32 'core':22,31 'execut':35 'govern':8 'greatest':11 'help':4 'overview':24 'peopl':5 'potenti':12 'product':16,26 'realiz':9 'sale':18,28 'servic':2 'specialist':20,25 'summari':15 'support':33 'titl':13 '–':21,30","{adopt,analyst,busi,consum,core,execut,govern,greatest,help,overview,peopl,potenti,product,realiz,sale,servic,specialist,summari,support,titl,–}"
State Sales Manager,XPENG,"",Australia," ABOUT XPENG  XPENG is entering an exciting stage of growth in Australia, and we are seeking an experienced State Manager – Western Australia to lead our WA market operations. 
 This is a key leadership role responsible for driving sales performance, supporting dealer ...",analytics consultant,ev.careers,2026-07-22 19:38:38.283 +0700,full_time,State Sales Manager,"ABOUT XPENG XPENG is entering an exciting stage of growth in Australia, and we are seeking an experienced State Manager – Western Australia to lead our WA market operations. This is a key leadership role responsible for driving sales performance, supporting dealer ...",about xpeng xpeng is entering an exciting stage of growth in australia and we are seeking an experienced state manager western australia to lead our wa market operations this is a key leadership role responsible for driving sales performance supporting dealer,"'australia':12,23 'dealer':42 'drive':38 'enter':5 'excit':7 'experienc':18 'growth':10 'key':33 'lead':25 'leadership':34 'manag':20 'market':28 'oper':29 'perform':40 'respons':36 'role':35 'sale':39 'seek':16 'stage':8 'state':19 'support':41 'wa':27 'western':22 'xpeng':2,3 '–':21","{australia,dealer,drive,enter,excit,experienc,growth,key,lead,leadership,manag,market,oper,perform,respons,role,sale,seek,stage,state,support,wa,western,xpeng,–}"
Senior Database Administrator - Core Infrastructure,Kraken,"",Australia,"&nbsp;...applicants are permitted to redact or remove information on their resume that identifies age, date of birth, or dates of attendance at or <b>graduation </b>from an educational institution.  We consider qualified applicants with criminal histories for employment on our team, assessing...&nbsp;",graduate data analyst,decentrajobs.com,2026-06-13 03:21:13.750 +0700,full_time,Senior Database Administrator - Core Infrastructure,"...applicants are permitted to redact or remove information on their resume that identifies age, date of birth, or dates of attendance at or graduation from an educational institution. We consider qualified applicants with criminal histories for employment on our team, assessing...",applicants are permitted to redact or remove information on their resume that identifies age date of birth or dates of attendance at or graduation from an educational institution we consider qualified applicants with criminal histories for employment on our team assessing,"'age':14 'applic':1,32 'assess':41 'attend':21 'birth':17 'consid':30 'crimin':34 'date':15,19 'educ':27 'employ':37 'graduat':24 'histori':35 'identifi':13 'inform':8 'institut':28 'permit':3 'qualifi':31 'redact':5 'remov':7 'resum':11 'team':40","{age,applic,assess,attend,birth,consid,crimin,date,educ,employ,graduat,histori,identifi,inform,institut,permit,qualifi,redact,remov,resum,team}"
"Sr. Business Analyst, Advisors & Consulting Services (12 months fixed term)",Mastercard,"",Australia,"&nbsp;...networks combine to deliver a unique set of products and services that help people, <b>businesses </b>and governments realize their greatest potential.  Title and Summary  Sr. Business <b>Analyst,</b> Advisors & Consulting Services (12 months fixed term)
 Role Context 
 This is a hands...&nbsp;",business analyst,decentrajobs.com,2026-07-23 09:24:54.283 +0700,full_time,Sr. Business Analyst,"...networks combine to deliver a unique set of products and services that help people, businesses and governments realize their greatest potential. Title and Summary Sr. Business Analyst, Advisors & Consulting Services (12 months fixed term) Role Context This is a hands...",networks combine to deliver a unique set of products and services that help people businesses and governments realize their greatest potential title and summary sr business analyst advisors consulting services months fixed term role context this is a hands,"'12':31 'advisor':28 'analyst':27 'busi':15,26 'combin':2 'consult':29 'context':36 'deliv':4 'fix':33 'govern':17 'greatest':20 'hand':40 'help':13 'month':32 'network':1 'peopl':14 'potenti':21 'product':9 'realiz':18 'role':35 'servic':11,30 'set':7 'sr':25 'summari':24 'term':34 'titl':22 'uniqu':6","{12,advisor,analyst,busi,combin,consult,context,deliv,fix,govern,greatest,hand,help,month,network,peopl,potenti,product,realiz,role,servic,set,sr,summari,term,titl,uniqu}"
"Senior Manager/ Manager, Business Development (Institutional/ VIP Sales) - APAC & EMEA",Crypto Com,$100k - $150k,Australia,"&nbsp;...senior leadership to execute growth strategies while maintaining a high level of autonomy over your personal sales targets and book of <b>business.</b> 
 Job Responsibilities: 
 Pipeline Execution:  Proactively source, pitch, and onboard institutional prospects — specifically...&nbsp;",business analyst,decentrajobs.com,2026-06-17 03:29:16.973 +0700,full_time,Senior Manager/ Manager,"...senior leadership to execute growth strategies while maintaining a high level of autonomy over your personal sales targets and book of business. Job Responsibilities: Pipeline Execution: Proactively source, pitch, and onboard institutional prospects — specifically...",senior leadership to execute growth strategies while maintaining a high level of autonomy over your personal sales targets and book of business job responsibilities pipeline execution proactively source pitch and onboard institutional prospects specifically,"'autonomi':13 'book':20 'busi':22 'execut':4,26 'growth':5 'high':10 'institut':32 'job':23 'leadership':2 'level':11 'maintain':8 'onboard':31 'person':16 'pipelin':25 'pitch':29 'proactiv':27 'prospect':33 'respons':24 'sale':17 'senior':1 'sourc':28 'specif':35 'strategi':6 'target':18 '—':34","{autonomi,book,busi,execut,growth,high,institut,job,leadership,level,maintain,onboard,person,pipelin,pitch,proactiv,prospect,respons,sale,senior,sourc,specif,strategi,target,—}"
Senior Business Development Manager,_nology,"",Australia,"&nbsp;...About _nology 
 At _nology, we are on a mission to bring more diverse talent into the technology sector, and empower <b>businesses </b>to create innovative and sustainable talent strategies for the future. 
 We believe in the potential of every individual and are dedicated...&nbsp;",business analyst,swooped.co,2025-08-12 00:00:00.000 +0700,not_specified,Senior Business Development Manager,"...About _nology At _nology, we are on a mission to bring more diverse talent into the technology sector, and empower businesses to create innovative and sustainable talent strategies for the future. We believe in the potential of every individual and are dedicated...",about nology at nology we are on a mission to bring more diverse talent into the technology sector and empower businesses to create innovative and sustainable talent strategies for the future we believe in the potential of every individual and are dedicated,"'believ':33 'bring':11 'busi':21 'creat':23 'dedic':42 'divers':13 'empow':20 'everi':38 'futur':31 'individu':39 'innov':24 'mission':9 'nolog':2,4 'potenti':36 'sector':18 'strategi':28 'sustain':26 'talent':14,27 'technolog':17","{believ,bring,busi,creat,dedic,divers,empow,everi,futur,individu,innov,mission,nolog,potenti,sector,strategi,sustain,talent,technolog}"
"Business Development Manager - CDE Program (Consultants, Designer and Engineer)",Genetec,"",Australia,"&nbsp;...inspires us to continue reaching for excellence. As we expand our influence in the market, we are excited to announce an opening for a <b>Business </b>Development Manager focusing on our Consultant, Designer, and Engineer (CDE) Program. If you are looking to elevate your career in...&nbsp;",business analyst,swooped.co,2025-08-13 00:00:00.000 +0700,not_specified,Business Development Manager - CDE Program (Consultants,"...inspires us to continue reaching for excellence. As we expand our influence in the market, we are excited to announce an opening for a Business Development Manager focusing on our Consultant, Designer, and Engineer (CDE) Program. If you are looking to elevate your career in...",inspires us to continue reaching for excellence as we expand our influence in the market we are excited to announce an opening for a business development manager focusing on our consultant designer and engineer cde program if you are looking to elevate your career in,'announc':20 'busi':25 'career':44 'cde':35 'consult':31 'continu':4 'design':32 'develop':26 'elev':42 'engin':34 'excel':7 'excit':18 'expand':10 'focus':28 'influenc':12 'inspir':1 'look':40 'manag':27 'market':15 'open':22 'program':36 'reach':5 'us':2,"{announc,busi,career,cde,consult,continu,design,develop,elev,engin,excel,excit,expand,focus,influenc,inspir,look,manag,market,open,program,reach,us}"
"Senior Analyst, Business Development (Identity & Security Specialist Sales)",Mastercard,"",Australia,"&nbsp;...and networks combine to deliver a unique set of products and services that help people, <b>businesses </b>and governments realize their greatest potential.  Title and Summary  Senior <b>Analyst,</b> Business Development (Identity & Security Specialist Sales)
 Overview 
 Mastercard...&nbsp;",business analyst,decentrajobs.com,2026-06-05 03:50:40.853 +0700,full_time,Senior Analyst,"...and networks combine to deliver a unique set of products and services that help people, businesses and governments realize their greatest potential. Title and Summary Senior Analyst, Business Development (Identity & Security Specialist Sales) Overview Mastercard...",and networks combine to deliver a unique set of products and services that help people businesses and governments realize their greatest potential title and summary senior analyst business development identity security specialist sales overview mastercard,"'analyst':27 'busi':16,28 'combin':3 'deliv':5 'develop':29 'govern':18 'greatest':21 'help':14 'ident':30 'mastercard':35 'network':2 'overview':34 'peopl':15 'potenti':22 'product':10 'realiz':19 'sale':33 'secur':31 'senior':26 'servic':12 'set':8 'specialist':32 'summari':25 'titl':23 'uniqu':7","{analyst,busi,combin,deliv,develop,govern,greatest,help,ident,mastercard,network,overview,peopl,potenti,product,realiz,sale,secur,senior,servic,set,specialist,summari,titl,uniqu}"
"Vice President, Head of Corporate Solutions Business Development, ANZ",Mastercard,"",Australia,"&nbsp;...technology and innovation, partnerships and networks combine to deliver a unique set of products and services that help people, <b>businesses </b>and governments realize their greatest potential.  Title and Summary  Vice President, Head of Corporate Solutions Business Development...&nbsp;",business analyst,decentrajobs.com,2026-07-09 04:44:42.847 +0700,full_time,Vice President,"...technology and innovation, partnerships and networks combine to deliver a unique set of products and services that help people, businesses and governments realize their greatest potential. Title and Summary Vice President, Head of Corporate Solutions Business Development...",technology and innovation partnerships and networks combine to deliver a unique set of products and services that help people businesses and governments realize their greatest potential title and summary vice president head of corporate solutions business development,"'busi':20,36 'combin':7 'corpor':34 'deliv':9 'develop':37 'govern':22 'greatest':25 'head':32 'help':18 'innov':3 'network':6 'partnership':4 'peopl':19 'potenti':26 'presid':31 'product':14 'realiz':23 'servic':16 'set':12 'solut':35 'summari':29 'technolog':1 'titl':27 'uniqu':11 'vice':30","{busi,combin,corpor,deliv,develop,govern,greatest,head,help,innov,network,partnership,peopl,potenti,presid,product,realiz,servic,set,solut,summari,technolog,titl,uniqu,vice}"
Proprietary Trading Business Development Lead,OKX,"",Australia,"&nbsp;...Managing the sales cycle for traders end-to-end, including working with OKX's: 
 technical experts to answer product questions; and 
 <b>business </b>leads to align on commercials for each deal. 
 Taking product feedback from traders, then communicating this internally to...&nbsp;",business analyst,decentrajobs.com,2026-07-23 09:24:54.597 +0700,full_time,Proprietary Trading Business Development Lead,"...Managing the sales cycle for traders end-to-end, including working with OKX's: technical experts to answer product questions; and business leads to align on commercials for each deal.  Taking product feedback from traders, then communicating this internally to...",managing the sales cycle for traders end to end including working with okx s technical experts to answer product questions and business leads to align on commercials for each deal taking product feedback from traders then communicating this internally to,"'align':26 'answer':19 'busi':23 'commerci':28 'communic':39 'cycl':4 'deal':31 'end':8,10 'end-to-end':7 'expert':17 'feedback':35 'includ':11 'intern':41 'lead':24 'manag':1 'okx':14 'product':20,34 'question':21 'sale':3 'take':33 'technic':16 'trader':6,37 'work':12 ' ':32","{align,answer,busi,commerci,communic,cycl,deal,end,end-to-end,expert,feedback,includ,intern,lead,manag,okx,product,question,sale,take,technic,trader,work, }"
ESG Junior Data Analyst (Mandarin Speaker),ISS | Institutional Shareholder Services,"",Australia,"&nbsp;...research and analysis on companies’ management of environmental and social risks and compliance with international norms on responsible <b>business </b>conduct 
 Learning about environmental, social and governance trends and issues and ability to acquire specific knowledge about...&nbsp;",business analyst,swooped.co,2026-02-27 00:00:00.000 +0700,not_specified,ESG Junior Data Analyst (Mandarin Speaker),"...research and analysis on companies’ management of environmental and social risks and compliance with international norms on responsible business conduct Learning about environmental, social and governance trends and issues and ability to acquire specific knowledge about...",research and analysis on companies management of environmental and social risks and compliance with international norms on responsible business conduct learning about environmental social and governance trends and issues and ability to acquire specific knowledge about,"'abil':31 'acquir':33 'analysi':3 'busi':19 'companies’':5 'complianc':13 'conduct':20 'environment':8,23 'govern':26 'intern':15 'issu':29 'knowledg':35 'learn':21 'manag':6 'norm':16 'research':1 'respons':18 'risk':11 'social':10,24 'specif':34 'trend':27","{abil,acquir,analysi,busi,companies’,complianc,conduct,environment,govern,intern,issu,knowledg,learn,manag,norm,research,respons,risk,social,specif,trend}"
Enterprise Operations Analyst II,Mastercard,"",Australia,"&nbsp;...networks combine to deliver a unique set of products and services that help people, <b>businesses </b>and governments realize their greatest potential.  Title and Summary  Enterprise Operations <b>Analyst </b>II 
 Job Overview: Provide technical support for MasterCard’s operations...&nbsp;",business analyst,decentrajobs.com,2026-07-08 03:06:03.317 +0700,full_time,Enterprise Operations Analyst II,"...networks combine to deliver a unique set of products and services that help people, businesses and governments realize their greatest potential. Title and Summary Enterprise Operations Analyst II Job Overview: Provide technical support for MasterCard’s operations...",networks combine to deliver a unique set of products and services that help people businesses and governments realize their greatest potential title and summary enterprise operations analyst ii job overview provide technical support for mastercard s operations,"'analyst':27 'busi':15 'combin':2 'deliv':4 'enterpris':25 'govern':17 'greatest':20 'help':13 'ii':28 'job':29 'mastercard’':35 'network':1 'oper':26,36 'overview':30 'peopl':14 'potenti':21 'product':9 'provid':31 'realiz':18 'servic':11 'set':7 'summari':24 'support':33 'technic':32 'titl':22 'uniqu':6","{analyst,busi,combin,deliv,enterpris,govern,greatest,help,ii,job,mastercard’,network,oper,overview,peopl,potenti,product,provid,realiz,servic,set,summari,support,technic,titl,uniqu}"
"Consultant, Advisors & Consulting Services, Business Experimentation",Mastercard,"",Australia,"&nbsp;...deliver a unique set of products and services that help people, <b>businesses </b>and governments realize their greatest potential.  Title and...&nbsp;&nbsp;...agenda, and risks 
· Develop working relationship with client <b>analysts/</b>managers, and act as trusted and reliable partner 
· Provide...&nbsp;",business analyst,decentrajobs.com,2026-07-06 02:45:39.380 +0700,full_time,Consultant,"...deliver a unique set of products and services that help people, businesses and governments realize their greatest potential. Title and... ...agenda, and risks · Develop working relationship with client analysts/ managers, and act as trusted and reliable partner · Provide...",deliver a unique set of products and services that help people businesses and governments realize their greatest potential title and agenda and risks develop working relationship with client analysts managers and act as trusted and reliable partner provide,"'act':33 'agenda':21 'analyst':30 'busi':12 'client':29 'deliv':1 'develop':25 'govern':14 'greatest':17 'help':10 'manag':31 'partner':38 'peopl':11 'potenti':18 'product':6 'provid':40 'realiz':15 'relationship':27 'reliabl':37 'risk':23 'servic':8 'set':4 'titl':19 'trust':35 'uniqu':3 'work':26 '·':24,39","{act,agenda,analyst,busi,client,deliv,develop,govern,greatest,help,manag,partner,peopl,potenti,product,provid,realiz,relationship,reliabl,risk,servic,set,titl,trust,uniqu,work,·}"
People Business Partner Lead - APJ,Clickhouse,$500 per month,Australia,"&nbsp;...Pacific and Japan (APJ) region.  Position Overview 
 We are seeking a highly analytical, detail-obsessed, and systems-minded People <b>Business </b>Partner Lead - APJ to join our core centralized Global People organization in a full-time remote capacity open to qualified human...&nbsp;",business analyst,hireskys.com,2026-07-07 07:54:36.547 +0700,full_time,People Business Partner Lead - APJ,"...Pacific and Japan (APJ) region. Position Overview We are seeking a highly analytical, detail-obsessed, and systems-minded People Business Partner Lead - APJ to join our core centralized Global People organization in a full-time remote capacity open to qualified human...",pacific and japan apj region position overview we are seeking a highly analytical detail obsessed and systems minded people business partner lead apj to join our core centralized global people organization in a full time remote capacity open to qualified human,"'analyt':13 'apj':4,25 'busi':22 'capac':40 'central':30 'core':29 'detail':15 'detail-obsess':14 'full':37 'full-tim':36 'global':31 'high':12 'human':44 'japan':3 'join':27 'lead':24 'mind':20 'obsess':16 'open':41 'organ':33 'overview':7 'pacif':1 'partner':23 'peopl':21,32 'posit':6 'qualifi':43 'region':5 'remot':39 'seek':10 'system':19 'systems-mind':18 'time':38","{analyt,apj,busi,capac,central,core,detail,detail-obsess,full,full-tim,global,high,human,japan,join,lead,mind,obsess,open,organ,overview,pacif,partner,peopl,posit,qualifi,region,remot,seek,system,systems-mind,time}"
Scrum Master,Leidos,"",Australia,"&nbsp;...Scrum Master 
 Accrue up to an extra 12 days of leave per year through our Life Days program. 
 Work with world leading technology <b>business </b>at the forefront of innovation. 
 We’re a ‘Family Friendly’ certified workplace – we understand the often many and varied roles...&nbsp;",business analyst,swooped.co,2025-09-05 00:00:00.000 +0700,not_specified,Scrum Master,...Scrum Master Accrue up to an extra 12 days of leave per year through our Life Days program. Work with world leading technology business at the forefront of innovation. We’re a ‘Family Friendly’ certified workplace – we understand the often many and varied roles...,scrum master accrue up to an extra days of leave per year through our life days program work with world leading technology business at the forefront of innovation we re a family friendly certified workplace we understand the often many and varied roles,"'12':8 'accru':3 'busi':24 'certifi':34 'day':9,17 'extra':7 'forefront':27 'friendly’':33 'innov':29 'lead':22 'leav':11 'life':16 'mani':41 'master':2 'often':40 'per':12 'program':18 'role':44 'scrum':1 'technolog':23 'understand':38 'vari':43 'we’r':30 'work':19 'workplac':35 'world':21 'year':13 '–':36 '‘famili':32","{12,accru,busi,certifi,day,extra,forefront,friendly’,innov,lead,leav,life,mani,master,often,per,program,role,scrum,technolog,understand,vari,we’r,work,workplac,world,year,–,‘famili}"
"Technical Support Representative, In-Store",DoorDash Australia,"",Australia,"
 About the Team 
 The Technical Support Team at SevenRooms is part of DoorDash’s broader Customer Experience and Support Ops organization. We partner directly with hospitality operators around the world to deliver best-in-class customer support. Our mission is to ensure...",business analyst,swooped.co,2025-08-02 00:00:00.000 +0700,not_specified,Technical Support Representative,About the Team The Technical Support Team at SevenRooms is part of DoorDash’s broader Customer Experience and Support Ops organization. We partner directly with hospitality operators around the world to deliver best-in-class customer support. Our mission is to ensure...,about the team the technical support team at sevenrooms is part of doordash s broader customer experience and support ops organization we partner directly with hospitality operators around the world to deliver best in class customer support our mission is to ensure,"'around':27 'best':33 'best-in-class':32 'broader':14 'class':35 'custom':15,36 'deliv':31 'direct':23 'doordash’':13 'ensur':42 'experi':16 'hospit':25 'mission':39 'op':19 'oper':26 'organ':20 'part':11 'partner':22 'sevenroom':9 'support':6,18,37 'team':3,7 'technic':5 'world':29","{around,best,best-in-class,broader,class,custom,deliv,direct,doordash’,ensur,experi,hospit,mission,op,oper,organ,part,partner,sevenroom,support,team,technic,world}"
Regional Technical Specialist,BYD,"",Australia,"&nbsp;...technical support activities, first-time fix rate, pending vehicle status, and NPS performance. 
 Other ad-hoc tasks as per the <b>business </b>request. 

 About You – Key Requirements 
 Certificate III in Automotive Mechanical Technology (Light Vehicle) or equivalent qualification...&nbsp;",business analyst,ev.careers,2026-06-30 19:38:38.017 +0700,full_time,Regional Technical Specialist,"...technical support activities, first-time fix rate, pending vehicle status, and NPS performance. Other ad-hoc tasks as per the business request. About You – Key Requirements Certificate III in Automotive Mechanical Technology (Light Vehicle) or equivalent qualification...",technical support activities first time fix rate pending vehicle status and nps performance other ad hoc tasks as per the business request about you key requirements certificate iii in automotive mechanical technology light vehicle or equivalent qualification,"'activ':3 'ad':17 'ad-hoc':16 'automot':33 'busi':23 'certif':30 'equival':39 'first':5 'first-tim':4 'fix':7 'hoc':18 'iii':31 'key':28 'light':36 'mechan':34 'nps':13 'pend':9 'per':21 'perform':14 'qualif':40 'rate':8 'request':24 'requir':29 'status':11 'support':2 'task':19 'technic':1 'technolog':35 'time':6 'vehicl':10,37 '–':27","{activ,ad,ad-hoc,automot,busi,certif,equival,first,first-tim,fix,hoc,iii,key,light,mechan,nps,pend,per,perform,qualif,rate,request,requir,status,support,task,technic,technolog,time,vehicl,–}"
Product Owner - Diary,Aphex,"",Australia," The Role  Your mission: 
 help us build Diary, our production tracking and record capture product, and grow into owning feature delivery end to end. 
 Diary isn't another site diary. We're rethinking how construction teams capture and mobilise what actually happened ...",business analyst,hireskys.com,2026-07-23 09:19:38.920 +0700,full_time,Product Owner - Diary,"The Role Your mission: help us build Diary, our production tracking and record capture product, and grow into owning feature delivery end to end. Diary isn't another site diary. We're rethinking how construction teams capture and mobilise what actually happened ...",the role your mission help us build diary our production tracking and record capture product and grow into owning feature delivery end to end diary isn t another site diary we re rethinking how construction teams capture and mobilise what actually happened,"'actual':41 'anoth':28 'build':7 'captur':14,37 'construct':35 'deliveri':21 'diari':8,25,30 'end':22,24 'featur':20 'grow':17 'happen':42 'help':5 'isn':26 'mission':4 'mobilis':39 'own':19 'product':10,15 're':32 'record':13 'rethink':33 'role':2 'site':29 'team':36 'track':11 'us':6","{actual,anoth,build,captur,construct,deliveri,diari,end,featur,grow,happen,help,isn,mission,mobilis,own,product,re,record,rethink,role,site,team,track,us}"
Threat Response Technology and Capabilities Product Owner,Mastercard,"",Australia,"&nbsp;...deliver a unique set of products and services that help people, <b>businesses </b>and governments realize their greatest potential.  Title and...&nbsp;&nbsp;...enrichment services, promptbook-based investigation notebooks, and <b>analyst-</b>facing tooling. 
• Establish and maintain centralized...&nbsp;",business analyst,decentrajobs.com,2026-06-26 03:04:42.150 +0700,full_time,Threat Response Technology and Capabilities Product Owner,"...deliver a unique set of products and services that help people, businesses and governments realize their greatest potential. Title and... ...enrichment services, promptbook-based investigation notebooks, and analyst- facing tooling. • Establish and maintain centralized...",deliver a unique set of products and services that help people businesses and governments realize their greatest potential title and enrichment services promptbook based investigation notebooks and analyst facing tooling establish and maintain centralized,"'analyst':29 'base':25 'busi':12 'central':36 'deliv':1 'enrich':21 'establish':33 'face':30 'govern':14 'greatest':17 'help':10 'investig':26 'maintain':35 'notebook':27 'peopl':11 'potenti':18 'product':6 'promptbook':24 'promptbook-bas':23 'realiz':15 'servic':8,22 'set':4 'titl':19 'tool':31 'uniqu':3 '•':32","{analyst,base,busi,central,deliv,enrich,establish,face,govern,greatest,help,investig,maintain,notebook,peopl,potenti,product,promptbook,promptbook-bas,realiz,servic,set,titl,tool,uniqu,•}"
"Product and Sales Analyst, Specialist - Core Consumer",Mastercard,"",Australia,"&nbsp;...networks combine to deliver a unique set of products and services that help people, <b>businesses </b>and governments realize their greatest potential.  Title and Summary  Product and Sales <b>Analyst,</b> Specialist – Core Consumer 
 Overview 
 Specialist, Product and Sales Analyst...&nbsp;",business analyst,decentrajobs.com,2026-05-29 02:16:31.753 +0700,full_time,Product and Sales Analyst,"...networks combine to deliver a unique set of products and services that help people, businesses and governments realize their greatest potential. Title and Summary Product and Sales Analyst, Specialist – Core Consumer Overview Specialist, Product and Sales Analyst...",networks combine to deliver a unique set of products and services that help people businesses and governments realize their greatest potential title and summary product and sales analyst specialist core consumer overview specialist product and sales analyst,"'analyst':28,38 'busi':15 'combin':2 'consum':32 'core':31 'deliv':4 'govern':17 'greatest':20 'help':13 'network':1 'overview':33 'peopl':14 'potenti':21 'product':9,25,35 'realiz':18 'sale':27,37 'servic':11 'set':7 'specialist':29,34 'summari':24 'titl':22 'uniqu':6 '–':30","{analyst,busi,combin,consum,core,deliv,govern,greatest,help,network,overview,peopl,potenti,product,realiz,sale,servic,set,specialist,summari,titl,uniqu,–}"
SOC Analyst,Volexity,"",Australia,"&nbsp;...Volexity’s Security Operation Center (SOC) <b>Analysts </b>work to protect organizations from a wide variety of threats, ranging from commodity phishing and malware campaigns to highly targeted attacks involving zero-day exploits.  Candidates applying for this role should expect...&nbsp;",business analyst,hireskys.com,2026-07-25 02:49:37.647 +0700,full_time,SOC Analyst,"...Volexity’s Security Operation Center (SOC) Analysts work to protect organizations from a wide variety of threats, ranging from commodity phishing and malware campaigns to highly targeted attacks involving zero-day exploits. Candidates applying for this role should expect...",volexity s security operation center soc analysts work to protect organizations from a wide variety of threats ranging from commodity phishing and malware campaigns to highly targeted attacks involving zero day exploits candidates applying for this role should expect,'analyst':6 'appli':34 'attack':27 'campaign':23 'candid':33 'center':4 'commod':19 'day':31 'expect':39 'exploit':32 'high':25 'involv':28 'malwar':22 'oper':3 'organ':10 'phish':20 'protect':9 'rang':17 'role':37 'secur':2 'soc':5 'target':26 'threat':16 'varieti':14 'volexity’':1 'wide':13 'work':7 'zero':30 'zero-day':29,"{analyst,appli,attack,campaign,candid,center,commod,day,expect,exploit,high,involv,malwar,oper,organ,phish,protect,rang,role,secur,soc,target,threat,varieti,volexity’,wide,work,zero,zero-day}"
"Senior Analyst, Account Management",Mastercard,"",Australia,"&nbsp;...and networks combine to deliver a unique set of products and services that help people, <b>businesses </b>and governments realize their greatest potential.  Title and Summary  Senior <b>Analyst,</b> Account Management 
 Overview 
 This role will drive sales effectiveness for one of...&nbsp;",business analyst,decentrajobs.com,2026-06-10 03:11:53.880 +0700,full_time,Senior Analyst,"...and networks combine to deliver a unique set of products and services that help people, businesses and governments realize their greatest potential. Title and Summary Senior Analyst, Account Management Overview This role will drive sales effectiveness for one of...",and networks combine to deliver a unique set of products and services that help people businesses and governments realize their greatest potential title and summary senior analyst account management overview this role will drive sales effectiveness for one of,'account':28 'analyst':27 'busi':16 'combin':3 'deliv':5 'drive':34 'effect':36 'govern':18 'greatest':21 'help':14 'manag':29 'network':2 'one':38 'overview':30 'peopl':15 'potenti':22 'product':10 'realiz':19 'role':32 'sale':35 'senior':26 'servic':12 'set':8 'summari':25 'titl':23 'uniqu':7,"{account,analyst,busi,combin,deliv,drive,effect,govern,greatest,help,manag,network,one,overview,peopl,potenti,product,realiz,role,sale,senior,servic,set,summari,titl,uniqu}"
Growth Manager,OKX,"",Australia,"&nbsp;...and VIP engagement initiatives. 
 Work cross-functionally with regional and global stakeholders to drive growth initiatives and <b>business </b>objectives. 
 Take ownership of projects from strategy development through execution and performance reporting. 
 What we look for...&nbsp;",business analyst,decentrajobs.com,2026-07-02 05:07:58.890 +0700,full_time,Growth Manager,...and VIP engagement initiatives. Work cross-functionally with regional and global stakeholders to drive growth initiatives and business objectives. Take ownership of projects from strategy development through execution and performance reporting. What we look for...,and vip engagement initiatives work cross functionally with regional and global stakeholders to drive growth initiatives and business objectives take ownership of projects from strategy development through execution and performance reporting what we look for,"'busi':19 'cross':7 'cross-funct':6 'develop':27 'drive':15 'engag':3 'execut':29 'function':8 'global':12 'growth':16 'initi':4,17 'look':35 'object':20 'ownership':22 'perform':31 'project':24 'region':10 'report':32 'stakehold':13 'strategi':26 'take':21 'vip':2 'work':5","{busi,cross,cross-funct,develop,drive,engag,execut,function,global,growth,initi,look,object,ownership,perform,project,region,report,stakehold,strategi,take,vip,work}"
"Senior Project Manager, Deploy | Card Migration - FTC 20 Months",Mastercard,"",Australia,"&nbsp;...technology and innovation, partnerships and networks combine to deliver a unique set of products and services that help people, <b>businesses </b>and governments realize their greatest potential.  Title and Summary  Senior Project Manager, Deploy | Card Migration - FTC 20 Months...&nbsp;",business analyst,decentrajobs.com,2026-06-24 04:42:59.507 +0700,full_time,Senior Project Manager,"...technology and innovation, partnerships and networks combine to deliver a unique set of products and services that help people, businesses and governments realize their greatest potential. Title and Summary Senior Project Manager, Deploy | Card Migration - FTC 20 Months...",technology and innovation partnerships and networks combine to deliver a unique set of products and services that help people businesses and governments realize their greatest potential title and summary senior project manager deploy card migration ftc months,'20':37 'busi':20 'card':34 'combin':7 'deliv':9 'deploy':33 'ftc':36 'govern':22 'greatest':25 'help':18 'innov':3 'manag':32 'migrat':35 'month':38 'network':6 'partnership':4 'peopl':19 'potenti':26 'product':14 'project':31 'realiz':23 'senior':30 'servic':16 'set':12 'summari':29 'technolog':1 'titl':27 'uniqu':11,"{20,busi,card,combin,deliv,deploy,ftc,govern,greatest,help,innov,manag,migrat,month,network,partnership,peopl,potenti,product,project,realiz,senior,servic,set,summari,technolog,titl,uniqu}"
Partner Growth Manager,Mx51,"",Australia,"&nbsp;...platform that allows merchants to accept payments in-store, in-app and online, whilst consolidating all their data on a real-time <b>business </b>management dashboard.  This role reports into the Chief Growth Officer. In this role you will be instrumental in driving mx51’s growth...&nbsp;",business analyst,hireskys.com,2026-07-17 13:54:24.967 +0700,full_time,Partner Growth Manager,"...platform that allows merchants to accept payments in-store, in-app and online, whilst consolidating all their data on a real-time business management dashboard. This role reports into the Chief Growth Officer. In this role you will be instrumental in driving mx51’s growth...",platform that allows merchants to accept payments in store in app and online whilst consolidating all their data on a real time business management dashboard this role reports into the chief growth officer in this role you will be instrumental in driving mx s growth,"'accept':6 'allow':3 'app':13 'busi':26 'chief':34 'consolid':17 'dashboard':28 'data':20 'drive':45 'growth':35,47 'in-app':11 'in-stor':8 'instrument':43 'manag':27 'merchant':4 'mx51’s':46 'offic':36 'onlin':15 'payment':7 'platform':1 'real':24 'real-tim':23 'report':31 'role':30,39 'store':10 'time':25 'whilst':16","{accept,allow,app,busi,chief,consolid,dashboard,data,drive,growth,in-app,in-stor,instrument,manag,merchant,mx51’s,offic,onlin,payment,platform,real,real-tim,report,role,store,time,whilst}"
Senior Brand&Growth Manager-ANZ,Binance,"",Australia,"&nbsp;...Competitive salary and company benefits 
• Work-from-home arrangement (the arrangement may vary depending on the work nature of the <b>business </b>team)
 Binance is committed to being an equal opportunity employer. We believe that having a diverse workforce is fundamental to...&nbsp;",business analyst,decentrajobs.com,2026-07-13 03:34:17.107 +0700,full_time,Senior Brand&Growth Manager-ANZ,...Competitive salary and company benefits • Work-from-home arrangement (the arrangement may vary depending on the work nature of the business team) Binance is committed to being an equal opportunity employer. We believe that having a diverse workforce is fundamental to...,competitive salary and company benefits work from home arrangement the arrangement may vary depending on the work nature of the business team binance is committed to being an equal opportunity employer we believe that having a diverse workforce is fundamental to,"'arrang':11,13 'believ':35 'benefit':5 'binanc':25 'busi':23 'commit':27 'compani':4 'competit':1 'depend':16 'divers':39 'employ':33 'equal':31 'fundament':42 'home':10 'may':14 'natur':20 'opportun':32 'salari':2 'team':24 'vari':15 'work':8,19 'work-from-hom':7 'workforc':40 '•':6","{arrang,believ,benefit,binanc,busi,commit,compani,competit,depend,divers,employ,equal,fundament,home,may,natur,opportun,salari,team,vari,work,work-from-hom,workforc,•}"
Technical Customer Support Specialist,ElevenLabs,"",Australia," About ElevenLabs:  ElevenLabs is a world-renowned generative AI research and audio product powerhouse transforming how humanity interacts with technology. Launched in January 2023 with the first human-like AI voice model, we serve millions of users and thousands of global...",business analyst,hireskys.com,2026-07-07 07:54:30.737 +0700,part_time,Technical Customer Support Specialist,"About ElevenLabs: ElevenLabs is a world-renowned generative AI research and audio product powerhouse transforming how humanity interacts with technology. Launched in January 2023 with the first human-like AI voice model, we serve millions of users and thousands of global...",about elevenlabs elevenlabs is a world renowned generative ai research and audio product powerhouse transforming how humanity interacts with technology launched in january with the first human like ai voice model we serve millions of users and thousands of global,"'2023':25 'ai':10,32 'audio':13 'elevenlab':2,3 'first':28 'generat':9 'global':43 'human':18,30 'human-lik':29 'interact':19 'januari':24 'launch':22 'like':31 'million':37 'model':34 'powerhous':15 'product':14 'renown':8 'research':11 'serv':36 'technolog':21 'thousand':41 'transform':16 'user':39 'voic':33 'world':7 'world-renown':6","{2023,ai,audio,elevenlab,first,generat,global,human,human-lik,interact,januari,launch,like,million,model,powerhous,product,renown,research,serv,technolog,thousand,transform,user,voic,world,world-renown}"
Community Growth Manager,OKX,"",Australia,"&nbsp;...within the Australian crypto community, helping educate and introduce users to the platform without operating as an affiliate or <b>business </b>development representative. 
 Manage and grow OKX Australia’s local social media presence with a strong focus on creating a relatable...&nbsp;",business analyst,decentrajobs.com,2026-07-16 04:20:37.980 +0700,full_time,Community Growth Manager,"...within the Australian crypto community, helping educate and introduce users to the platform without operating as an affiliate or business development representative. Manage and grow OKX Australia’s local social media presence with a strong focus on creating a relatable...",within the australian crypto community helping educate and introduce users to the platform without operating as an affiliate or business development representative manage and grow okx australia s local social media presence with a strong focus on creating a relatable,'affili':18 'australian':3 'australia’':27 'busi':20 'communiti':5 'creat':37 'crypto':4 'develop':21 'educ':7 'focus':35 'grow':25 'help':6 'introduc':9 'local':28 'manag':23 'media':30 'okx':26 'oper':15 'platform':13 'presenc':31 'relat':39 'repres':22 'social':29 'strong':34 'user':10 'within':1 'without':14,"{affili,australian,australia’,busi,communiti,creat,crypto,develop,educ,focus,grow,help,introduc,local,manag,media,okx,oper,platform,presenc,relat,repres,social,strong,user,within,without}"
IT Security Analyst,Fender,"",Australia,"&nbsp;...cultural symbol that resonates globally. 
 Fender Musical Instruments Corporation (""FMIC"") is seeking an experienced IT Security <b>Analyst </b>to join our team in Sydney, Australia. Working within the Global IT Security, you will play a key role in maintaining the integrity...&nbsp;",business analyst,swooped.co,2025-09-06 00:00:00.000 +0700,not_specified,IT Security Analyst,"...cultural symbol that resonates globally. Fender Musical Instruments Corporation (""FMIC"") is seeking an experienced IT Security Analyst  to join our team in Sydney, Australia. Working within the Global IT Security, you will play a key role in maintaining the integrity...",cultural symbol that resonates globally fender musical instruments corporation fmic is seeking an experienced it security analyst to join our team in sydney australia working within the global it security you will play a key role in maintaining the integrity,"'analyst ':16 'australia':22 'corpor':9 'cultur':1 'experienced it':14 'fender':6 'fmic':10 'global':5,26 'instrument':8 'integr':38 'in sydney':21 'join':18 'key':33 'maintain':36 'music':7 'play':31 'reson':4 'role':34 'secur':15,28 'seek':12 'symbol':2 'team':20 'within':24 'work':23","{analyst ,australia,corpor,cultur,experienced it,fender,fmic,global,instrument,integr,in sydney,join,key,maintain,music,play,reson,role,secur,seek,symbol,team,within,work}"
Senior Finance Operations Manager,Ofload,$500 per month,Australia,"&nbsp;..., improving visibility, and optimising supply chains, we’re driving smarter, greener, and more efficient operations that benefit <b>businesses </b>and the environment. 
 This isn’t just logistics—it’s FreightTech: a tech-powered transformation of an industry that is the backbone...&nbsp;",business analyst,swooped.co,2026-02-27 00:00:00.000 +0700,not_specified,Senior Finance Operations Manager,"..., improving visibility, and optimising supply chains, we’re driving smarter, greener, and more efficient operations that benefit businesses and the environment. This isn’t just logistics—it’s FreightTech: a tech-powered transformation of an industry that is the backbone...",improving visibility and optimising supply chains we re driving smarter greener and more efficient operations that benefit businesses and the environment this isn t just logistics it s freighttech a tech powered transformation of an industry that is the backbone,'backbon':37 'benefit':16 'busi':17 'chain':6 'drive':8 'effici':13 'environ':20 'freighttech':25 'greener':10 'improv':1 'industri':33 'isn’t':22 'logistics—it’':24 'oper':14 'optimis':4 'power':29 'smarter':9 'suppli':5 'tech':28 'tech-pow':27 'transform':30 'visibl':2 'we’r':7,"{backbon,benefit,busi,chain,drive,effici,environ,freighttech,greener,improv,industri,isn’t,logistics—it’,oper,optimis,power,smarter,suppli,tech,tech-pow,transform,visibl,we’r}"
Regional Partner Manager - MSP,Lastpass,"",Australia,"&nbsp;...expertise in the channel and  MSP landscape  , leveraging established MSP relationships within the territory. 
 Demonstrating strong <b>business </b>acumen to anticipate partner needs and motivations, and to shape effective partner strategies. 
 Excelling in cross-functional...&nbsp;",business analyst,hireskys.com,2026-07-23 19:54:25.597 +0700,full_time,Regional Partner Manager - MSP,"...expertise in the channel and MSP landscape , leveraging established MSP relationships within the territory. Demonstrating strong business acumen to anticipate partner needs and motivations, and to shape effective partner strategies. Excelling in cross-functional...",expertise in the channel and msp landscape leveraging established msp relationships within the territory demonstrating strong business acumen to anticipate partner needs and motivations and to shape effective partner strategies excelling in cross functional,"'acumen':18 'anticip':20 'busi':17 'channel':4 'cross':34 'cross-funct':33 'demonstr':15 'effect':28 'establish':9 'excel':31 'expertis':1 'function':35 'landscap':7 'leverag':8 'motiv':24 'msp':6,10 'need':22 'partner':21,29 'relationship':11 'shape':27 'strategi':30 'strong':16 'territori':14 'within':12","{acumen,anticip,busi,channel,cross,cross-funct,demonstr,effect,establish,excel,expertis,function,landscap,leverag,motiv,msp,need,partner,relationship,shape,strategi,strong,territori,within}"
Senior Strategy & Operations Manager,OKX,"",Australia,"&nbsp;...strategic initiatives and operational excellence across OKX Australia. Working cross-functionally with Product, Compliance, Legal, Risk, <b>Business </b>Development and Global Operations teams, this role identifies opportunities to improve business performance, remove operational...&nbsp;",business analyst,decentrajobs.com,2026-07-02 05:07:58.617 +0700,full_time,Senior Strategy & Operations Manager,"...strategic initiatives and operational excellence across OKX Australia. Working cross-functionally with Product, Compliance, Legal, Risk, Business Development and Global Operations teams, this role identifies opportunities to improve business performance, remove operational...",strategic initiatives and operational excellence across okx australia working cross functionally with product compliance legal risk business development and global operations teams this role identifies opportunities to improve business performance remove operational,"'across':6 'australia':8 'busi':18,30 'complianc':15 'cross':11 'cross-funct':10 'develop':19 'excel':5 'function':12 'global':21 'identifi':26 'improv':29 'initi':2 'legal':16 'okx':7 'oper':4,22,33 'opportun':27 'perform':31 'product':14 'remov':32 'risk':17 'role':25 'strateg':1 'team':23 'work':9","{across,australia,busi,complianc,cross,cross-funct,develop,excel,function,global,identifi,improv,initi,legal,okx,oper,opportun,perform,product,remov,risk,role,strateg,team,work}"
"Manager, Technical Product Enablement and Specialist Sales (Digital and Agentic)",Mastercard,"",Australia,"&nbsp;...technology and innovation, partnerships and networks combine to deliver a unique set of products and services that help people, <b>businesses </b>and governments realize their greatest potential.  Title and Summary  Manager, Technical Product Enablement and Specialist Sales...&nbsp;",business analyst,decentrajobs.com,2026-07-16 04:20:36.963 +0700,full_time,Manager,"...technology and innovation, partnerships and networks combine to deliver a unique set of products and services that help people, businesses and governments realize their greatest potential. Title and Summary Manager, Technical Product Enablement and Specialist Sales...",technology and innovation partnerships and networks combine to deliver a unique set of products and services that help people businesses and governments realize their greatest potential title and summary manager technical product enablement and specialist sales,"'busi':20 'combin':7 'deliv':9 'enabl':33 'govern':22 'greatest':25 'help':18 'innov':3 'manag':30 'network':6 'partnership':4 'peopl':19 'potenti':26 'product':14,32 'realiz':23 'sale':36 'servic':16 'set':12 'specialist':35 'summari':29 'technic':31 'technolog':1 'titl':27 'uniqu':11","{busi,combin,deliv,enabl,govern,greatest,help,innov,manag,network,partnership,peopl,potenti,product,realiz,sale,servic,set,specialist,summari,technic,technolog,titl,uniqu}"
Client Solutions Project Manager,ServiceRocket,"",Australia,"&nbsp;...and present reports that track performance and give meaningful insights into our capacity and commitments 
 Partner closely with <b>business </b>stakeholders to turn their needs into well-defined projects and backlogs; this includes identifying potential new projects with additional...&nbsp;",business analyst,swooped.co,2025-08-04 00:00:00.000 +0700,not_specified,Client Solutions Project Manager,...and present reports that track performance and give meaningful insights into our capacity and commitments Partner closely with business stakeholders to turn their needs into well-defined projects and backlogs; this includes identifying potential new projects with additional...,and present reports that track performance and give meaningful insights into our capacity and commitments partner closely with business stakeholders to turn their needs into well defined projects and backlogs this includes identifying potential new projects with additional,"'addit':39 'backlog':31 'busi':19 'capac':13 'close':17 'commit':15 'defin':28 'give':8 'identifi':34 'includ':33 'insight':10 'meaning':9 'need':24 'new':36 'partner':16 'perform':6 'potenti':35 'present':2 'project':29,37 'report':3 'stakehold':20 'track':5 'turn':22 'well':27 'well-defin':26","{addit,backlog,busi,capac,close,commit,defin,give,identifi,includ,insight,meaning,need,new,partner,perform,potenti,present,project,report,stakehold,track,turn,well,well-defin}"
Engineering Delivery Lead,Leidos,"",Australia,"&nbsp;...is still debating step 2… good. You’ll fit right in. 
 Original Posting: 
 For U.S. Positions: While subject to change based on <b>business </b>needs, Leidos reasonably anticipates that this job requisition will remain open for at least 3 days with an anticipated close date...&nbsp;",business analyst,swooped.co,2025-09-16 00:00:00.000 +0700,not_specified,Engineering Delivery Lead,"...is still debating step 2… good. You’ll fit right in. Original Posting: For U.S. Positions: While subject to change based on business needs, Leidos reasonably anticipates that this job requisition will remain open for at least 3 days with an anticipated close date...",is still debating step good you ll fit right in original posting for u s positions while subject to change based on business needs leidos reasonably anticipates that this job requisition will remain open for at least days with an anticipated close date,"'2…':5 '3':37 'anticip':26,41 'base':20 'busi':22 'chang':19 'close':42 'date':43 'day':38 'debat':3 'fit':8 'good':6 'job':29 'least':36 'leido':24 'need':23 'open':33 'origin':11 'posit':15 'post':12 'reason':25 'remain':32 'requisit':30 'right':9 'step':4 'still':2 'subject':17 'u.s':14 'you’ll':7","{2…,3,anticip,base,busi,chang,close,date,day,debat,fit,good,job,least,leido,need,open,origin,posit,post,reason,remain,requisit,right,step,still,subject,u.s,you’ll}"
"Sr. Business Analyst, Advisors & Consulting Services (12 months fixed term)",Mastercard,"",Australia,"&nbsp;...networks combine to deliver a unique set of products and services that help people, <b>businesses </b>and governments realize their greatest potential.  Title and Summary  Sr. Business <b>Analyst,</b> Advisors & Consulting Services (12 months fixed term)
 Role Context 
 This is a hands...&nbsp;",business intelligence analyst,decentrajobs.com,2026-07-23 09:24:54.283 +0700,full_time,Sr. Business Analyst,"...networks combine to deliver a unique set of products and services that help people, businesses and governments realize their greatest potential. Title and Summary Sr. Business Analyst, Advisors & Consulting Services (12 months fixed term) Role Context This is a hands...",networks combine to deliver a unique set of products and services that help people businesses and governments realize their greatest potential title and summary sr business analyst advisors consulting services months fixed term role context this is a hands,"'12':31 'advisor':28 'analyst':27 'busi':15,26 'combin':2 'consult':29 'context':36 'deliv':4 'fix':33 'govern':17 'greatest':20 'hand':40 'help':13 'month':32 'network':1 'peopl':14 'potenti':21 'product':9 'realiz':18 'role':35 'servic':11,30 'set':7 'sr':25 'summari':24 'term':34 'titl':22 'uniqu':6","{12,advisor,analyst,busi,combin,consult,context,deliv,fix,govern,greatest,hand,help,month,network,peopl,potenti,product,realiz,role,servic,set,sr,summari,term,titl,uniqu}"
"Senior Analyst, Business Development (Identity & Security Specialist Sales)",Mastercard,"",Australia,"&nbsp;...and networks combine to deliver a unique set of products and services that help people, <b>businesses </b>and governments realize their greatest potential.  Title and Summary  Senior <b>Analyst,</b> Business Development (Identity & Security Specialist Sales)
 Overview 
 Mastercard...&nbsp;",business intelligence analyst,decentrajobs.com,2026-06-05 03:50:40.853 +0700,full_time,Senior Analyst,"...and networks combine to deliver a unique set of products and services that help people, businesses and governments realize their greatest potential. Title and Summary Senior Analyst, Business Development (Identity & Security Specialist Sales) Overview Mastercard...",and networks combine to deliver a unique set of products and services that help people businesses and governments realize their greatest potential title and summary senior analyst business development identity security specialist sales overview mastercard,"'analyst':27 'busi':16,28 'combin':3 'deliv':5 'develop':29 'govern':18 'greatest':21 'help':14 'ident':30 'mastercard':35 'network':2 'overview':34 'peopl':15 'potenti':22 'product':10 'realiz':19 'sale':33 'secur':31 'senior':26 'servic':12 'set':8 'specialist':32 'summari':25 'titl':23 'uniqu':7","{analyst,busi,combin,deliv,develop,govern,greatest,help,ident,mastercard,network,overview,peopl,potenti,product,realiz,sale,secur,senior,servic,set,specialist,summari,titl,uniqu}"
Senior Strategy & Operations Manager,OKX,"",Australia,"&nbsp;...strategic initiatives and operational excellence across OKX Australia. Working cross-functionally with Product, Compliance, Legal, Risk, <b>Business </b>Development and Global Operations teams, this role identifies opportunities to improve business performance, remove operational...&nbsp;",business intelligence analyst,decentrajobs.com,2026-07-02 05:07:58.617 +0700,full_time,Senior Strategy & Operations Manager,"...strategic initiatives and operational excellence across OKX Australia. Working cross-functionally with Product, Compliance, Legal, Risk, Business Development and Global Operations teams, this role identifies opportunities to improve business performance, remove operational...",strategic initiatives and operational excellence across okx australia working cross functionally with product compliance legal risk business development and global operations teams this role identifies opportunities to improve business performance remove operational,"'across':6 'australia':8 'busi':18,30 'complianc':15 'cross':11 'cross-funct':10 'develop':19 'excel':5 'function':12 'global':21 'identifi':26 'improv':29 'initi':2 'legal':16 'okx':7 'oper':4,22,33 'opportun':27 'perform':31 'product':14 'remov':32 'risk':17 'role':25 'strateg':1 'team':23 'work':9","{across,australia,busi,complianc,cross,cross-funct,develop,excel,function,global,identifi,improv,initi,legal,okx,oper,opportun,perform,product,remov,risk,role,strateg,team,work}"
Product & Strategy Director,OKX,"",Australia,"&nbsp;...customer needs, design solutions using the existing OKX product suite, and translate market opportunities into product requirements and <b>business </b>cases where new capabilities are needed. 
 As the bridge between the Australian business and global Product teams, you'll...&nbsp;",business intelligence analyst,decentrajobs.com,2026-07-20 08:16:33.187 +0700,full_time,Product & Strategy Director,"...customer needs, design solutions using the existing OKX product suite, and translate market opportunities into product requirements and business cases where new capabilities are needed. As the bridge between the Australian business and global Product teams, you'll...",customer needs design solutions using the existing okx product suite and translate market opportunities into product requirements and business cases where new capabilities are needed as the bridge between the australian business and global product teams you ll,"'australian':31 'bridg':28 'busi':19,32 'capabl':23 'case':20 'custom':1 'design':3 'exist':7 'global':34 'll':38 'market':13 'need':2,25 'new':22 'okx':8 'opportun':14 'product':9,16,35 'requir':17 'solut':4 'suit':10 'team':36 'translat':12 'use':5","{australian,bridg,busi,capabl,case,custom,design,exist,global,ll,market,need,new,okx,opportun,product,requir,solut,suit,team,translat,use}"
"Senior Analyst, Account Management",Mastercard,"",Australia,"&nbsp;...and networks combine to deliver a unique set of products and services that help people, <b>businesses </b>and governments realize their greatest potential.  Title and Summary  Senior <b>Analyst,</b> Account Management 
 Overview 
 This role will drive sales effectiveness for one of...&nbsp;",business intelligence analyst,decentrajobs.com,2026-06-10 03:11:53.880 +0700,full_time,Senior Analyst,"...and networks combine to deliver a unique set of products and services that help people, businesses and governments realize their greatest potential. Title and Summary Senior Analyst, Account Management Overview This role will drive sales effectiveness for one of...",and networks combine to deliver a unique set of products and services that help people businesses and governments realize their greatest potential title and summary senior analyst account management overview this role will drive sales effectiveness for one of,'account':28 'analyst':27 'busi':16 'combin':3 'deliv':5 'drive':34 'effect':36 'govern':18 'greatest':21 'help':14 'manag':29 'network':2 'one':38 'overview':30 'peopl':15 'potenti':22 'product':10 'realiz':19 'role':32 'sale':35 'senior':26 'servic':12 'set':8 'summari':25 'titl':23 'uniqu':7,"{account,analyst,busi,combin,deliv,drive,effect,govern,greatest,help,manag,network,one,overview,peopl,potenti,product,realiz,role,sale,senior,servic,set,summari,titl,uniqu}"
SOC Analyst,Volexity,"",Australia,"&nbsp;...Volexity’s Security Operation Center (SOC) <b>Analysts </b>work to protect organizations from a wide variety of threats, ranging from commodity...&nbsp;&nbsp;...operations team 
 Collaborate with Volexity’s Threat <b>Intelligence </b>and Incident Response teams 
 Help protect NGOs, activists, dissidents...&nbsp;",business intelligence analyst,hireskys.com,2026-07-25 02:49:37.647 +0700,full_time,SOC Analyst,"...Volexity’s Security Operation Center (SOC) Analysts work to protect organizations from a wide variety of threats, ranging from commodity... ...operations team Collaborate with Volexity’s Threat Intelligence and Incident Response teams Help protect NGOs, activists, dissidents...",volexity s security operation center soc analysts work to protect organizations from a wide variety of threats ranging from commodity operations team collaborate with volexity s threat intelligence and incident response teams help protect ngos activists dissidents,"'activist':34 'analyst':6 'center':4 'collabor':22 'commod':19 'dissid':35 'help':31 'incid':28 'intellig':26 'ngos':33 'oper':3,20 'organ':10 'protect':9,32 'rang':17 'respons':29 'secur':2 'soc':5 'team':21,30 'threat':16,25 'varieti':14 'volexity’':1,24 'wide':13 'work':7","{activist,analyst,center,collabor,commod,dissid,help,incid,intellig,ngos,oper,organ,protect,rang,respons,secur,soc,team,threat,varieti,volexity’,wide,work}"
"Strategic Sales Director, Australia",Cresta,"",Australia,"&nbsp;...contact center. Our platform combines the best of AI and human <b>intelligence </b>to help contact centers discover customer insights and...&nbsp;&nbsp;...Prospect for new clients, design product presentations and <b>business </b>cases, develop and deliver proposals, negotiate and close contracts...&nbsp;",business intelligence analyst,swooped.co,2025-08-30 00:00:00.000 +0700,not_specified,Strategic Sales Director,"...contact center. Our platform combines the best of AI and human intelligence to help contact centers discover customer insights and... ...Prospect for new clients, design product presentations and business cases, develop and deliver proposals, negotiate and close contracts...",contact center our platform combines the best of ai and human intelligence to help contact centers discover customer insights and prospect for new clients design product presentations and business cases develop and deliver proposals negotiate and close contracts,"'ai':9 'best':7 'busi':29 'case':30 'center':2,16 'client':24 'close':37 'combin':5 'contact':1,15 'contract':38 'custom':18 'deliv':33 'design':25 'develop':31 'discov':17 'help':14 'human':11 'insight':19 'intellig':12 'negoti':35 'new':23 'platform':4 'present':27 'product':26 'propos':34 'prospect':21","{ai,best,busi,case,center,client,close,combin,contact,contract,custom,deliv,design,develop,discov,help,human,insight,intellig,negoti,new,platform,present,product,propos,prospect}"
ESG Junior Data Analyst (Mandarin Speaker),ISS | Institutional Shareholder Services,"",Australia,"&nbsp;...risks and compliance with international norms on responsible <b>business </b>conduct 
 Learning about environmental, social and governance...&nbsp;&nbsp;...cover corporate governance, sustainability, cyber risk, and fund <b>intelligence.</b> Majority-owned by Deutsche Börse Group, ISS STOXX has over 3,...&nbsp;",business intelligence analyst,swooped.co,2026-02-27 00:00:00.000 +0700,not_specified,ESG Junior Data Analyst (Mandarin Speaker),"...risks and compliance with international norms on responsible business conduct Learning about environmental, social and governance... ...cover corporate governance, sustainability, cyber risk, and fund intelligence. Majority-owned by Deutsche Börse Group, ISS STOXX has over 3,...",risks and compliance with international norms on responsible business conduct learning about environmental social and governance cover corporate governance sustainability cyber risk and fund intelligence majority owned by deutsche b rse group iss stoxx has over,"'3':37 'busi':9 'börse':31 'complianc':3 'conduct':10 'corpor':18 'cover':17 'cyber':21 'deutsch':30 'environment':13 'fund':24 'govern':16,19 'group':32 'intellig':25 'intern':5 'iss':33 'learn':11 'major':27 'majority-own':26 'norm':6 'own':28 'respons':8 'risk':1,22 'social':14 'stoxx':34 'sustain':20","{3,busi,börse,complianc,conduct,corpor,cover,cyber,deutsch,environment,fund,govern,group,intellig,intern,iss,learn,major,majority-own,norm,own,respons,risk,social,stoxx,sustain}"
Associate Manager - Supply Planning,Stryker,"",Australia,"&nbsp;...this leadership role, you’ll oversee a team of six supply planners, driving operational excellence and strategic planning across the <b>business.</b> Your responsibilities will include: 
 Managing and optimizing inbound product flow to meet customer demand 
 Leading, mentoring...&nbsp;",business intelligence analyst,swooped.co,2025-09-05 00:00:00.000 +0700,not_specified,Associate Manager - Supply Planning,"...this leadership role, you’ll oversee a team of six supply planners, driving operational excellence and strategic planning across the business. Your responsibilities will include: Managing and optimizing inbound product flow to meet customer demand Leading, mentoring...",this leadership role you ll oversee a team of six supply planners driving operational excellence and strategic planning across the business your responsibilities will include managing and optimizing inbound product flow to meet customer demand leading mentoring,'across':18 'busi':20 'custom':33 'demand':34 'drive':12 'excel':14 'flow':30 'inbound':28 'includ':24 'lead':35 'leadership':2 'manag':25 'meet':32 'mentor':36 'oper':13 'optim':27 'overse':5 'plan':17 'planner':11 'product':29 'respons':22 'role':3 'six':9 'strateg':16 'suppli':10 'team':7 'you’ll':4,"{across,busi,custom,demand,drive,excel,flow,inbound,includ,lead,leadership,manag,meet,mentor,oper,optim,overse,plan,planner,product,respons,role,six,strateg,suppli,team,you’ll}"
"Product and Sales Analyst, Specialist - Core Consumer",Mastercard,"",Australia,"&nbsp;...networks combine to deliver a unique set of products and services that help people, <b>businesses </b>and governments realize their greatest potential.  Title and Summary  Product and Sales <b>Analyst,</b> Specialist – Core Consumer 
 Overview 
 Specialist, Product and Sales Analyst...&nbsp;",business intelligence analyst,decentrajobs.com,2026-05-29 02:16:31.753 +0700,full_time,Product and Sales Analyst,"...networks combine to deliver a unique set of products and services that help people, businesses and governments realize their greatest potential. Title and Summary Product and Sales Analyst, Specialist – Core Consumer Overview Specialist, Product and Sales Analyst...",networks combine to deliver a unique set of products and services that help people businesses and governments realize their greatest potential title and summary product and sales analyst specialist core consumer overview specialist product and sales analyst,"'analyst':28,38 'busi':15 'combin':2 'consum':32 'core':31 'deliv':4 'govern':17 'greatest':20 'help':13 'network':1 'overview':33 'peopl':14 'potenti':21 'product':9,25,35 'realiz':18 'sale':27,37 'servic':11 'set':7 'specialist':29,34 'summari':24 'titl':22 'uniqu':6 '–':30","{analyst,busi,combin,consum,core,deliv,govern,greatest,help,network,overview,peopl,potenti,product,realiz,sale,servic,set,specialist,summari,titl,uniqu,–}"
Senior Strategy & Operations Manager,OKX,"",Australia,"&nbsp;...influence decisions, challenge assumptions and drive business outcomes. 
~ Advanced proficiency in data analysis and experience with SQL, <b>BI </b>tools (DataWind, Amplitude, Tableau, Power BI, etc.) or equivalent analytical platforms. 
~ Outstanding project management skills...&nbsp;",bi analyst,decentrajobs.com,2026-07-02 05:07:58.617 +0700,full_time,Senior Strategy & Operations Manager,"...influence decisions, challenge assumptions and drive business outcomes. ~ Advanced proficiency in data analysis and experience with SQL, BI tools (DataWind, Amplitude, Tableau, Power BI, etc.) or equivalent analytical platforms. ~ Outstanding project management skills...",influence decisions challenge assumptions and drive business outcomes advanced proficiency in data analysis and experience with sql bi tools datawind amplitude tableau power bi etc or equivalent analytical platforms outstanding project management skills,"'advanc':9 'amplitud':21 'analysi':13 'analyt':28 'assumpt':4 'bi':18,24 'busi':7 'challeng':3 'data':12 'datawind':20 'decis':2 'drive':6 'equival':27 'etc':25 'experi':15 'influenc':1 'manag':32 'outcom':8 'outstand':30 'platform':29 'power':23 'profici':10 'project':31 'skill':33 'sql':17 'tableau':22 'tool':19","{advanc,amplitud,analysi,analyt,assumpt,bi,busi,challeng,data,datawind,decis,drive,equival,etc,experi,influenc,manag,outcom,outstand,platform,power,profici,project,skill,sql,tableau,tool}"
SOC Analyst,Volexity,"",Australia,"&nbsp;...Volexity’s Security Operation Center (SOC) <b>Analysts </b>work to protect organizations from a wide variety of threats, ranging from commodity phishing and malware campaigns to highly targeted attacks involving zero-day exploits.  Candidates applying for this role should expect...&nbsp;",bi analyst,hireskys.com,2026-07-25 02:49:37.647 +0700,full_time,SOC Analyst,"...Volexity’s Security Operation Center (SOC) Analysts work to protect organizations from a wide variety of threats, ranging from commodity phishing and malware campaigns to highly targeted attacks involving zero-day exploits. Candidates applying for this role should expect...",volexity s security operation center soc analysts work to protect organizations from a wide variety of threats ranging from commodity phishing and malware campaigns to highly targeted attacks involving zero day exploits candidates applying for this role should expect,'analyst':6 'appli':34 'attack':27 'campaign':23 'candid':33 'center':4 'commod':19 'day':31 'expect':39 'exploit':32 'high':25 'involv':28 'malwar':22 'oper':3 'organ':10 'phish':20 'protect':9 'rang':17 'role':37 'secur':2 'soc':5 'target':26 'threat':16 'varieti':14 'volexity’':1 'wide':13 'work':7 'zero':30 'zero-day':29,"{analyst,appli,attack,campaign,candid,center,commod,day,expect,exploit,high,involv,malwar,oper,organ,phish,protect,rang,role,secur,soc,target,threat,varieti,volexity’,wide,work,zero,zero-day}"
"Senior Analyst, Account Management",Mastercard,"",Australia,"&nbsp;...of products and services that help people, businesses and governments realize their greatest potential.  Title and Summary  Senior <b>Analyst,</b> Account Management 
 Overview 
 This role will drive sales effectiveness for one of Mastercard’s Global Key Accounts across both...&nbsp;",bi analyst,decentrajobs.com,2026-06-10 03:11:53.880 +0700,full_time,Senior Analyst,"...of products and services that help people, businesses and governments realize their greatest potential. Title and Summary Senior Analyst, Account Management Overview This role will drive sales effectiveness for one of Mastercard’s Global Key Accounts across both...",of products and services that help people businesses and governments realize their greatest potential title and summary senior analyst account management overview this role will drive sales effectiveness for one of mastercard s global key accounts across both,"'account':20,35 'across':36 'analyst':19 'busi':8 'drive':26 'effect':28 'global':33 'govern':10 'greatest':13 'help':6 'key':34 'manag':21 'mastercard’':32 'one':30 'overview':22 'peopl':7 'potenti':14 'product':2 'realiz':11 'role':24 'sale':27 'senior':18 'servic':4 'summari':17 'titl':15","{account,across,analyst,busi,drive,effect,global,govern,greatest,help,key,manag,mastercard’,one,overview,peopl,potenti,product,realiz,role,sale,senior,servic,summari,titl}"
"Sr. Business Analyst, Advisors & Consulting Services (12 months fixed term)",Mastercard,"",Australia,"&nbsp;...realize their greatest potential.  Title and Summary  Sr. Business <b>Analyst,</b> Advisors & Consulting Services (12 months fixed term)
 Role...&nbsp;&nbsp;...data analytical tools such as SQL, Python, Tableau and/or Power <b>BI.</b> 
 Note: 
• Must be open to travelling extensively and be on-site...&nbsp;",bi analyst,decentrajobs.com,2026-07-23 09:24:54.283 +0700,full_time,Sr. Business Analyst,"...realize their greatest potential. Title and Summary Sr. Business Analyst, Advisors & Consulting Services (12 months fixed term) Role... ...data analytical tools such as SQL, Python, Tableau and/or Power BI. Note: • Must be open to travelling extensively and be on-site...",realize their greatest potential title and summary sr business analyst advisors consulting services months fixed term role data analytical tools such as sql python tableau and or power bi note must be open to travelling extensively and be on site,'12':14 'advisor':11 'analyst':10 'analyt':20 'and/or':27 'bi':29 'busi':9 'consult':12 'data':19 'extens':37 'fix':16 'greatest':3 'month':15 'must':32 'note':30 'on-sit':40 'open':34 'potenti':4 'power':28 'python':25 'realiz':1 'role':18 'servic':13 'site':42 'sql':24 'sr':8 'summari':7 'tableau':26 'term':17 'titl':5 'tool':21 'travel':36 '•':31,"{12,advisor,analyst,analyt,and/or,bi,busi,consult,data,extens,fix,greatest,month,must,note,on-sit,open,potenti,power,python,realiz,role,servic,site,sql,sr,summari,tableau,term,titl,tool,travel,•}"
ESG Junior Data Analyst (Mandarin Speaker),ISS | Institutional Shareholder Services,"",Australia," Let’s be #BrilliantTogether 
 OVERVIEW 
 ISS ESG offers expertise across a full range of environmental, social and governance (ESG) issues – having worked with leading asset owners and asset managers to develop solutions to integrate Responsible Investment (RI) into ...",bi analyst,swooped.co,2026-02-27 00:00:00.000 +0700,not_specified,ESG Junior Data Analyst (Mandarin Speaker),"Let’s be #BrilliantTogether OVERVIEW ISS ESG offers expertise across a full range of environmental, social and governance (ESG) issues – having worked with leading asset owners and asset managers to develop solutions to integrate Responsible Investment (RI) into ...",let s be brillianttogether overview iss esg offers expertise across a full range of environmental social and governance esg issues having worked with leading asset owners and asset managers to develop solutions to integrate responsible investment ri into,"'across':9 'asset':25,28 'brillianttogeth':3 'develop':31 'environment':14 'esg':6,18 'expertis':8 'full':11 'govern':17 'integr':34 'invest':36 'iss':5 'issu':19 'lead':24 'let’':1 'manag':29 'offer':7 'overview':4 'owner':26 'rang':12 'respons':35 'ri':37 'social':15 'solut':32 'work':22 '–':20","{across,asset,brillianttogeth,develop,environment,esg,expertis,full,govern,integr,invest,iss,issu,lead,let’,manag,offer,overview,owner,rang,respons,ri,social,solut,work,–}"
Workday Consulting Services Manager,"Collaborative Solutions, LLC","",Australia,"&nbsp;...teams’ ability to staff projects appropriately. 
 Performance Management: 
• Establish direct reports’ goals and objectives during the <b>bi-</b>annual review process. 
• Direct the collection of performance feedback from customer and engagement/project manager on a quarterly...&nbsp;",bi analyst,swooped.co,2025-08-13 00:00:00.000 +0700,not_specified,Workday Consulting Services Manager,...teams’ ability to staff projects appropriately. Performance Management: • Establish direct reports’ goals and objectives during the bi- annual review process. • Direct the collection of performance feedback from customer and engagement/project manager on a quarterly...,teams ability to staff projects appropriately performance management establish direct reports goals and objectives during the bi annual review process direct the collection of performance feedback from customer and engagement project manager on a quarterly,"'/project':30 'and engag':29 'annual review':18 'appropri':5 'bi':17 'collect':23 'custom':28 'direct':10,21 'establish':9 'feedback':26 'goal':12 'manag':7,31 'object':14 'perform':6,25 'process':19 'project':4 'quarter':34 'reports’':11 'staff':3 'teams’ abl':1 '•':8,20","{/project,and engag,annual review,appropri,bi,collect,custom,direct,establish,feedback,goal,manag,object,perform,process,project,quarter,reports’,staff,teams’ abl,•}"
"Senior Analyst, Business Development (Identity & Security Specialist Sales)",Mastercard,"",Australia,"&nbsp;...of products and services that help people, businesses and governments realize their greatest potential.  Title and Summary  Senior <b>Analyst,</b> Business Development (Identity & Security Specialist Sales)
 Overview 
 Mastercard is a global technology company in the payments...&nbsp;",bi analyst,decentrajobs.com,2026-06-05 03:50:40.853 +0700,full_time,Senior Analyst,"...of products and services that help people, businesses and governments realize their greatest potential. Title and Summary Senior Analyst, Business Development (Identity & Security Specialist Sales) Overview Mastercard is a global technology company in the payments...",of products and services that help people businesses and governments realize their greatest potential title and summary senior analyst business development identity security specialist sales overview mastercard is a global technology company in the payments,"'analyst':19 'busi':8,20 'compani':32 'develop':21 'global':30 'govern':10 'greatest':13 'help':6 'ident':22 'mastercard':27 'overview':26 'payment':35 'peopl':7 'potenti':14 'product':2 'realiz':11 'sale':25 'secur':23 'senior':18 'servic':4 'specialist':24 'summari':17 'technolog':31 'titl':15","{analyst,busi,compani,develop,global,govern,greatest,help,ident,mastercard,overview,payment,peopl,potenti,product,realiz,sale,secur,senior,servic,specialist,summari,technolog,titl}"
Regional Technical Specialist,BYD,"",Australia," About BYD  BYD is a high-tech company devoted to technological innovations for a better life. BYD is dedicated to providing zero-emission energy solutions. 
 As a leading battery-electric zero-emission vehicle (ZEV) manufacturer, BYD has created a broad range of battery...",data analyst,ev.careers,2026-06-30 19:38:38.017 +0700,full_time,Regional Technical Specialist,"About BYD BYD is a high-tech company devoted to technological innovations for a better life. BYD is dedicated to providing zero-emission energy solutions. As a leading battery-electric zero-emission vehicle (ZEV) manufacturer, BYD has created a broad range of battery...",about byd byd is a high tech company devoted to technological innovations for a better life byd is dedicated to providing zero emission energy solutions as a leading battery electric zero emission vehicle zev manufacturer byd has created a broad range of battery,"'batteri':32,47 'battery-electr':31 'better':16 'broad':44 'byd':2,3,18,40 'compani':9 'creat':42 'dedic':20 'devot':10 'electr':33 'emiss':25,36 'energi':26 'high':7 'high-tech':6 'innov':13 'lead':30 'life':17 'manufactur':39 'provid':22 'rang':45 'solut':27 'tech':8 'technolog':12 'vehicl':37 'zero':24,35 'zero-emiss':23,34 'zev':38","{batteri,battery-electr,better,broad,byd,compani,creat,dedic,devot,electr,emiss,energi,high,high-tech,innov,lead,life,manufactur,provid,rang,solut,tech,technolog,vehicl,zero,zero-emiss,zev}"
"Product and Sales Analyst, Specialist - Core Consumer",Mastercard,"",Australia,"&nbsp;...and services that help people, businesses and governments realize their greatest potential.  Title and Summary  Product and Sales <b>Analyst,</b> Specialist – Core Consumer 
 Overview 
 Specialist, Product and Sales Analyst – Core Consumer supports the execution, adoption,...&nbsp;",bi analyst,decentrajobs.com,2026-05-29 02:16:31.753 +0700,full_time,Product and Sales Analyst,"...and services that help people, businesses and governments realize their greatest potential. Title and Summary Product and Sales Analyst, Specialist – Core Consumer Overview Specialist, Product and Sales Analyst – Core Consumer supports the execution, adoption,...",and services that help people businesses and governments realize their greatest potential title and summary product and sales analyst specialist core consumer overview specialist product and sales analyst core consumer supports the execution adoption,"'adopt':36 'analyst':19,29 'busi':6 'consum':23,32 'core':22,31 'execut':35 'govern':8 'greatest':11 'help':4 'overview':24 'peopl':5 'potenti':12 'product':16,26 'realiz':9 'sale':18,28 'servic':2 'specialist':20,25 'summari':15 'support':33 'titl':13 '–':21,30","{adopt,analyst,busi,consum,core,execut,govern,greatest,help,overview,peopl,potenti,product,realiz,sale,servic,specialist,summari,support,titl,–}"
"Consultant, Advisors & Consulting Services, Business Experimentation",Mastercard,"",Australia,"&nbsp;...agenda, and risks 
· Develop working relationship with client <b>analysts/</b>managers, and act as trusted and reliable partner 
· Provide analytical...&nbsp;&nbsp;...(e.g., SQL), data visualization tools (e.g., Tableau, Power <b>BI)</b>, or time series analysis and segmentation 
· Experience...&nbsp;",bi analyst,decentrajobs.com,2026-07-06 02:45:39.380 +0700,full_time,Consultant,"...agenda, and risks · Develop working relationship with client analysts/ managers, and act as trusted and reliable partner · Provide analytical... ...(e.g., SQL), data visualization tools (e.g., Tableau, Power BI) , or time series analysis and segmentation · Experience...",agenda and risks develop working relationship with client analysts managers and act as trusted and reliable partner provide analytical e g sql data visualization tools e g tableau power bi or time series analysis and segmentation experience,"'act':13 'agenda':1 'analysi':34 'analyst':10 'analyt':21 'bi':30 'client':9 'data':24 'develop':5 'e.g':22,27 'experi':38 'manag':11 'partner':18 'power':29 'provid':20 'relationship':7 'reliabl':17 'risk':3 'segment':36 'seri':33 'sql':23 'tableau':28 'time':32 'tool':26 'trust':15 'visual':25 'work':6 '·':4,19,37","{act,agenda,analysi,analyst,analyt,bi,client,data,develop,e.g,experi,manag,partner,power,provid,relationship,reliabl,risk,segment,seri,sql,tableau,time,tool,trust,visual,work,·}"
Influencer Specialist,White Fox Boutique,"",Australia,"&nbsp;...Develop, monitor and track engagement and conversions through influencer programs and contracts 
 Deliver weekly influencer activity <b>reports </b>to the PR & Influencer Manager 
 Requirements 
 Experience in a similar PR and influencer based role 
 Extensive knowledge of...&nbsp;",data reporting analyst,swooped.co,2025-08-12 00:00:00.000 +0700,not_specified,Influencer Specialist,"...Develop, monitor and track engagement and conversions through influencer programs and contracts Deliver weekly influencer activity reports to the PR & Influencer Manager Requirements Experience in a similar PR and influencer based role Extensive knowledge of...",develop monitor and track engagement and conversions through influencer programs and contracts deliver weekly influencer activity reports to the pr influencer manager requirements experience in a similar pr and influencer based role extensive knowledge of,"'activ':16 'base':31 'contract':12 'convers':7 'deliv':13 'develop':1 'engag':5 'experi':24 'extens':33 'influenc':9,15,21,30 'knowledg':34 'manag':22 'monitor':2 'pr':20,28 'program':10 'report':17 'requir':23 'role':32 'similar':27 'track':4 'week':14","{activ,base,contract,convers,deliv,develop,engag,experi,extens,influenc,knowledg,manag,monitor,pr,program,report,requir,role,similar,track,week}"
Expert Software Engineer - Data Orchestration,Feedzai,"",Australia,"&nbsp;...Feedzai product development. Together with Product Management and <b>Data </b>Science, we build the next generation of tools to catch fraud in...&nbsp;&nbsp;...7 and ultra-low latencies, solving UI/UX problems to help fraud <b>analysts </b>to fight fraud more efficiently. In addition, designing...&nbsp;",data analyst,swooped.co,2025-09-27 00:00:00.000 +0700,not_specified,Expert Software Engineer - Data Orchestration,"...Feedzai product development. Together with Product Management and Data Science, we build the next generation of tools to catch fraud in... ...7 and ultra-low latencies, solving UI/UX problems to help fraud analysts to fight fraud more efficiently. In addition, designing...",feedzai product development together with product management and data science we build the next generation of tools to catch fraud in and ultra low latencies solving ui ux problems to help fraud analysts to fight fraud more efficiently in addition designing,"'7':22 'addit':41 'analyst':34 'build':12 'catch':19 'data':9 'design':42 'develop':3 'effici':39 'feedzai':1 'fight':36 'fraud':20,33,37 'generat':15 'help':32 'latenc':27 'low':26 'manag':7 'next':14 'problem':30 'product':2,6 'scienc':10 'solv':28 'togeth':4 'tool':17 'ui/ux':29 'ultra':25 'ultra-low':24","{7,addit,analyst,build,catch,data,design,develop,effici,feedzai,fight,fraud,generat,help,latenc,low,manag,next,problem,product,scienc,solv,togeth,tool,ui/ux,ultra,ultra-low}"
Senior or Lead Analytics Engineer,Insight Timer,"",Australia,"&nbsp;...We’re looking for a Senior or Lead Analytics Engineer to help Insight Timer learn from its <b>data.</b> Insight Timer is the world’s largest meditation and wellness community, with over 30 million users. You’ll work closely with product, engineering and company leaders, turning...&nbsp;",data analyst,hireskys.com,2026-07-16 07:54:32.603 +0700,full_time,Senior or Lead Analytics Engineer,"...We’re looking for a Senior or Lead Analytics Engineer to help Insight Timer learn from its data. Insight Timer is the world’s largest meditation and wellness community, with over 30 million users. You’ll work closely with product, engineering and company leaders, turning...",we re looking for a senior or lead analytics engineer to help insight timer learn from its data insight timer is the world s largest meditation and wellness community with over million users you ll work closely with product engineering and company leaders turning,"'30':30 'analyt':8 'close':35 'communiti':27 'compani':40 'data':17 'engin':9,38 'help':11 'insight':12,18 'largest':23 'lead':7 'leader':41 'learn':14 'look':2 'medit':24 'million':31 'product':37 'senior':5 'timer':13,19 'turn':42 'user':32 'well':26 'we’r':1 'work':34 'world’':22 'you’ll':33","{30,analyt,close,communiti,compani,data,engin,help,insight,largest,lead,leader,learn,look,medit,million,product,senior,timer,turn,user,well,we’r,work,world’,you’ll}"
"Senior Backend Engineer, Cashalo",Tilt,"",Australia," At Tilt, we see a side of people that traditional lenders miss. Our mobile-first products and machine learning-powered credit models look beyond credit scores, using over 250 real-time financial signals to recognize real potential. With millions of customers worldwide,...",bi analyst,hireskys.com,2026-07-16 04:12:10.580 +0700,full_time,Senior Backend Engineer,"At Tilt, we see a side of people that traditional lenders miss. Our mobile-first products and machine learning-powered credit models look beyond credit scores, using over 250 real-time financial signals to recognize real potential. With millions of customers worldwide,...",at tilt we see a side of people that traditional lenders miss our mobile first products and machine learning powered credit models look beyond credit scores using over real time financial signals to recognize real potential with millions of customers worldwide,"'250':31 'beyond':26 'credit':23,27 'custom':44 'financi':35 'first':16 'learn':21 'learning-pow':20 'lender':11 'look':25 'machin':19 'million':42 'miss':12 'mobil':15 'mobile-first':14 'model':24 'peopl':8 'potenti':40 'power':22 'product':17 'real':33,39 'real-tim':32 'recogn':38 'score':28 'see':4 'side':6 'signal':36 'tilt':2 'time':34 'tradit':10 'use':29 'worldwid':45","{250,beyond,credit,custom,financi,first,learn,learning-pow,lender,look,machin,million,miss,mobil,mobile-first,model,peopl,potenti,power,product,real,real-tim,recogn,score,see,side,signal,tilt,time,tradit,use,worldwid}"
Senior Site Reliability Engineer,Mastercard,"",Australia," Our Purpose  Mastercard powers economies and empowers people in 200+ countries and territories worldwide. Together with our customers, we’re helping build a sustainable economy where everyone can prosper. We support a wide range of digital payments choices, making transactions...",bi analyst,decentrajobs.com,2026-06-26 03:04:41.713 +0700,full_time,Senior Site Reliability Engineer,"Our Purpose Mastercard powers economies and empowers people in 200+ countries and territories worldwide. Together with our customers, we’re helping build a sustainable economy where everyone can prosper. We support a wide range of digital payments choices, making transactions...",our purpose mastercard powers economies and empowers people in countries and territories worldwide together with our customers we re helping build a sustainable economy where everyone can prosper we support a wide range of digital payments choices making transactions,'200':10 'a sustainable economi':22 'build':21 'choic':35 'countri':11 'custom':18 'digit':33 'economi':5 'empow':7 'everyon':24 'help':20 'make':36 'mastercard':3 'payment':34 'peopl':8 'power':4 'prosper':26 'purpos':2 'rang':31 'support':28 'territori':13 'togeth':15 'transact':37 'we’r':19 'wide':30 'worldwid':14,"{200,a sustainable economi,build,choic,countri,custom,digit,economi,empow,everyon,help,make,mastercard,payment,peopl,power,prosper,purpos,rang,support,territori,togeth,transact,we’r,wide,worldwid}"
Site Reliability Engineer II,Mastercard,"",Australia," Our Purpose  Mastercard powers economies and empowers people in 200+ countries and territories worldwide. Together with our customers, we’re helping build a sustainable economy where everyone can prosper. We support a wide range of digital payments choices, making transactions...",bi analyst,decentrajobs.com,2026-06-26 03:04:41.757 +0700,full_time,Site Reliability Engineer II,"Our Purpose Mastercard powers economies and empowers people in 200+ countries and territories worldwide. Together with our customers, we’re helping build a sustainable economy where everyone can prosper. We support a wide range of digital payments choices, making transactions...",our purpose mastercard powers economies and empowers people in countries and territories worldwide together with our customers we re helping build a sustainable economy where everyone can prosper we support a wide range of digital payments choices making transactions,'200':10 'a sustainable economi':22 'build':21 'choic':35 'countri':11 'custom':18 'digit':33 'economi':5 'empow':7 'everyon':24 'help':20 'make':36 'mastercard':3 'payment':34 'peopl':8 'power':4 'prosper':26 'purpos':2 'rang':31 'support':28 'territori':13 'togeth':15 'transact':37 'we’r':19 'wide':30 'worldwid':14,"{200,a sustainable economi,build,choic,countri,custom,digit,economi,empow,everyon,help,make,mastercard,payment,peopl,power,prosper,purpos,rang,support,territori,togeth,transact,we’r,wide,worldwid}"
"Senior Specialist, Technical Product Enablement and Sales",Mastercard,"",Australia,"&nbsp;...by Mastercard’s security policies and practices; 
 Ensure the confidentiality and integrity of the information being accessed; 
 <b>Report </b>any suspected information security violation or breach, and 
 Complete all periodic mandatory security trainings in accordance with...&nbsp;",data reporting analyst,decentrajobs.com,2026-07-07 03:05:09.240 +0700,full_time,Senior Specialist,"...by Mastercard’s security policies and practices; Ensure the confidentiality and integrity of the information being accessed; Report any suspected information security violation or breach, and Complete all periodic mandatory security trainings in accordance with...",by mastercard s security policies and practices ensure the confidentiality and integrity of the information being accessed report any suspected information security violation or breach and complete all periodic mandatory security trainings in accordance with,"'access':16 'accord':33 'breach':24 'complet':26 'confidenti':9 'ensur':7 'inform':14,20 'integr':11 'mandatori':29 'mastercard’':2 'period':28 'polici':4 'practic':6 'report':17 'secur':3,21,30 'suspect':19 'train':31 'violat':22","{access,accord,breach,complet,confidenti,ensur,inform,integr,mandatori,mastercard’,period,polici,practic,report,secur,suspect,train,violat}"
"Lead, Platform Engineering",Mastercard,"",Australia," Our Purpose  Mastercard powers economies and empowers people in 200+ countries and territories worldwide. Together with our customers, we’re helping build a sustainable economy where everyone can prosper. We support a wide range of digital payments choices, making transactions...",bi analyst,decentrajobs.com,2026-07-21 08:16:28.973 +0700,full_time,Lead,"Our Purpose Mastercard powers economies and empowers people in 200+ countries and territories worldwide. Together with our customers, we’re helping build a sustainable economy where everyone can prosper. We support a wide range of digital payments choices, making transactions...",our purpose mastercard powers economies and empowers people in countries and territories worldwide together with our customers we re helping build a sustainable economy where everyone can prosper we support a wide range of digital payments choices making transactions,'200':10 'a sustainable economi':22 'build':21 'choic':35 'countri':11 'custom':18 'digit':33 'economi':5 'empow':7 'everyon':24 'help':20 'make':36 'mastercard':3 'payment':34 'peopl':8 'power':4 'prosper':26 'purpos':2 'rang':31 'support':28 'territori':13 'togeth':15 'transact':37 'we’r':19 'wide':30 'worldwid':14,"{200,a sustainable economi,build,choic,countri,custom,digit,economi,empow,everyon,help,make,mastercard,payment,peopl,power,prosper,purpos,rang,support,territori,togeth,transact,we’r,wide,worldwid}"
Senior or Lead Analytics Engineer,Insight Timer,"",Australia," We’re looking for a Senior or Lead Analytics Engineer to help Insight Timer learn from its data. Insight Timer is the world’s largest meditation and wellness community, with over 30 million users. You’ll work closely with product, engineering and company leaders, turning...",bi analyst,hireskys.com,2026-07-16 07:54:32.603 +0700,full_time,Senior or Lead Analytics Engineer,"We’re looking for a Senior or Lead Analytics Engineer to help Insight Timer learn from its data. Insight Timer is the world’s largest meditation and wellness community, with over 30 million users. You’ll work closely with product, engineering and company leaders, turning...",we re looking for a senior or lead analytics engineer to help insight timer learn from its data insight timer is the world s largest meditation and wellness community with over million users you ll work closely with product engineering and company leaders turning,"'30':30 'analyt':8 'close':35 'communiti':27 'compani':40 'data':17 'engin':9,38 'help':11 'insight':12,18 'largest':23 'lead':7 'leader':41 'learn':14 'look':2 'medit':24 'million':31 'product':37 'senior':5 'timer':13,19 'turn':42 'user':32 'well':26 'we’r':1 'work':34 'world’':22 'you’ll':33","{30,analyt,close,communiti,compani,data,engin,help,insight,largest,lead,leader,learn,look,medit,million,product,senior,timer,turn,user,well,we’r,work,world’,you’ll}"
"Sr. Staff Engineer, Robotics/Automotive System Software",Tenstorrent,$100k,Australia," Tenstorrent is leading the industry on cutting-edge AI technology, revolutionizing performance expectations, ease of use, and cost efficiency. With AI redefining the computing paradigm, solutions must evolve to unify innovations in software models, compilers, platforms...",bi analyst,swooped.co,2025-08-27 00:00:00.000 +0700,not_specified,Sr. Staff Engineer,"Tenstorrent is leading the industry on cutting-edge AI technology, revolutionizing performance expectations, ease of use, and cost efficiency. With AI redefining the computing paradigm, solutions must evolve to unify innovations in software models, compilers, platforms...",tenstorrent is leading the industry on cutting edge ai technology revolutionizing performance expectations ease of use and cost efficiency with ai redefining the computing paradigm solutions must evolve to unify innovations in software models compilers platforms,"'ai':10,22 'compil':36 'comput':25 'cost':19 'cut':8 'cutting-edg':7 'eas':15 'edg':9 'effici':20 'evolv':29 'expect':14 'industri':5 'innov':32 'lead':3 'model':35 'must':28 'paradigm':26 'perform':13 'platform':37 'redefin':23 'revolution':12 'softwar':34 'solut':27 'technolog':11 'tenstorr':1 'unifi':31 'use':17","{ai,compil,comput,cost,cut,cutting-edg,eas,edg,effici,evolv,expect,industri,innov,lead,model,must,paradigm,perform,platform,redefin,revolution,softwar,solut,technolog,tenstorr,unifi,use}"
ESG Junior Data Analyst (Mandarin Speaker),ISS | Institutional Shareholder Services,"",Australia," Let’s be #BrilliantTogether 
 OVERVIEW 
 ISS ESG offers expertise across a full range of environmental, social and governance (ESG) issues – having worked with leading asset owners and asset managers to develop solutions to integrate Responsible Investment (RI) into ...",reporting analyst,swooped.co,2026-02-27 00:00:00.000 +0700,not_specified,ESG Junior Data Analyst (Mandarin Speaker),"Let’s be #BrilliantTogether OVERVIEW ISS ESG offers expertise across a full range of environmental, social and governance (ESG) issues – having worked with leading asset owners and asset managers to develop solutions to integrate Responsible Investment (RI) into ...",let s be brillianttogether overview iss esg offers expertise across a full range of environmental social and governance esg issues having worked with leading asset owners and asset managers to develop solutions to integrate responsible investment ri into,"'across':9 'asset':25,28 'brillianttogeth':3 'develop':31 'environment':14 'esg':6,18 'expertis':8 'full':11 'govern':17 'integr':34 'invest':36 'iss':5 'issu':19 'lead':24 'let’':1 'manag':29 'offer':7 'overview':4 'owner':26 'rang':12 'respons':35 'ri':37 'social':15 'solut':32 'work':22 '–':20","{across,asset,brillianttogeth,develop,environment,esg,expertis,full,govern,integr,invest,iss,issu,lead,let’,manag,offer,overview,owner,rang,respons,ri,social,solut,work,–}"
Software Engineer,Appian Corporation,"",Australia," Here at Appian, our core values of Respect, Work to Impact, Ambition, and Constructive Dissent & Resolution define who we are. In short, this means we constantly seek to understand the best for our customers, we go beyond completion in our work, we strive for excellence...",bi analyst,swooped.co,2025-08-25 00:00:00.000 +0700,not_specified,Software Engineer,"Here at Appian, our core values of Respect, Work to Impact, Ambition, and Constructive Dissent & Resolution define who we are. In short, this means we constantly seek to understand the best for our customers, we go beyond completion in our work, we strive for excellence...",here at appian our core values of respect work to impact ambition and constructive dissent resolution define who we are in short this means we constantly seek to understand the best for our customers we go beyond completion in our work we strive for excellence,"'ambit':12 'appian':3 'best':31 'beyond':37 'complet':38 'constant':26 'construct':14 'core':5 'custom':34 'defin':17 'dissent':15 'excel':45 'go':36 'impact':11 'mean':24 'resolut':16 'respect':8 'seek':27 'short':22 'strive':43 'understand':29 'valu':6 'work':9,41","{ambit,appian,best,beyond,complet,constant,construct,core,custom,defin,dissent,excel,go,impact,mean,resolut,respect,seek,short,strive,understand,valu,work}"
Enterprise Operations Analyst II,Mastercard,"",Australia,"&nbsp;...greatest potential.  Title and Summary  Enterprise Operations <b>Analyst </b>II 
 Job Overview: Provide technical support for MasterCard’s...&nbsp;&nbsp;...confidentiality and integrity of the information being accessed; 
 <b>Report </b>any suspected information security violation or breach, and...&nbsp;",reporting analyst,decentrajobs.com,2026-07-08 03:06:03.317 +0700,full_time,Enterprise Operations Analyst II,"...greatest potential. Title and Summary Enterprise Operations Analyst II Job Overview: Provide technical support for MasterCard’s... ...confidentiality and integrity of the information being accessed; Report any suspected information security violation or breach, and...",greatest potential title and summary enterprise operations analyst ii job overview provide technical support for mastercard s confidentiality and integrity of the information being accessed report any suspected information security violation or breach and,"'access':24 'analyst':8 'breach':32 'confidenti':17 'enterpris':6 'greatest':1 'ii':9 'inform':22,28 'integr':19 'job':10 'mastercard’':16 'oper':7 'overview':11 'potenti':2 'provid':12 'report':25 'secur':29 'summari':5 'support':14 'suspect':27 'technic':13 'titl':3 'violat':30","{access,analyst,breach,confidenti,enterpris,greatest,ii,inform,integr,job,mastercard’,oper,overview,potenti,provid,report,secur,summari,support,suspect,technic,titl,violat}"
"Sr. Business Analyst, Advisors & Consulting Services (12 months fixed term)",Mastercard,"",Australia,"&nbsp;...realize their greatest potential.  Title and Summary  Sr. Business <b>Analyst,</b> Advisors & Consulting Services (12 months fixed term)
 Role...&nbsp;&nbsp;...and integrity of the information being accessed; 
 <b>Report </b>any suspected information security violation or breach, and...&nbsp;",reporting analyst,decentrajobs.com,2026-07-23 09:24:54.283 +0700,full_time,Sr. Business Analyst,"...realize their greatest potential. Title and Summary Sr. Business Analyst, Advisors & Consulting Services (12 months fixed term) Role... ...and integrity of the information being accessed; Report any suspected information security violation or breach, and...",realize their greatest potential title and summary sr business analyst advisors consulting services months fixed term role and integrity of the information being accessed report any suspected information security violation or breach and,"'12':14 'access':25 'advisor':11 'analyst':10 'breach':33 'busi':9 'consult':12 'fix':16 'greatest':3 'inform':23,29 'integr':20 'month':15 'potenti':4 'realiz':1 'report':26 'role':18 'secur':30 'servic':13 'sr':8 'summari':7 'suspect':28 'term':17 'titl':5 'violat':31","{12,access,advisor,analyst,breach,busi,consult,fix,greatest,inform,integr,month,potenti,realiz,report,role,secur,servic,sr,summari,suspect,term,titl,violat}"
"Product and Sales Analyst, Specialist - Core Consumer",Mastercard,"",Australia,"&nbsp;...their greatest potential.  Title and Summary  Product and Sales <b>Analyst,</b> Specialist – Core Consumer 
 Overview 
 Specialist, Product...&nbsp;&nbsp;...confidentiality and integrity of the information being accessed; 
 <b>Report </b>any suspected information security violation or breach, and...&nbsp;",reporting analyst,decentrajobs.com,2026-05-29 02:16:31.753 +0700,full_time,Product and Sales Analyst,"...their greatest potential. Title and Summary Product and Sales Analyst, Specialist – Core Consumer Overview Specialist, Product... ...confidentiality and integrity of the information being accessed; Report any suspected information security violation or breach, and...",their greatest potential title and summary product and sales analyst specialist core consumer overview specialist product confidentiality and integrity of the information being accessed report any suspected information security violation or breach and,"'access':25 'analyst':10 'breach':33 'confidenti':18 'consum':14 'core':13 'greatest':2 'inform':23,29 'integr':20 'overview':15 'potenti':3 'product':7,17 'report':26 'sale':9 'secur':30 'specialist':11,16 'summari':6 'suspect':28 'titl':4 'violat':31 '–':12","{access,analyst,breach,confidenti,consum,core,greatest,inform,integr,overview,potenti,product,report,sale,secur,specialist,summari,suspect,titl,violat,–}"
"Technical Support Representative, In-Store",DoorDash Australia,"",Australia,"
 About the Team 
 The Technical Support Team at SevenRooms is part of DoorDash’s broader Customer Experience and Support Ops organization. We partner directly with hospitality operators around the world to deliver best-in-class customer support. Our mission is to ensure...",reporting analyst,swooped.co,2025-08-02 00:00:00.000 +0700,not_specified,Technical Support Representative,About the Team The Technical Support Team at SevenRooms is part of DoorDash’s broader Customer Experience and Support Ops organization. We partner directly with hospitality operators around the world to deliver best-in-class customer support. Our mission is to ensure...,about the team the technical support team at sevenrooms is part of doordash s broader customer experience and support ops organization we partner directly with hospitality operators around the world to deliver best in class customer support our mission is to ensure,"'around':27 'best':33 'best-in-class':32 'broader':14 'class':35 'custom':15,36 'deliv':31 'direct':23 'doordash’':13 'ensur':42 'experi':16 'hospit':25 'mission':39 'op':19 'oper':26 'organ':20 'part':11 'partner':22 'sevenroom':9 'support':6,18,37 'team':3,7 'technic':5 'world':29","{around,best,best-in-class,broader,class,custom,deliv,direct,doordash’,ensur,experi,hospit,mission,op,oper,organ,part,partner,sevenroom,support,team,technic,world}"
Regional Technical Specialist,BYD,"",Australia,"&nbsp;...and effective resolutions. 
 This role is critical in bridging the gap between our service network and the national head office by <b>reporting </b>on field issues, product quality concerns, and ensuring continuous improvement in both technical performance and customer...&nbsp;",reporting analyst,ev.careers,2026-06-30 19:38:38.017 +0700,full_time,Regional Technical Specialist,"...and effective resolutions. This role is critical in bridging the gap between our service network and the national head office by reporting on field issues, product quality concerns, and ensuring continuous improvement in both technical performance and customer...",and effective resolutions this role is critical in bridging the gap between our service network and the national head office by reporting on field issues product quality concerns and ensuring continuous improvement in both technical performance and customer,'bridg':9 'concern':28 'continu':31 'critic':7 'custom':38 'effect':2 'ensur':30 'field':24 'gap':11 'head':19 'improv':32 'issu':25 'nation':18 'network':15 'offic':20 'perform':36 'product':26 'qualiti':27 'report':22 'resolut':3 'role':5 'servic':14 'technic':35,"{bridg,concern,continu,critic,custom,effect,ensur,field,gap,head,improv,issu,nation,network,offic,perform,product,qualiti,report,resolut,role,servic,technic}"
Expert Software Engineer - Data Orchestration,Feedzai,"",Australia,"&nbsp;...challenges. Such as building distributed systems that need to operate 24/7 and ultra-low latencies, solving UI/UX problems to help fraud <b>analysts </b>to fight fraud more efficiently. In addition, designing extensive databases from relational, NoSQL and graphs, validate and...&nbsp;",reporting analyst,swooped.co,2025-09-27 00:00:00.000 +0700,not_specified,Expert Software Engineer - Data Orchestration,"...challenges. Such as building distributed systems that need to operate 24/7 and ultra-low latencies, solving UI/UX problems to help fraud analysts to fight fraud more efficiently. In addition, designing extensive databases from relational, NoSQL and graphs, validate and...",challenges such as building distributed systems that need to operate and ultra low latencies solving ui ux problems to help fraud analysts to fight fraud more efficiently in addition designing extensive databases from relational nosql and graphs validate and,"'24/7':11 'addit':30 'analyst':23 'build':4 'challeng':1 'databas':33 'design':31 'distribut':5 'effici':28 'extens':32 'fight':25 'fraud':22,26 'graph':38 'help':21 'latenc':16 'low':15 'need':8 'nosql':36 'oper':10 'problem':19 'relat':35 'solv':17 'system':6 'ui/ux':18 'ultra':14 'ultra-low':13 'valid':39","{24/7,addit,analyst,build,challeng,databas,design,distribut,effici,extens,fight,fraud,graph,help,latenc,low,need,nosql,oper,problem,relat,solv,system,ui/ux,ultra,ultra-low,valid}"
Kit Assembler,Stryker,"",Australia,"&nbsp;...work autonomously and under pressure 
 See yourself as an overachiever in anything you put your mind to 
 Pride yourself on your <b>customer </b>orientation and attention to detail 
 Want to be part of something bigger and truly make a difference!
 Some of our benefits...&nbsp;",customer insights analyst,swooped.co,2025-08-13 00:00:00.000 +0700,not_specified,Kit Assembler,...work autonomously and under pressure See yourself as an overachiever in anything you put your mind to Pride yourself on your customer orientation and attention to detail Want to be part of something bigger and truly make a difference! Some of our benefits...,work autonomously and under pressure see yourself as an overachiever in anything you put your mind to pride yourself on your customer orientation and attention to detail want to be part of something bigger and truly make a difference some of our benefits,'anyth':12 'attent':25 'autonom':2 'benefit':43 'bigger':34 'custom':22 'detail':27 'differ':39 'make':37 'mind':16 'orient':23 'overachiev':10 'part':31 'pressur':5 'pride':18 'put':14 'see':6 'someth':33 'truli':36 'want':28 'work':1,"{anyth,attent,autonom,benefit,bigger,custom,detail,differ,make,mind,orient,overachiev,part,pressur,pride,put,see,someth,truli,want,work}"
Instrument Technician,Clough AMEC.,"",Australia,"&nbsp;...Employee Assistance Program 
 Social Engagement Opportunities 
 A competitive remuneration package 
 We're building a diverse <b>workforce </b>
 At Clough, we are committed to building a workforce that reflects the communities in which we work and live, fostering an inclusive...&nbsp;",workforce analyst,swooped.co,2025-08-13 00:00:00.000 +0700,not_specified,Instrument Technician,"...Employee Assistance Program Social Engagement Opportunities A competitive remuneration package We're building a diverse workforce At Clough, we are committed to building a workforce that reflects the communities in which we work and live, fostering an inclusive...",employee assistance program social engagement opportunities a competitive remuneration package we re building a diverse workforce at clough we are committed to building a workforce that reflects the communities in which we work and live fostering an inclusive,"'assist':2 'build':13,23 'clough':18 'commit':21 'communiti':29 'competit':8 'divers':15 'employe':1 'engag':5 'foster':36 'inclus':38 'live':35 'opportun':6 'packag':10 'program':3 're':12 'reflect':27 'remuner':9 'social':4 'work':33 'workforc':16,25","{assist,build,clough,commit,communiti,competit,divers,employe,engag,foster,inclus,live,opportun,packag,program,re,reflect,remuner,social,work,workforc}"
Senior or Lead Analytics Engineer,Insight Timer,"",Australia," We’re looking for a Senior or Lead Analytics Engineer to help Insight Timer learn from its data. Insight Timer is the world’s largest meditation and wellness community, with over 30 million users. You’ll work closely with product, engineering and company leaders, turning...",reporting analyst,hireskys.com,2026-07-16 07:54:32.603 +0700,full_time,Senior or Lead Analytics Engineer,"We’re looking for a Senior or Lead Analytics Engineer to help Insight Timer learn from its data. Insight Timer is the world’s largest meditation and wellness community, with over 30 million users. You’ll work closely with product, engineering and company leaders, turning...",we re looking for a senior or lead analytics engineer to help insight timer learn from its data insight timer is the world s largest meditation and wellness community with over million users you ll work closely with product engineering and company leaders turning,"'30':30 'analyt':8 'close':35 'communiti':27 'compani':40 'data':17 'engin':9,38 'help':11 'insight':12,18 'largest':23 'lead':7 'leader':41 'learn':14 'look':2 'medit':24 'million':31 'product':37 'senior':5 'timer':13,19 'turn':42 'user':32 'well':26 'we’r':1 'work':34 'world’':22 'you’ll':33","{30,analyt,close,communiti,compani,data,engin,help,insight,largest,lead,leader,learn,look,medit,million,product,senior,timer,turn,user,well,we’r,work,world’,you’ll}"
"Talent Attraction, Events & Industry Pathways Specialist",Tesla,"",Australia," What To Expect 
 We are seeking an proactive, confident and engaging Industry Relations & Events Specialist to join our Aftersales team, with a focus on promoting Tesla's Aftersales employer brand, coordinating industry partnerships, and delivering engaging events that...",workforce analyst,ev.careers,2026-07-23 03:48:55.110 +0700,full_time,"Talent Attraction, Events & Industry Pathways Specialist","What To Expect We are seeking an proactive, confident and engaging Industry Relations & Events Specialist to join our Aftersales team, with a focus on promoting Tesla's Aftersales employer brand, coordinating industry partnerships, and delivering engaging events that...",what to expect we are seeking an proactive confident and engaging industry relations events specialist to join our aftersales team with a focus on promoting tesla s aftersales employer brand coordinating industry partnerships and delivering engaging events that,"'aftersal':19,28 'brand':30 'confid':9 'coordin':31 'deliv':35 'employ':29 'engag':11,36 'event':14,37 'expect':3 'focus':23 'industri':12,32 'join':17 'partnership':33 'proactiv':8 'promot':25 'relat':13 'seek':6 'specialist':15 'team':20 'tesla':26","{aftersal,brand,confid,coordin,deliv,employ,engag,event,expect,focus,industri,join,partnership,proactiv,promot,relat,seek,specialist,team,tesla}"
"Senior Analyst, Business Development (Identity & Security Specialist Sales)",Mastercard,"",Australia,"&nbsp;...governments realize their greatest potential.  Title and Summary  Senior <b>Analyst,</b> Business Development (Identity & Security Specialist Sales)...&nbsp;&nbsp;...targets and fostering regional expansion. 
 The role will <b>report </b>into the Director Regional Identity and Security Specialist...&nbsp;",reporting analyst,decentrajobs.com,2026-06-05 03:50:40.853 +0700,full_time,Senior Analyst,"...governments realize their greatest potential. Title and Summary Senior Analyst, Business Development (Identity & Security Specialist Sales)... ...targets and fostering regional expansion. The role will report into the Director Regional Identity and Security Specialist...",governments realize their greatest potential title and summary senior analyst business development identity security specialist sales targets and fostering regional expansion the role will report into the director regional identity and security specialist,"'analyst':10 'busi':11 'develop':12 'director':28 'expans':21 'foster':19 'govern':1 'greatest':4 'ident':13,30 'potenti':5 'realiz':2 'region':20,29 'report':25 'role':23 'sale':16 'secur':14,32 'senior':9 'specialist':15,33 'summari':8 'target':17 'titl':6","{analyst,busi,develop,director,expans,foster,govern,greatest,ident,potenti,realiz,region,report,role,sale,secur,senior,specialist,summari,target,titl}"
"Senior Analyst, Account Management",Mastercard,"",Australia,"&nbsp;...governments realize their greatest potential.  Title and Summary  Senior <b>Analyst,</b> Account Management 
 Overview 
 This role will drive sales...&nbsp;&nbsp;...to enhance sales opportunities, including monthly tracking <b>reports,</b> quarterly business reviews, statement of works and other...&nbsp;",reporting analyst,decentrajobs.com,2026-06-10 03:11:53.880 +0700,full_time,Senior Analyst,"...governments realize their greatest potential. Title and Summary Senior Analyst, Account Management Overview This role will drive sales... ...to enhance sales opportunities, including monthly tracking reports, quarterly business reviews, statement of works and other...",governments realize their greatest potential title and summary senior analyst account management overview this role will drive sales to enhance sales opportunities including monthly tracking reports quarterly business reviews statement of works and other,"'account':11 'analyst':10 'busi':28 'drive':17 'enhanc':20 'govern':1 'greatest':4 'includ':23 'manag':12 'month':24 'opportun':22 'overview':13 'potenti':5 'quarter':27 'realiz':2 'report':26 'review':29 'role':15 'sale':18,21 'senior':9 'statement':30 'summari':8 'titl':6 'track':25 'work':32","{account,analyst,busi,drive,enhanc,govern,greatest,includ,manag,month,opportun,overview,potenti,quarter,realiz,report,review,role,sale,senior,statement,summari,titl,track,work}"
SOC Analyst,Volexity,"",Australia,"&nbsp;...Volexity’s Security Operation Center (SOC) <b>Analysts </b>work to protect organizations from a wide variety of threats, ranging from commodity...&nbsp;&nbsp;...or previously undetected threats 
 Creating detailed incident <b>reports </b>that provide context, as well as actionable recommendations and...&nbsp;",reporting analyst,hireskys.com,2026-07-25 02:49:37.647 +0700,full_time,SOC Analyst,"...Volexity’s Security Operation Center (SOC) Analysts work to protect organizations from a wide variety of threats, ranging from commodity... ...or previously undetected threats Creating detailed incident reports that provide context, as well as actionable recommendations and...",volexity s security operation center soc analysts work to protect organizations from a wide variety of threats ranging from commodity or previously undetected threats creating detailed incident reports that provide context as well as actionable recommendations and,"'action':34 'analyst':6 'center':4 'commod':19 'context':30 'creat':24 'detail':25 'incid':26 'oper':3 'organ':10 'previous':21 'protect':9 'provid':29 'rang':17 'recommend':35 'report':27 'secur':2 'soc':5 'threat':16,23 'undetect':22 'varieti':14 'volexity’':1 'well':32 'wide':13 'work':7","{action,analyst,center,commod,context,creat,detail,incid,oper,organ,previous,protect,provid,rang,recommend,report,secur,soc,threat,undetect,varieti,volexity’,well,wide,work}"
Macro Analyst,IMC,"",Australia,"&nbsp;...ideas and knowledge. It makes no difference if you have been with us for three days or three years, the best idea wins. 
 Our Macro <b>Analyst </b>team plays a critical role in informing our trading strategies. The team is deeply passionate about global markets, macroeconomic...&nbsp;",reporting analyst,swooped.co,2025-10-02 00:00:00.000 +0700,not_specified,Macro Analyst,"...ideas and knowledge. It makes no difference if you have been with us for three days or three years, the best idea wins. Our Macro Analyst team plays a critical role in informing our trading strategies. The team is deeply passionate about global markets, macroeconomic...",ideas and knowledge it makes no difference if you have been with us for three days or three years the best idea wins our macro analyst team plays a critical role in informing our trading strategies the team is deeply passionate about global markets macroeconomic,"'analyst':26 'best':21 'critic':30 'day':16 'deepli':40 'differ':7 'global':43 'idea':1,22 'inform':33 'knowledg':3 'macro':25 'macroeconom':45 'make':5 'market':44 'passion':41 'play':28 'role':31 'strategi':36 'team':27,38 'three':15,18 'trade':35 'us':13 'win':23 'year':19","{analyst,best,critic,day,deepli,differ,global,idea,inform,knowledg,macro,macroeconom,make,market,passion,play,role,strategi,team,three,trade,us,win,year}"
Kit Scheduler,Stryker,"",Australia,"&nbsp;...our Supply Chain Team and in this role you’ll have the chance to work with all areas of our business to ensure we’re servicing our <b>customers </b>with the right product, in the right place, at the right time at the right cost.  
 As a    Kit Scheduler  , you will contribute...&nbsp;",customer insights analyst,swooped.co,2025-08-13 00:00:00.000 +0700,not_specified,Kit Scheduler,"...our Supply Chain Team and in this role you’ll have the chance to work with all areas of our business to ensure we’re servicing our customers with the right product, in the right place, at the right time at the right cost.   As a   Kit Scheduler , you will contribute...",our supply chain team and in this role you ll have the chance to work with all areas of our business to ensure we re servicing our customers with the right product in the right place at the right time at the right cost as a kit scheduler you will contribute,"'area':17 'busi':20 'chain':3 'chanc':12 'contribut':51 'cost':42 'custom':26 'ensur':22 'kit':47 'place':34 'product':30 'right':29,33,37,41 'role':8 'schedul':48 'servic':24 'suppli':2 'team':4 'time':38 'we’r':23 'work':14 'you’ll':9 '  ':43 ' ':46","{area,busi,chain,chanc,contribut,cost,custom,ensur,kit,place,product,right,role,schedul,servic,suppli,team,time,we’r,work,you’ll,  , }"
Technical Customer Support Specialist,ElevenLabs,"",Australia," About ElevenLabs:  ElevenLabs is a world-renowned generative AI research and audio product powerhouse transforming how humanity interacts with technology. Launched in January 2023 with the first human-like AI voice model, we serve millions of users and thousands of global...",reporting analyst,hireskys.com,2026-07-07 07:54:30.737 +0700,part_time,Technical Customer Support Specialist,"About ElevenLabs: ElevenLabs is a world-renowned generative AI research and audio product powerhouse transforming how humanity interacts with technology. Launched in January 2023 with the first human-like AI voice model, we serve millions of users and thousands of global...",about elevenlabs elevenlabs is a world renowned generative ai research and audio product powerhouse transforming how humanity interacts with technology launched in january with the first human like ai voice model we serve millions of users and thousands of global,"'2023':25 'ai':10,32 'audio':13 'elevenlab':2,3 'first':28 'generat':9 'global':43 'human':18,30 'human-lik':29 'interact':19 'januari':24 'launch':22 'like':31 'million':37 'model':34 'powerhous':15 'product':14 'renown':8 'research':11 'serv':36 'technolog':21 'thousand':41 'transform':16 'user':39 'voic':33 'world':7 'world-renown':6","{2023,ai,audio,elevenlab,first,generat,global,human,human-lik,interact,januari,launch,like,million,model,powerhous,product,renown,research,serv,technolog,thousand,transform,user,voic,world,world-renown}"
"Senior Specialist, Technical Product Enablement and Sales",Mastercard,"",Australia,"&nbsp;...by Mastercard’s security policies and practices; 
 Ensure the confidentiality and integrity of the information being accessed; 
 <b>Report </b>any suspected information security violation or breach, and 
 Complete all periodic mandatory security trainings in accordance with...&nbsp;",reporting analyst,decentrajobs.com,2026-07-07 03:05:09.240 +0700,full_time,Senior Specialist,"...by Mastercard’s security policies and practices; Ensure the confidentiality and integrity of the information being accessed; Report any suspected information security violation or breach, and Complete all periodic mandatory security trainings in accordance with...",by mastercard s security policies and practices ensure the confidentiality and integrity of the information being accessed report any suspected information security violation or breach and complete all periodic mandatory security trainings in accordance with,"'access':16 'accord':33 'breach':24 'complet':26 'confidenti':9 'ensur':7 'inform':14,20 'integr':11 'mandatori':29 'mastercard’':2 'period':28 'polici':4 'practic':6 'report':17 'secur':3,21,30 'suspect':19 'train':31 'violat':22","{access,accord,breach,complet,confidenti,ensur,inform,integr,mandatori,mastercard’,period,polici,practic,report,secur,suspect,train,violat}"
Staff Data Scientist,Tilt,"",Australia," The Opportunity: Staff Data Scientist  We’re hiring for a  Staff Data Scientist  to help expand Tilt’s credit modeling and risk analytics capability for our Philippines-based business, Cashalo. 
 This is a high impact role with a direct mandate to  build and refine underwriting...",reporting analyst,hireskys.com,2026-07-17 03:33:25.740 +0700,full_time,Staff Data Scientist,"The Opportunity: Staff Data Scientist We’re hiring for a Staff Data Scientist to help expand Tilt’s credit modeling and risk analytics capability for our Philippines-based business, Cashalo. This is a high impact role with a direct mandate to build and refine underwriting...",the opportunity staff data scientist we re hiring for a staff data scientist to help expand tilt s credit modeling and risk analytics capability for our philippines based business cashalo this is a high impact role with a direct mandate to build and refine underwriting,"'analyt':21 'base':27 'build':41 'busi':28 'capabl':22 'cashalo':29 'credit':17 'data':4,11 'direct':38 'expand':15 'help':14 'high':33 'hire':7 'impact':34 'mandat':39 'model':18 'opportun':2 'philippin':26 'philippines-bas':25 'refin':43 'risk':20 'role':35 'scientist':5,12 'staff':3,10 'tilt’':16 'underwrit':44 'we’r':6","{analyt,base,build,busi,capabl,cashalo,credit,data,direct,expand,help,high,hire,impact,mandat,model,opportun,philippin,philippines-bas,refin,risk,role,scientist,staff,tilt’,underwrit,we’r}"
Senior Engineer Service Management,Unisys,"",Australia," What success looks like in this role: 
 This role oversees, facilitates and administers ITIL based service support and requires a strong understanding of Service Management practices, with a particular emphasis on Service Request Management and Service Level Management...",reporting analyst,swooped.co,2025-09-11 00:00:00.000 +0700,not_specified,Senior Engineer Service Management,"What success looks like in this role: This role oversees, facilitates and administers ITIL based service support and requires a strong understanding of Service Management practices, with a particular emphasis on Service Request Management and Service Level Management...",what success looks like in this role this role oversees facilitates and administers itil based service support and requires a strong understanding of service management practices with a particular emphasis on service request management and service level management,"'administ':13 'base':15 'emphasi':30 'facilit':11 'itil':14 'level':37 'like':4 'look':3 'manag':25,34,38 'overse':10 'particular':29 'practic':26 'request':33 'requir':19 'role':7,9 'servic':16,24,32,36 'strong':21 'success':2 'support':17 'understand':22","{administ,base,emphasi,facilit,itil,level,like,look,manag,overse,particular,practic,request,requir,role,servic,strong,success,support,understand}"
Influencer Specialist,White Fox Boutique,"",Australia,"&nbsp;...Develop, monitor and track engagement and conversions through influencer programs and contracts 
 Deliver weekly influencer activity <b>reports </b>to the PR & Influencer Manager 
 Requirements 
 Experience in a similar PR and influencer based role 
 Extensive knowledge of...&nbsp;",reporting analyst,swooped.co,2025-08-12 00:00:00.000 +0700,not_specified,Influencer Specialist,"...Develop, monitor and track engagement and conversions through influencer programs and contracts Deliver weekly influencer activity reports to the PR & Influencer Manager Requirements Experience in a similar PR and influencer based role Extensive knowledge of...",develop monitor and track engagement and conversions through influencer programs and contracts deliver weekly influencer activity reports to the pr influencer manager requirements experience in a similar pr and influencer based role extensive knowledge of,"'activ':16 'base':31 'contract':12 'convers':7 'deliv':13 'develop':1 'engag':5 'experi':24 'extens':33 'influenc':9,15,21,30 'knowledg':34 'manag':22 'monitor':2 'pr':20,28 'program':10 'report':17 'requir':23 'role':32 'similar':27 'track':4 'week':14","{activ,base,contract,convers,deliv,develop,engag,experi,extens,influenc,knowledg,manag,monitor,pr,program,report,requir,role,similar,track,week}"
"Talent Attraction, Events & Industry Pathways Specialist",Tesla,"",Australia," What To Expect 
 We are seeking an proactive, confident and engaging Industry Relations & Events Specialist to join our Aftersales team, with a focus on promoting Tesla's Aftersales employer brand, coordinating industry partnerships, and delivering engaging events that...",reporting analyst,ev.careers,2026-07-23 03:48:55.110 +0700,full_time,"Talent Attraction, Events & Industry Pathways Specialist","What To Expect We are seeking an proactive, confident and engaging Industry Relations & Events Specialist to join our Aftersales team, with a focus on promoting Tesla's Aftersales employer brand, coordinating industry partnerships, and delivering engaging events that...",what to expect we are seeking an proactive confident and engaging industry relations events specialist to join our aftersales team with a focus on promoting tesla s aftersales employer brand coordinating industry partnerships and delivering engaging events that,"'aftersal':19,28 'brand':30 'confid':9 'coordin':31 'deliv':35 'employ':29 'engag':11,36 'event':14,37 'expect':3 'focus':23 'industri':12,32 'join':17 'partnership':33 'proactiv':8 'promot':25 'relat':13 'seek':6 'specialist':15 'team':20 'tesla':26","{aftersal,brand,confid,coordin,deliv,employ,engag,event,expect,focus,industri,join,partnership,proactiv,promot,relat,seek,specialist,team,tesla}"
Windows System Engineer,IMC,"",Australia," At IMC, technology is at the core of everything we do, and how we build and maintain our user space infrastructure is key to our global success. Our Operations Engineering team designs, automates, and scales the systems that power our workstations, tools, and user environments...",reporting analyst,swooped.co,2025-09-24 00:00:00.000 +0700,not_specified,Windows System Engineer,"At IMC, technology is at the core of everything we do, and how we build and maintain our user space infrastructure is key to our global success. Our Operations Engineering team designs, automates, and scales the systems that power our workstations, tools, and user environments...",at imc technology is at the core of everything we do and how we build and maintain our user space infrastructure is key to our global success our operations engineering team designs automates and scales the systems that power our workstations tools and user environments,"'autom':33 'build':15 'core':7 'design':32 'engin':30 'environ':45 'everyth':9 'global':26 'imc':2 'infrastructur':21 'key':23 'maintain':17 'oper':29 'power':39 'scale':35 'space':20 'success':27 'system':37 'team':31 'technolog':3 'tool':42 'user':19,44 'workstat':41","{autom,build,core,design,engin,environ,everyth,global,imc,infrastructur,key,maintain,oper,power,scale,space,success,system,team,technolog,tool,user,workstat}"
Senior Project Engineer,Lendlease,"",Australia," Lendlease is a globally integrated real estate group with core expertise in Investment Management, Development, and Construction. For more than 60 years, we have created thriving places around the globe.  
 About the Role: 
 With a national delivery capability, Lendlease...",reporting analyst,swooped.co,2026-02-27 00:00:00.000 +0700,not_specified,Senior Project Engineer,"Lendlease is a globally integrated real estate group with core expertise in Investment Management, Development, and Construction. For more than 60 years, we have created thriving places around the globe.   About the Role: With a national delivery capability, Lendlease...",lendlease is a globally integrated real estate group with core expertise in investment management development and construction for more than years we have created thriving places around the globe about the role with a national delivery capability lendlease,"'60':21 'around':28 'capabl':39 'construct':17 'core':10 'creat':25 'deliveri':38 'develop':15 'estat':7 'expertis':11 'global':4 'globe':30 'group':8 'integr':5 'invest':13 'lendleas':1,40 'manag':14 'nation':37 'place':27 'real':6 'role':34 'thrive':26 'year':22 ' ':31","{60,around,capabl,construct,core,creat,deliveri,develop,estat,expertis,global,globe,group,integr,invest,lendleas,manag,nation,place,real,role,thrive,year, }"
Civil Engineer,Invictus People,$110k,Australia,"&nbsp;...earthworks, pavements, water and sewer reticulation, and road geometry. 
 Producing design documentation, drawings, specifications, and <b>reports </b>to a standard that holds up in front of councils, SA Water, DIT, and clients. 
 Managing projects end-to-end: scoping, fee...&nbsp;",reporting analyst,atzcrm.com,2026-05-11 07:46:41.717 +0700,not_specified,Civil Engineer,"...earthworks, pavements, water and sewer reticulation, and road geometry. Producing design documentation, drawings, specifications, and reports to a standard that holds up in front of councils, SA Water, DIT, and clients. Managing projects end-to-end: scoping, fee...",earthworks pavements water and sewer reticulation and road geometry producing design documentation drawings specifications and reports to a standard that holds up in front of councils sa water dit and clients managing projects end to end scoping fee,"'client':31 'council':26 'design':11 'dit':29 'document':12 'draw':13 'earthwork':1 'end':35,37 'end-to-end':34 'fee':39 'front':24 'geometri':9 'hold':21 'manag':32 'pavement':2 'produc':10 'project':33 'report':16 'reticul':6 'road':8 'sa':27 'scope':38 'sewer':5 'specif':14 'standard':19 'water':3,28","{client,council,design,dit,document,draw,earthwork,end,end-to-end,fee,front,geometri,hold,manag,pavement,produc,project,report,reticul,road,sa,scope,sewer,specif,standard,water}"
Quality Engineer,Invictus People,$110k,Australia,"&nbsp;...certification audits. 
 Perform root cause analysis and implement effective corrective and preventive actions. 
 Manage non-conformance <b>reports </b>and drive timely resolution. 
 Support First Article Inspection (FAI), Production Part Approval Process (PPAP), and validation...&nbsp;",reporting analyst,atzcrm.com,2026-07-15 03:11:10.827 +0700,not_specified,Quality Engineer,"...certification audits. Perform root cause analysis and implement effective corrective and preventive actions. Manage non-conformance reports and drive timely resolution. Support First Article Inspection (FAI), Production Part Approval Process (PPAP), and validation...",certification audits perform root cause analysis and implement effective corrective and preventive actions manage non conformance reports and drive timely resolution support first article inspection fai production part approval process ppap and validation,'action':13 'analysi':6 'approv':30 'articl':25 'audit':2 'caus':5 'certif':1 'conform':17 'correct':10 'drive':20 'effect':9 'fai':27 'first':24 'implement':8 'inspect':26 'manag':14 'non':16 'non-conform':15 'part':29 'perform':3 'ppap':32 'prevent':12 'process':31 'product':28 'report':18 'resolut':22 'root':4 'support':23 'time':21 'valid':34,"{action,analysi,approv,articl,audit,caus,certif,conform,correct,drive,effect,fai,first,implement,inspect,manag,non,non-conform,part,perform,ppap,prevent,process,product,report,resolut,root,support,time,valid}"
"Manager, Technical Product Enablement and Specialist Sales (Digital and Agentic)",Mastercard,"",Australia,"&nbsp;...by Mastercard’s security policies and practices; 
 Ensure the confidentiality and integrity of the information being accessed; 
 <b>Report </b>any suspected information security violation or breach, and 
 Complete all periodic mandatory security trainings in accordance with...&nbsp;",reporting analyst,decentrajobs.com,2026-07-16 04:20:36.963 +0700,full_time,Manager,"...by Mastercard’s security policies and practices; Ensure the confidentiality and integrity of the information being accessed; Report any suspected information security violation or breach, and Complete all periodic mandatory security trainings in accordance with...",by mastercard s security policies and practices ensure the confidentiality and integrity of the information being accessed report any suspected information security violation or breach and complete all periodic mandatory security trainings in accordance with,"'access':16 'accord':33 'breach':24 'complet':26 'confidenti':9 'ensur':7 'inform':14,20 'integr':11 'mandatori':29 'mastercard’':2 'period':28 'polici':4 'practic':6 'report':17 'secur':3,21,30 'suspect':19 'train':31 'violat':22","{access,accord,breach,complet,confidenti,ensur,inform,integr,mandatori,mastercard’,period,polici,practic,report,secur,suspect,train,violat}"
Marine Engineers (3rd OOW Engineers),DOF,"",Australia," DOF is hiring - 2nd/3rd Engineers (OOW Engineers)
 DOF is actively hiring experience as a 2nd/3rd Engineer (OOW Engineers) for casual opportunities on various vessels. As a Marine Engineer with DOF, you would be maintaining our world class fleet of vessels. Our Marine...",reporting analyst,swooped.co,2025-09-22 00:00:00.000 +0700,not_specified,Marine Engineers (3rd OOW Engineers),"DOF is hiring - 2nd/3rd Engineers (OOW Engineers) DOF is actively hiring experience as a 2nd/3rd Engineer (OOW Engineers) for casual opportunities on various vessels. As a Marine Engineer with DOF, you would be maintaining our world class fleet of vessels. Our Marine...",dof is hiring nd rd engineers oow engineers dof is actively hiring experience as a nd rd engineer oow engineers for casual opportunities on various vessels as a marine engineer with dof you would be maintaining our world class fleet of vessels our marine,"'2nd/3rd':4,15 'activ':10 'casual':20 'class':37 'dof':1,8,30 'engin':5,7,16,18,28 'experi':12 'fleet':38 'hire':3,11 'maintain':34 'marin':27,42 'oow':6,17 'opportun':21 'various':23 'vessel':24,40 'world':36 'would':32","{2nd/3rd,activ,casual,class,dof,engin,experi,fleet,hire,maintain,marin,oow,opportun,various,vessel,world,would}"
Civil Engineer,Invictus People,$110k,Australia,"&nbsp;...earthworks, pavements, water and sewer reticulation, and road geometry. 
 Producing design documentation, drawings, specifications, and <b>reports </b>to a standard that holds up in front of councils, SA Water, DIT, and clients. 
 Managing projects end-to-end: scoping, fee...&nbsp;",data reporting analyst,atzcrm.com,2026-05-11 07:46:41.717 +0700,not_specified,Civil Engineer,"...earthworks, pavements, water and sewer reticulation, and road geometry. Producing design documentation, drawings, specifications, and reports to a standard that holds up in front of councils, SA Water, DIT, and clients. Managing projects end-to-end: scoping, fee...",earthworks pavements water and sewer reticulation and road geometry producing design documentation drawings specifications and reports to a standard that holds up in front of councils sa water dit and clients managing projects end to end scoping fee,"'client':31 'council':26 'design':11 'dit':29 'document':12 'draw':13 'earthwork':1 'end':35,37 'end-to-end':34 'fee':39 'front':24 'geometri':9 'hold':21 'manag':32 'pavement':2 'produc':10 'project':33 'report':16 'reticul':6 'road':8 'sa':27 'scope':38 'sewer':5 'specif':14 'standard':19 'water':3,28","{client,council,design,dit,document,draw,earthwork,end,end-to-end,fee,front,geometri,hold,manag,pavement,produc,project,report,reticul,road,sa,scope,sewer,specif,standard,water}"
QA Engineer,Keypath Education,"",Australia,"&nbsp;...permanent, full-time fully remote configuration in Australia (<b>reporting </b>into our Keypath Melbourne office). In this critical software quality...&nbsp;&nbsp;...as a Quality Assurance Engineer, Automated Tester, SDET, Test <b>Analyst,</b> or closely matching tech-enabled quality verification capacity...&nbsp;",reporting analyst,hireskys.com,2026-07-07 07:54:24.497 +0700,full_time,QA Engineer,"...permanent, full-time fully remote configuration in Australia ( reporting into our Keypath Melbourne office). In this critical software quality... ...as a Quality Assurance Engineer, Automated Tester, SDET, Test Analyst, or closely matching tech-enabled quality verification capacity...",permanent full time fully remote configuration in australia reporting into our keypath melbourne office in this critical software quality as a quality assurance engineer automated tester sdet test analyst or closely matching tech enabled quality verification capacity,"'analyst':30 'assur':24 'australia':9 'autom':26 'capac':39 'close':32 'configur':7 'critic':18 'enabl':36 'engin':25 'full':3 'full-tim':2 'fulli':5 'keypath':13 'match':33 'melbourn':14 'offic':15 'perman':1 'qualiti':20,23,37 'remot':6 'report':10 'sdet':28 'softwar':19 'tech':35 'tech-en':34 'test':29 'tester':27 'time':4 'verif':38","{analyst,assur,australia,autom,capac,close,configur,critic,enabl,engin,full,full-tim,fulli,keypath,match,melbourn,offic,perman,qualiti,remot,report,sdet,softwar,tech,tech-en,test,tester,time,verif}"
HR Business Partner,Clough AMEC.,"",Australia,"&nbsp;...within the project to develop and implement HR strategies that align with business objectives. 
 Guide organisational design and <b>workforce </b>planning to improve efficiency and effectiveness. 
 Implement performance appraisal systems to evaluate employee performance....&nbsp;",workforce analyst,swooped.co,2025-08-13 00:00:00.000 +0700,not_specified,HR Business Partner,...within the project to develop and implement HR strategies that align with business objectives. Guide organisational design and workforce planning to improve efficiency and effectiveness. Implement performance appraisal systems to evaluate employee performance....,within the project to develop and implement hr strategies that align with business objectives guide organisational design and workforce planning to improve efficiency and effectiveness implement performance appraisal systems to evaluate employee performance,"'align':11 'apprais':28 'busi':13 'design':17 'develop':5 'effect':25 'effici':23 'employe':32 'evalu':31 'guid':15 'hr':8 'implement':7,26 'improv':22 'object':14 'organis':16 'perform':27,33 'plan':20 'project':3 'strategi':9 'system':29 'within':1 'workforc':19","{align,apprais,busi,design,develop,effect,effici,employe,evalu,guid,hr,implement,improv,object,organis,perform,plan,project,strategi,system,within,workforc}"
Site Engineer,Lendlease,"",Australia,"&nbsp;...specifications, quality standards, and safety regulations. 
 Prepare and maintain accurate site records, including daily logs, progress <b>reports,</b> and material tracking. 
 Interpret and implement engineering drawings, blueprints, and technical specifications on-site....&nbsp;",reporting analyst,swooped.co,2026-02-27 00:00:00.000 +0700,not_specified,Site Engineer,"...specifications, quality standards, and safety regulations. Prepare and maintain accurate site records, including daily logs, progress reports, and material tracking. Interpret and implement engineering drawings, blueprints, and technical specifications on-site....",specifications quality standards and safety regulations prepare and maintain accurate site records including daily logs progress reports and material tracking interpret and implement engineering drawings blueprints and technical specifications on site,"'accur':10 'blueprint':26 'daili':14 'draw':25 'engin':24 'implement':23 'includ':13 'interpret':21 'log':15 'maintain':9 'materi':19 'on-sit':30 'prepar':7 'progress':16 'qualiti':2 'record':12 'regul':6 'report':17 'safeti':5 'site':11,32 'specif':1,29 'standard':3 'technic':28 'track':20","{accur,blueprint,daili,draw,engin,implement,includ,interpret,log,maintain,materi,on-sit,prepar,progress,qualiti,record,regul,report,safeti,site,specif,standard,technic,track}"
Network Systems Engineer,Northrop Grumman,"",Australia," AUSTRALIAN CITIZENSHIP REQUIRED FOR THIS POSITION: Yes 
 RELOCATION ASSISTANCE: Relocation assistance may be available 
 CLEARANCE TYPE: AU-TSPV (Positive Vetting)
 TRAVEL: Yes, 25% of the Time 
 Description 
 We are Northrop Grumman Australia. Our 800 strong team...",reporting analyst,swooped.co,2025-08-14 00:00:00.000 +0700,not_specified,Network Systems Engineer,"AUSTRALIAN CITIZENSHIP REQUIRED FOR THIS POSITION: Yes RELOCATION ASSISTANCE: Relocation assistance may be available CLEARANCE TYPE: AU-TSPV (Positive Vetting) TRAVEL: Yes, 25% of the Time Description We are Northrop Grumman Australia. Our 800 strong team...",australian citizenship required for this position yes relocation assistance relocation assistance may be available clearance type au tspv positive vetting travel yes of the time description we are northrop grumman australia our strong team,"'25':24 '800':35 'assist':9,11 'au':18 'au-tspv':17 'australia':33 'australian':1 'avail':14 'citizenship':2 'clearanc':15 'descript':28 'grumman':32 'may':12 'northrop':31 'posit':6,20 'reloc':8,10 'requir':3 'strong':36 'team':37 'time':27 'travel':22 'tspv':19 'type':16 'vet':21 'yes':7,23","{25,800,assist,au,au-tspv,australia,australian,avail,citizenship,clearanc,descript,grumman,may,northrop,posit,reloc,requir,strong,team,time,travel,tspv,type,vet,yes}"
Senior Service Reliability Engineer,Zé Delivery,"",Australia," Why PlayStation?
 PlayStation isn’t just the Best Place to Play — it’s also the Best Place to Work. Today, we’re recognized as a global leader in entertainment producing The PlayStation family of products and services including PlayStation®5, PlayStation®4, PlayStation...",reporting analyst,swooped.co,2025-08-21 00:00:00.000 +0700,not_specified,Senior Service Reliability Engineer,"Why PlayStation? PlayStation isn’t just the Best Place to Play — it’s also the Best Place to Work. Today, we’re recognized as a global leader in entertainment producing The PlayStation family of products and services including PlayStation®5, PlayStation®4, PlayStation...",why playstation playstation isn t just the best place to play it s also the best place to work today we re recognized as a global leader in entertainment producing the playstation family of products and services including playstation playstation playstation,"'also':13 'best':7,15 'entertain':27 'famili':31 'global':24 'includ':36 'isn’t':4 'it’':12 'leader':25 'place':8,16 'play':10 'playstat':2,3,30,39 'playstation®4':38 'playstation®5':37 'produc':28 'product':33 'recogn':21 'servic':35 'today':19 'we’r':20 'work':18 '—':11","{also,best,entertain,famili,global,includ,isn’t,it’,leader,place,play,playstat,playstation®4,playstation®5,produc,product,recogn,servic,today,we’r,work,—}"
Senior Site Reliability Engineer,Mastercard,"",Australia,"&nbsp;...by Mastercard’s security policies and practices; 
 Ensure the confidentiality and integrity of the information being accessed; 
 <b>Report </b>any suspected information security violation or breach, and 
 Complete all periodic mandatory security trainings in accordance with...&nbsp;",reporting analyst,decentrajobs.com,2026-06-26 03:04:41.713 +0700,full_time,Senior Site Reliability Engineer,"...by Mastercard’s security policies and practices; Ensure the confidentiality and integrity of the information being accessed; Report any suspected information security violation or breach, and Complete all periodic mandatory security trainings in accordance with...",by mastercard s security policies and practices ensure the confidentiality and integrity of the information being accessed report any suspected information security violation or breach and complete all periodic mandatory security trainings in accordance with,"'access':16 'accord':33 'breach':24 'complet':26 'confidenti':9 'ensur':7 'inform':14,20 'integr':11 'mandatori':29 'mastercard’':2 'period':28 'polici':4 'practic':6 'report':17 'secur':3,21,30 'suspect':19 'train':31 'violat':22","{access,accord,breach,complet,confidenti,ensur,inform,integr,mandatori,mastercard’,period,polici,practic,report,secur,suspect,train,violat}"
Site Reliability Engineer II,Mastercard,"",Australia,"&nbsp;...by Mastercard’s security policies and practices; 
 Ensure the confidentiality and integrity of the information being accessed; 
 <b>Report </b>any suspected information security violation or breach, and 
 Complete all periodic mandatory security trainings in accordance with...&nbsp;",reporting analyst,decentrajobs.com,2026-06-26 03:04:41.757 +0700,full_time,Site Reliability Engineer II,"...by Mastercard’s security policies and practices; Ensure the confidentiality and integrity of the information being accessed; Report any suspected information security violation or breach, and Complete all periodic mandatory security trainings in accordance with...",by mastercard s security policies and practices ensure the confidentiality and integrity of the information being accessed report any suspected information security violation or breach and complete all periodic mandatory security trainings in accordance with,"'access':16 'accord':33 'breach':24 'complet':26 'confidenti':9 'ensur':7 'inform':14,20 'integr':11 'mandatori':29 'mastercard’':2 'period':28 'polici':4 'practic':6 'report':17 'secur':3,21,30 'suspect':19 'train':31 'violat':22","{access,accord,breach,complet,confidenti,ensur,inform,integr,mandatori,mastercard’,period,polici,practic,report,secur,suspect,train,violat}"
"Business Development Manager - CDE Program (Consultants, Designer and Engineer)",Genetec,"",Australia," Your team’s dynamic: 
 Genetec is seeking a senior professional to lead and grow our Consulting, Design, and Engineering (CDE) Program across Australia and New Zealand. This is a high-impact role focused on strengthening relationships with security consultants and design...",reporting analyst,swooped.co,2025-08-13 00:00:00.000 +0700,not_specified,Business Development Manager - CDE Program (Consultants,"Your team’s dynamic: Genetec is seeking a senior professional to lead and grow our Consulting, Design, and Engineering (CDE) Program across Australia and New Zealand. This is a high-impact role focused on strengthening relationships with security consultants and design...",your team s dynamic genetec is seeking a senior professional to lead and grow our consulting design and engineering cde program across australia and new zealand this is a high impact role focused on strengthening relationships with security consultants and design,"'across':21 'australia':22 'cde':19 'consult':15,39 'design':16,41 'dynam':3 'engin':18 'focus':33 'genetec':4 'grow':13 'high':30 'high-impact':29 'impact':31 'lead':11 'new':24 'profession':9 'program':20 'relationship':36 'role':32 'secur':38 'seek':6 'senior':8 'strengthen':35 'team’':2 'zealand':25","{across,australia,cde,consult,design,dynam,engin,focus,genetec,grow,high,high-impact,impact,lead,new,profession,program,relationship,role,secur,seek,senior,strengthen,team’,zealand}"
"AU Product Support Specialist (Remote, Philippines)",Podium,"",Australia,"&nbsp;...interactions across chat, email, phone, and Podium tools in a timely and accurate manner. 
 You will become an expert in Podium <b>products,</b> both at a technical and customer use-case level. 
 You will not stop at a simple resolution, but will look for opportunities to...&nbsp;",product analyst,swooped.co,2025-08-06 00:00:00.000 +0700,not_specified,AU Product Support Specialist (Remote,"...interactions across chat, email, phone, and Podium tools in a timely and accurate manner. You will become an expert in Podium products, both at a technical and customer use-case level. You will not stop at a simple resolution, but will look for opportunities to...",interactions across chat email phone and podium tools in a timely and accurate manner you will become an expert in podium products both at a technical and customer use case level you will not stop at a simple resolution but will look for opportunities to,"'accur':13 'across':2 'becom':17 'case':31 'chat':3 'custom':28 'email':4 'expert':19 'interact':1 'level':32 'look':43 'manner':14 'opportun':45 'phone':5 'podium':7,21 'product':22 'resolut':40 'simpl':39 'stop':36 'technic':26 'time':11 'tool':8 'use':30 'use-cas':29","{accur,across,becom,case,chat,custom,email,expert,interact,level,look,manner,opportun,phone,podium,product,resolut,simpl,stop,technic,time,tool,use,use-cas}"
"Sr. Staff Engineer, Robotics/Automotive System Software",Tenstorrent,$100k,Australia," Tenstorrent is leading the industry on cutting-edge AI technology, revolutionizing performance expectations, ease of use, and cost efficiency. With AI redefining the computing paradigm, solutions must evolve to unify innovations in software models, compilers, platforms...",reporting analyst,swooped.co,2025-08-27 00:00:00.000 +0700,not_specified,Sr. Staff Engineer,"Tenstorrent is leading the industry on cutting-edge AI technology, revolutionizing performance expectations, ease of use, and cost efficiency. With AI redefining the computing paradigm, solutions must evolve to unify innovations in software models, compilers, platforms...",tenstorrent is leading the industry on cutting edge ai technology revolutionizing performance expectations ease of use and cost efficiency with ai redefining the computing paradigm solutions must evolve to unify innovations in software models compilers platforms,"'ai':10,22 'compil':36 'comput':25 'cost':19 'cut':8 'cutting-edg':7 'eas':15 'edg':9 'effici':20 'evolv':29 'expect':14 'industri':5 'innov':32 'lead':3 'model':35 'must':28 'paradigm':26 'perform':13 'platform':37 'redefin':23 'revolution':12 'softwar':34 'solut':27 'technolog':11 'tenstorr':1 'unifi':31 'use':17","{ai,compil,comput,cost,cut,cutting-edg,eas,edg,effici,evolv,expect,industri,innov,lead,model,must,paradigm,perform,platform,redefin,revolution,softwar,solut,technolog,tenstorr,unifi,use}"
ESG Junior Data Analyst (Mandarin Speaker),ISS | Institutional Shareholder Services,"",Australia," Let’s be #BrilliantTogether 
 OVERVIEW 
 ISS ESG offers expertise across a full range of environmental, social and governance (ESG) issues – having worked with leading asset owners and asset managers to develop solutions to integrate Responsible Investment (RI) into ...",insights analyst,swooped.co,2026-02-27 00:00:00.000 +0700,not_specified,ESG Junior Data Analyst (Mandarin Speaker),"Let’s be #BrilliantTogether OVERVIEW ISS ESG offers expertise across a full range of environmental, social and governance (ESG) issues – having worked with leading asset owners and asset managers to develop solutions to integrate Responsible Investment (RI) into ...",let s be brillianttogether overview iss esg offers expertise across a full range of environmental social and governance esg issues having worked with leading asset owners and asset managers to develop solutions to integrate responsible investment ri into,"'across':9 'asset':25,28 'brillianttogeth':3 'develop':31 'environment':14 'esg':6,18 'expertis':8 'full':11 'govern':17 'integr':34 'invest':36 'iss':5 'issu':19 'lead':24 'let’':1 'manag':29 'offer':7 'overview':4 'owner':26 'rang':12 'respons':35 'ri':37 'social':15 'solut':32 'work':22 '–':20","{across,asset,brillianttogeth,develop,environment,esg,expertis,full,govern,integr,invest,iss,issu,lead,let’,manag,offer,overview,owner,rang,respons,ri,social,solut,work,–}"
"Product and Sales Analyst, Specialist - Core Consumer",Mastercard,"",Australia,"&nbsp;...their greatest potential.  Title and Summary  Product and Sales <b>Analyst,</b> Specialist – Core Consumer 
 Overview 
 Specialist, Product...&nbsp;&nbsp;...Specialist provides product knowledge, technical support, and market <b>insight </b>to help deliver customer centric solutions and support regional...&nbsp;",insights analyst,decentrajobs.com,2026-05-29 02:16:31.753 +0700,full_time,Product and Sales Analyst,"...their greatest potential. Title and Summary Product and Sales Analyst, Specialist – Core Consumer Overview Specialist, Product... ...Specialist provides product knowledge, technical support, and market insight to help deliver customer centric solutions and support regional...",their greatest potential title and summary product and sales analyst specialist core consumer overview specialist product specialist provides product knowledge technical support and market insight to help deliver customer centric solutions and support regional,"'analyst':10 'centric':31 'consum':14 'core':13 'custom':30 'deliv':29 'greatest':2 'help':28 'insight':26 'knowledg':21 'market':25 'overview':15 'potenti':3 'product':7,17,20 'provid':19 'region':35 'sale':9 'solut':32 'specialist':11,16,18 'summari':6 'support':23,34 'technic':22 'titl':4 '–':12","{analyst,centric,consum,core,custom,deliv,greatest,help,insight,knowledg,market,overview,potenti,product,provid,region,sale,solut,specialist,summari,support,technic,titl,–}"
Consultant,Appian Corporation,"",Australia,"&nbsp;...growth you need to strengthen and evolve your skills within the <b>consulting </b>field. 
 We are seeking a Technical Consultant to join our...&nbsp;&nbsp;...with Amazon Web Services (AWS), Artificial Intelligence (AI), <b>Analytics,</b> Machine Learning, Google Cloud, Application Integration, Database...&nbsp;",analytics consultant,swooped.co,2026-02-27 00:00:00.000 +0700,not_specified,Consultant,"...growth you need to strengthen and evolve your skills within the consulting field. We are seeking a Technical Consultant to join our... ...with Amazon Web Services (AWS), Artificial Intelligence (AI), Analytics, Machine Learning, Google Cloud, Application Integration, Database...",growth you need to strengthen and evolve your skills within the consulting field we are seeking a technical consultant to join our with amazon web services aws artificial intelligence ai analytics machine learning google cloud application integration database,"'ai':30 'amazon':24 'analyt':31 'applic':36 'artifici':28 'aw':27 'cloud':35 'consult':12,19 'databas':38 'evolv':7 'field':13 'googl':34 'growth':1 'integr':37 'intellig':29 'join':21 'learn':33 'machin':32 'need':3 'seek':16 'servic':26 'skill':9 'strengthen':5 'technic':18 'web':25 'within':10","{ai,amazon,analyt,applic,artifici,aw,cloud,consult,databas,evolv,field,googl,growth,integr,intellig,join,learn,machin,need,seek,servic,skill,strengthen,technic,web,within}"
"Managing Consultant, Commercial Cards, Advisors & Consulting Services, Deploy",Mastercard,"",Australia,"&nbsp;...realize their greatest potential.  Title and Summary  Managing <b>Consultant,</b> Commercial Cards, Advisors & Consulting Services, Deploy...&nbsp;&nbsp;...business initiatives. 
 The ideal candidate will possess strong <b>analytical </b>skills, excellent communication abilities, and a deep understanding...&nbsp;",analytics consultant,decentrajobs.com,2026-07-20 08:16:32.897 +0700,full_time,Managing Consultant,"...realize their greatest potential. Title and Summary Managing Consultant, Commercial Cards, Advisors & Consulting Services, Deploy... ...business initiatives. The ideal candidate will possess strong analytical skills, excellent communication abilities, and a deep understanding...",realize their greatest potential title and summary managing consultant commercial cards advisors consulting services deploy business initiatives the ideal candidate will possess strong analytical skills excellent communication abilities and a deep understanding,"'abil':28 'advisor':12 'analyt':24 'busi':16 'candid':20 'card':11 'commerci':10 'communic':27 'consult':9,13 'deep':31 'deploy':15 'excel':26 'greatest':3 'ideal':19 'initi':17 'manag':8 'possess':22 'potenti':4 'realiz':1 'servic':14 'skill':25 'strong':23 'summari':7 'titl':5 'understand':32","{abil,advisor,analyt,busi,candid,card,commerci,communic,consult,deep,deploy,excel,greatest,ideal,initi,manag,possess,potenti,realiz,servic,skill,strong,summari,titl,understand}"
Technical Support Advisor,Ada,"",Australia,"&nbsp;...excellent backlog management skills, ensuring service requests are kept up to date and nothing “dies on the vine”. 
 You possess an <b>analytical </b>and methodical approach to problem-solving and troubleshooting technical issues. 
 You manage competing priorities transparently...&nbsp;",analytics consultant,swooped.co,2025-09-25 00:00:00.000 +0700,not_specified,Technical Support Advisor,"...excellent backlog management skills, ensuring service requests are kept up to date and nothing “dies on the vine”. You possess an analytical and methodical approach to problem-solving and troubleshooting technical issues. You manage competing priorities transparently...",excellent backlog management skills ensuring service requests are kept up to date and nothing dies on the vine you possess an analytical and methodical approach to problem solving and troubleshooting technical issues you manage competing priorities transparently,"'analyt':22 'approach':25 'backlog':2 'compet':36 'date':12 'ensur':5 'excel':1 'issu':33 'kept':9 'manag':3,35 'method':24 'noth':14 'possess':20 'prioriti':37 'problem':28 'problem-solv':27 'request':7 'servic':6 'skill':4 'solv':29 'technic':32 'transpar':38 'troubleshoot':31 'vine”':18 '“di':15","{analyt,approach,backlog,compet,date,ensur,excel,issu,kept,manag,method,noth,possess,prioriti,problem,problem-solv,request,servic,skill,solv,technic,transpar,troubleshoot,vine”,“di}"
Senior or Lead Analytics Engineer,Insight Timer,"",Australia,"&nbsp;...We’re looking for a Senior or Lead <b>Analytics </b>Engineer to help Insight Timer learn from its data. Insight Timer is the world’s largest meditation and wellness community, with over 30 million users. You’ll work closely with product, engineering and company leaders, turning...&nbsp;",analytics consultant,hireskys.com,2026-07-16 07:54:32.603 +0700,full_time,Senior or Lead Analytics Engineer,"...We’re looking for a Senior or Lead Analytics Engineer to help Insight Timer learn from its data. Insight Timer is the world’s largest meditation and wellness community, with over 30 million users. You’ll work closely with product, engineering and company leaders, turning...",we re looking for a senior or lead analytics engineer to help insight timer learn from its data insight timer is the world s largest meditation and wellness community with over million users you ll work closely with product engineering and company leaders turning,"'30':30 'analyt':8 'close':35 'communiti':27 'compani':40 'data':17 'engin':9,38 'help':11 'insight':12,18 'largest':23 'lead':7 'leader':41 'learn':14 'look':2 'medit':24 'million':31 'product':37 'senior':5 'timer':13,19 'turn':42 'user':32 'well':26 'we’r':1 'work':34 'world’':22 'you’ll':33","{30,analyt,close,communiti,compani,data,engin,help,insight,largest,lead,leader,learn,look,medit,million,product,senior,timer,turn,user,well,we’r,work,world’,you’ll}"
"AU Product Support Specialist (Remote, Philippines)",Podium,"",Australia," At Podium, our mission is to arm every local business with a complete platform and outcome-driven AI employees that convert leads into real, paying customers. Every day, millions of workers use our AI lead conversion and communication platform to help them get more leads...",analytics consultant,swooped.co,2025-08-06 00:00:00.000 +0700,not_specified,AU Product Support Specialist (Remote,"At Podium, our mission is to arm every local business with a complete platform and outcome-driven AI employees that convert leads into real, paying customers. Every day, millions of workers use our AI lead conversion and communication platform to help them get more leads...",at podium our mission is to arm every local business with a complete platform and outcome driven ai employees that convert leads into real paying customers every day millions of workers use our ai lead conversion and communication platform to help them get more leads,"'ai':19,35 'arm':7 'busi':10 'communic':39 'complet':13 'convers':37 'convert':22 'custom':27 'day':29 'driven':18 'employe':20 'everi':8,28 'get':44 'help':42 'lead':23,36,46 'local':9 'million':30 'mission':4 'outcom':17 'outcome-driven':16 'pay':26 'platform':14,40 'podium':2 'real':25 'use':33 'worker':32","{ai,arm,busi,communic,complet,convers,convert,custom,day,driven,employe,everi,get,help,lead,local,million,mission,outcom,outcome-driven,pay,platform,podium,real,use,worker}"
"Senior Analyst, Account Management",Mastercard,"",Australia,"&nbsp;...one of Mastercard’s Global Key Accounts across both core products and services. We are seeking a highly accountable, resilient, <b>analytical </b>and adaptable technologist to join a high performing team. 
 The successful candidate will be responsible for ensuring the highest...&nbsp;",analytics consultant,decentrajobs.com,2026-06-10 03:11:53.880 +0700,full_time,Senior Analyst,"...one of Mastercard’s Global Key Accounts across both core products and services. We are seeking a highly accountable, resilient, analytical and adaptable technologist to join a high performing team. The successful candidate will be responsible for ensuring the highest...",one of mastercard s global key accounts across both core products and services we are seeking a highly accountable resilient analytical and adaptable technologist to join a high performing team the successful candidate will be responsible for ensuring the highest,"'account':6,18 'across':7 'adapt':22 'analyt':20 'candid':32 'core':9 'ensur':37 'global':4 'high':17,27 'highest':39 'join':25 'key':5 'mastercard’':3 'one':1 'perform':28 'product':10 'resili':19 'respons':35 'seek':15 'servic':12 'success':31 'team':29 'technologist':23","{account,across,adapt,analyt,candid,core,ensur,global,high,highest,join,key,mastercard’,one,perform,product,resili,respons,seek,servic,success,team,technologist}"
Client Solutions Project Manager,ServiceRocket,"",Australia,"&nbsp;...with multiple stakeholders and managing priorities 
 Able to <b>consult </b>with clients to identify further opportunities for ServiceRocket...&nbsp;&nbsp;...relationships with customers and internal stakeholders 
 <b>Analytical,</b> able to think on your feet and learn quickly 
 Adept at working...&nbsp;",analytics consultant,swooped.co,2025-08-04 00:00:00.000 +0700,not_specified,Client Solutions Project Manager,"...with multiple stakeholders and managing priorities Able to consult with clients to identify further opportunities for ServiceRocket... ...relationships with customers and internal stakeholders Analytical, able to think on your feet and learn quickly Adept at working...",with multiple stakeholders and managing priorities able to consult with clients to identify further opportunities for servicerocket relationships with customers and internal stakeholders analytical able to think on your feet and learn quickly adept at working,"'abl':7,25 'adept':34 'analyt':24 'client':11 'consult':9 'custom':20 'feet':30 'identifi':13 'intern':22 'learn':32 'manag':5 'multipl':2 'opportun':15 'prioriti':6 'quick':33 'relationship':18 'servicerocket':17 'stakehold':3,23 'think':27 'work':36","{abl,adept,analyt,client,consult,custom,feet,identifi,intern,learn,manag,multipl,opportun,prioriti,quick,relationship,servicerocket,stakehold,think,work}"
Senior Site Reliability Engineer,Mastercard,"",Australia,"&nbsp;...Capability to systematically identify, diagnose, and resolve technical issues across systems, applications, and networks, using <b>analytical </b>methods and tools to restore functionality, minimize disruption, and ensure stable operations. 
• Capacity Planning and Performance...&nbsp;",analytics consultant,decentrajobs.com,2026-06-26 03:04:41.713 +0700,full_time,Senior Site Reliability Engineer,"...Capability to systematically identify, diagnose, and resolve technical issues across systems, applications, and networks, using analytical methods and tools to restore functionality, minimize disruption, and ensure stable operations. • Capacity Planning and Performance...",capability to systematically identify diagnose and resolve technical issues across systems applications and networks using analytical methods and tools to restore functionality minimize disruption and ensure stable operations capacity planning and performance,'across':10 'analyt':16 'applic':12 'capabl':1 'capac':30 'diagnos':5 'disrupt':24 'ensur':26 'function':22 'identifi':4 'issu':9 'method':17 'minim':23 'network':14 'oper':28 'perform':33 'plan':31 'resolv':7 'restor':21 'stabl':27 'system':11 'systemat':3 'technic':8 'tool':19 'use':15 '•':29,"{across,analyt,applic,capabl,capac,diagnos,disrupt,ensur,function,identifi,issu,method,minim,network,oper,perform,plan,resolv,restor,stabl,system,systemat,technic,tool,use,•}"
Site Reliability Engineer II,Mastercard,"",Australia,"&nbsp;...Capability to systematically identify, diagnose, and resolve technical issues across systems, applications, and networks, using <b>analytical </b>methods and tools to restore functionality, minimize disruption, and ensure stable operations. 
• Capacity Planning and Performance...&nbsp;",analytics consultant,decentrajobs.com,2026-06-26 03:04:41.757 +0700,full_time,Site Reliability Engineer II,"...Capability to systematically identify, diagnose, and resolve technical issues across systems, applications, and networks, using analytical methods and tools to restore functionality, minimize disruption, and ensure stable operations. • Capacity Planning and Performance...",capability to systematically identify diagnose and resolve technical issues across systems applications and networks using analytical methods and tools to restore functionality minimize disruption and ensure stable operations capacity planning and performance,'across':10 'analyt':16 'applic':12 'capabl':1 'capac':30 'diagnos':5 'disrupt':24 'ensur':26 'function':22 'identifi':4 'issu':9 'method':17 'minim':23 'network':14 'oper':28 'perform':33 'plan':31 'resolv':7 'restor':21 'stabl':27 'system':11 'systemat':3 'technic':8 'tool':19 'use':15 '•':29,"{across,analyt,applic,capabl,capac,diagnos,disrupt,ensur,function,identifi,issu,method,minim,network,oper,perform,plan,resolv,restor,stabl,system,systemat,technic,tool,use,•}"
ESG Junior Data Analyst (Mandarin Speaker),ISS | Institutional Shareholder Services,"",Australia,"&nbsp;...analysis, or knowledge in ESG and business research would be an advantage 
 Knowledge and experience in using MS Office. 
 Strong <b>analytical </b>and problem-solving skills, with clear attention to detail. 
 Ability to prioritize and work under tight deadlines. 
 Fast...&nbsp;",analytics consultant,swooped.co,2026-02-27 00:00:00.000 +0700,not_specified,ESG Junior Data Analyst (Mandarin Speaker),"...analysis, or knowledge in ESG and business research would be an advantage Knowledge and experience in using MS Office. Strong analytical and problem-solving skills, with clear attention to detail. Ability to prioritize and work under tight deadlines. Fast...",analysis or knowledge in esg and business research would be an advantage knowledge and experience in using ms office strong analytical and problem solving skills with clear attention to detail ability to prioritize and work under tight deadlines fast,"'abil':32 'advantag':12 'analysi':1 'analyt':21 'attent':29 'busi':7 'clear':28 'deadlin':39 'detail':31 'esg':5 'experi':15 'fast':40 'knowledg':3,13 'ms':18 'offic':19 'priorit':34 'problem':24 'problem-solv':23 'research':8 'skill':26 'solv':25 'strong':20 'tight':38 'use':17 'work':36 'would':9","{abil,advantag,analysi,analyt,attent,busi,clear,deadlin,detail,esg,experi,fast,knowledg,ms,offic,priorit,problem,problem-solv,research,skill,solv,strong,tight,use,work,would}"
Facilities Manager,Anduril Industries,"",Australia," Anduril Industries is a defense technology company with a mission to transform U.S. and allied military capabilities with advanced technology. By bringing the expertise, technology, and business model of the 21st century’s most innovative companies to the defense industry...",analytics consultant,swooped.co,2025-07-30 00:00:00.000 +0700,not_specified,Facilities Manager,"Anduril Industries is a defense technology company with a mission to transform U.S. and allied military capabilities with advanced technology. By bringing the expertise, technology, and business model of the 21st century’s most innovative companies to the defense industry...",anduril industries is a defense technology company with a mission to transform u s and allied military capabilities with advanced technology by bringing the expertise technology and business model of the st century s most innovative companies to the defense industry,"'21st':31 'advanc':19 'alli':15 'anduril':1 'bring':22 'busi':27 'capabl':17 'century’':32 'compani':7,35 'defens':5,38 'expertis':24 'industri':2,39 'innov':34 'militari':16 'mission':10 'model':28 'technolog':6,20,25 'transform':12 'u.s':13","{21st,advanc,alli,anduril,bring,busi,capabl,century’,compani,defens,expertis,industri,innov,militari,mission,model,technolog,transform,u.s}"
"Sr. Business Analyst, Advisors & Consulting Services (12 months fixed term)",Mastercard,"",Australia,"&nbsp;...potential.  Title and Summary  Sr. Business Analyst, Advisors & <b>Consulting </b>Services (12 months fixed term)
 Role Context 
 This is a...&nbsp;&nbsp;...About You: 
• Experience with customer segmentation and campaign <b>analytics </b>for banking / finance 
• Collaborate with business and client...&nbsp;",analytics consultant,decentrajobs.com,2026-07-23 09:24:54.283 +0700,full_time,Sr. Business Analyst,"...potential. Title and Summary Sr. Business Analyst, Advisors & Consulting Services (12 months fixed term) Role Context This is a... ...About You: • Experience with customer segmentation and campaign analytics for banking / finance • Collaborate with business and client...",potential title and summary sr business analyst advisors consulting services months fixed term role context this is a about you experience with customer segmentation and campaign analytics for banking finance collaborate with business and client,"'12':11 'advisor':8 'analyst':7 'analyt':29 'bank':31 'busi':6,36 'campaign':28 'client':38 'collabor':34 'consult':9 'context':16 'custom':25 'experi':23 'financ':32 'fix':13 'month':12 'potenti':1 'role':15 'segment':26 'servic':10 'sr':5 'summari':4 'term':14 'titl':2 '•':22,33","{12,advisor,analyst,analyt,bank,busi,campaign,client,collabor,consult,context,custom,experi,financ,fix,month,potenti,role,segment,servic,sr,summari,term,titl,•}"
Quality Engineer,Invictus People,$110k,Australia,"&nbsp;...and technical specifications. 
 Experience with inspection equipment and measurement techniques. 
 Strong problem solving and <b>analytical </b>skills. 
 Excellent communication and stakeholder management abilities. 
 Proficiency with Microsoft Office and quality management...&nbsp;",analytics consultant,atzcrm.com,2026-07-15 03:11:10.827 +0700,not_specified,Quality Engineer,...and technical specifications. Experience with inspection equipment and measurement techniques. Strong problem solving and analytical skills. Excellent communication and stakeholder management abilities. Proficiency with Microsoft Office and quality management...,and technical specifications experience with inspection equipment and measurement techniques strong problem solving and analytical skills excellent communication and stakeholder management abilities proficiency with microsoft office and quality management,"'abil':22 'analyt':15 'communic':18 'equip':7 'excel':17 'experi':4 'inspect':6 'manag':21,29 'measur':9 'microsoft':25 'offic':26 'problem':12 'profici':23 'qualiti':28 'skill':16 'solv':13 'specif':3 'stakehold':20 'strong':11 'technic':2 'techniqu':10","{abil,analyt,communic,equip,excel,experi,inspect,manag,measur,microsoft,offic,problem,profici,qualiti,skill,solv,specif,stakehold,strong,technic,techniqu}"
Workday Senior Functional Architect,"Collaborative Solutions, LLC","",Australia," The Functional Architect is the “go-to” implementation leader, expected to provide 
 expert guidance and delivery for functional area engagements. This individual 
 serves as the billable functional leader on Workday implementations. This person 
 is a Senior Workday...",analytics consultant,swooped.co,2025-09-01 00:00:00.000 +0700,not_specified,Workday Senior Functional Architect,"The Functional Architect is the “go-to” implementation leader, expected to provide  expert guidance and delivery for functional area engagements. This individual  serves as the billable functional leader on Workday implementations. This person  is a Senior Workday...",the functional architect is the go to implementation leader expected to provide expert guidance and delivery for functional area engagements this individual serves as the billable functional leader on workday implementations this person is a senior workday,"'architect':3 'area':20 'billabl':27 'deliveri':17 'engag':21 'expect':11 'expert':14 'function':2,19,28 'guidanc':15 'implement':9,32 'individual ':23 'leader':10,29 'person ':34 'provide ':13 'senior':37 'serv':24 'to”':8 'workday':31,38 '“go':7 '“go-to”':6","{architect,area,billabl,deliveri,engag,expect,expert,function,guidanc,implement,individual ,leader,person ,provide ,senior,serv,to”,workday,“go,“go-to”}"
QA Engineer,Keypath Education,"",Australia,"&nbsp;...people-first culture focused on high quality and commercial operational excellence.  Position Overview 
 We are seeking a highly <b>analytical,</b> collaborative, and process-oriented QA Engineer to maintain, optimize, and expand automated test suites and support high-stakes...&nbsp;",analytics consultant,hireskys.com,2026-07-07 07:54:24.497 +0700,full_time,QA Engineer,"...people-first culture focused on high quality and commercial operational excellence. Position Overview We are seeking a highly analytical, collaborative, and process-oriented QA Engineer to maintain, optimize, and expand automated test suites and support high-stakes...",people first culture focused on high quality and commercial operational excellence position overview we are seeking a highly analytical collaborative and process oriented qa engineer to maintain optimize and expand automated test suites and support high stakes,"'analyt':20 'autom':33 'collabor':21 'commerci':10 'cultur':4 'engin':27 'excel':12 'expand':32 'first':3 'focus':5 'high':7,19,39 'high-stak':38 'maintain':29 'oper':11 'optim':30 'orient':25 'overview':14 'peopl':2 'people-first':1 'posit':13 'process':24 'process-ori':23 'qa':26 'qualiti':8 'seek':17 'stake':40 'suit':35 'support':37 'test':34","{analyt,autom,collabor,commerci,cultur,engin,excel,expand,first,focus,high,high-stak,maintain,oper,optim,orient,overview,peopl,people-first,posit,process,process-ori,qa,qualiti,seek,stake,suit,support,test}"
"Salesforce Developer - On Site (Canberra, Australia)",Brixio,"",Australia,"&nbsp;...skills and a mindset for continuous improvement. 
~ Familiarity with cloud platforms (Azure). 
~ Experience with OmniStudio or CRM <b>Analytics.</b> 
~ Previous experience working for Government Agencies, particularly those that support the health sector. 

 Join our team...&nbsp;",analytics consultant,swooped.co,2025-08-13 00:00:00.000 +0700,not_specified,Salesforce Developer - On Site (Canberra,"...skills and a mindset for continuous improvement. ~ Familiarity with cloud platforms (Azure). ~ Experience with OmniStudio or CRM Analytics. ~ Previous experience working for Government Agencies, particularly those that support the health sector. Join our team...",skills and a mindset for continuous improvement familiarity with cloud platforms azure experience with omnistudio or crm analytics previous experience working for government agencies particularly those that support the health sector join our team,"'agenc':24 'analyt':18 'azur':12 'cloud':10 'continu':6 'crm':17 'experi':13,20 'familiar':8 'govern':23 'health':30 'improv':7 'join':32 'mindset':4 'omnistudio':15 'particular':25 'platform':11 'previous':19 'sector':31 'skill':1 'support':28 'team':34 'work':21","{agenc,analyt,azur,cloud,continu,crm,experi,familiar,govern,health,improv,join,mindset,omnistudio,particular,platform,previous,sector,skill,support,team,work}"
Affiliate BD Manager,OKX,"",Australia,"&nbsp;...affiliate networks from start to finish. 
~ Results oriented and comfort with interpreting performance data. 
~ Experience with <b>analytical </b>tools and reporting such as Google Analytics, Amplitude or others. 
~ Understanding of fundamental affiliate customer...&nbsp;",analytics consultant,decentrajobs.com,2026-07-23 09:24:54.673 +0700,full_time,Affiliate BD Manager,"...affiliate networks from start to finish. ~ Results oriented and comfort with interpreting performance data. ~ Experience with analytical tools and reporting such as Google Analytics, Amplitude or others. ~ Understanding of fundamental affiliate customer...",affiliate networks from start to finish results oriented and comfort with interpreting performance data experience with analytical tools and reporting such as google analytics amplitude or others understanding of fundamental affiliate customer,"'affili':1,31 'amplitud':25 'analyt':17,24 'comfort':10 'custom':32 'data':14 'experi':15 'finish':6 'fundament':30 'googl':23 'interpret':12 'network':2 'orient':8 'other':27 'perform':13 'report':20 'result':7 'start':4 'tool':18 'understand':28","{affili,amplitud,analyt,comfort,custom,data,experi,finish,fundament,googl,interpret,network,orient,other,perform,report,result,start,tool,understand}"
Permit to Work Coordinator,Clough AMEC.,"",Australia," Clough  , as part of a joint venture, is delivering the Project Ceres urea plant, a landmark project for Western Australia. The plant will be the largest in Australia and one of the largest in the world, installing the most sustainable production processes. The project...",analytics consultant,swooped.co,2025-08-13 00:00:00.000 +0700,not_specified,Permit to Work Coordinator,"Clough , as part of a joint venture, is delivering the Project Ceres urea plant, a landmark project for Western Australia. The plant will be the largest in Australia and one of the largest in the world, installing the most sustainable production processes. The project...",clough as part of a joint venture is delivering the project ceres urea plant a landmark project for western australia the plant will be the largest in australia and one of the largest in the world installing the most sustainable production processes the project,"'australia':20,28 'cere':12 'clough':1 'deliv':9 'instal':37 'joint':6 'landmark':16 'largest':26,33 'one':30 'part':3 'plant':14,22 'process':42 'product':41 'project':11,17,44 'sustain':40 'urea':13 'ventur':7 'western':19 'world':36","{australia,cere,clough,deliv,instal,joint,landmark,largest,one,part,plant,process,product,project,sustain,urea,ventur,western,world}"
Incident Manager,Leidos,"",Australia,"&nbsp;...manage Major Incident bridges and effectively coordinate across multiple technical and business teams under pressure. 
 Strong <b>analytical </b>and problem-solving skills with the ability to identify root causes and recommend long-term solutions. 
 Proven ability to generate...&nbsp;",analytics consultant,swooped.co,2025-09-10 00:00:00.000 +0700,not_specified,Incident Manager,...manage Major Incident bridges and effectively coordinate across multiple technical and business teams under pressure. Strong analytical and problem-solving skills with the ability to identify root causes and recommend long-term solutions. Proven ability to generate...,manage major incident bridges and effectively coordinate across multiple technical and business teams under pressure strong analytical and problem solving skills with the ability to identify root causes and recommend long term solutions proven ability to generate,"'abil':25,37 'across':8 'analyt':17 'bridg':4 'busi':12 'caus':29 'coordin':7 'effect':6 'generat':39 'identifi':27 'incid':3 'long':33 'long-term':32 'major':2 'manag':1 'multipl':9 'pressur':15 'problem':20 'problem-solv':19 'proven':36 'recommend':31 'root':28 'skill':22 'solut':35 'solv':21 'strong':16 'team':13 'technic':10 'term':34","{abil,across,analyt,bridg,busi,caus,coordin,effect,generat,identifi,incid,long,long-term,major,manag,multipl,pressur,problem,problem-solv,proven,recommend,root,skill,solut,solv,strong,team,technic,term}"
Associate Manager - Supply Planning,Stryker,"",Australia,"&nbsp;...supply chain or planning roles 
~ Proven leadership experience, with a track record of building and motivating teams 
~ Strong <b>analytical </b>and problem-solving skills 
~ A bachelor’s degree in supply chain management, business, or a related field (or equivalent experience...&nbsp;",analytics consultant,swooped.co,2025-09-05 00:00:00.000 +0700,not_specified,Associate Manager - Supply Planning,"...supply chain or planning roles ~ Proven leadership experience, with a track record of building and motivating teams ~ Strong analytical and problem-solving skills ~ A bachelor’s degree in supply chain management, business, or a related field (or equivalent experience...",supply chain or planning roles proven leadership experience with a track record of building and motivating teams strong analytical and problem solving skills a bachelor s degree in supply chain management business or a related field or equivalent experience,"'analyt':19 'bachelor’':26 'build':14 'busi':32 'chain':2,30 'degre':27 'equival':38 'experi':8,39 'field':36 'leadership':7 'manag':31 'motiv':16 'plan':4 'problem':22 'problem-solv':21 'proven':6 'record':12 'relat':35 'role':5 'skill':24 'solv':23 'strong':18 'suppli':1,29 'team':17 'track':11","{analyt,bachelor’,build,busi,chain,degre,equival,experi,field,leadership,manag,motiv,plan,problem,problem-solv,proven,record,relat,role,skill,solv,strong,suppli,team,track}"
HR Business Partner,Clough AMEC.,"",Australia," Deliver a Sustainable Future with WA’s Landmark Urea Project!
 Clough, as part of a joint venture, is delivering Perdaman Industries’ urea plant, a landmark project for Western Australia. This plant will be Australia’s largest and among the largest globally, with sustainable...",analytics consultant,swooped.co,2025-08-13 00:00:00.000 +0700,not_specified,HR Business Partner,"Deliver a Sustainable Future with WA’s Landmark Urea Project! Clough, as part of a joint venture, is delivering Perdaman Industries’ urea plant, a landmark project for Western Australia. This plant will be Australia’s largest and among the largest globally, with sustainable...",deliver a sustainable future with wa s landmark urea project clough as part of a joint venture is delivering perdaman industries urea plant a landmark project for western australia this plant will be australia s largest and among the largest globally with sustainable,"'among':36 'australia':28 'australia’':33 'clough':10 'deliv':1,18 'futur':4 'global':39 'industries’':20 'joint':15 'landmark':7,24 'largest':34,38 'part':12 'perdaman':19 'plant':22,30 'project':9,25 'sustain':3,41 'urea':8,21 'ventur':16 'wa’':6 'western':27","{among,australia,australia’,clough,deliv,futur,global,industries’,joint,landmark,largest,part,perdaman,plant,project,sustain,urea,ventur,wa’,western}"
SOC Analyst,Volexity,"",Australia," Volexity’s Security Operation Center (SOC) Analysts work to protect organizations from a wide variety of threats, ranging from commodity phishing and malware campaigns to highly targeted attacks involving zero-day exploits.  Candidates applying for this role should expect...",analytics consultant,hireskys.com,2026-07-25 02:49:37.647 +0700,full_time,SOC Analyst,"Volexity’s Security Operation Center (SOC) Analysts work to protect organizations from a wide variety of threats, ranging from commodity phishing and malware campaigns to highly targeted attacks involving zero-day exploits. Candidates applying for this role should expect...",volexity s security operation center soc analysts work to protect organizations from a wide variety of threats ranging from commodity phishing and malware campaigns to highly targeted attacks involving zero day exploits candidates applying for this role should expect,'analyst':6 'appli':34 'attack':27 'campaign':23 'candid':33 'center':4 'commod':19 'day':31 'expect':39 'exploit':32 'high':25 'involv':28 'malwar':22 'oper':3 'organ':10 'phish':20 'protect':9 'rang':17 'role':37 'secur':2 'soc':5 'target':26 'threat':16 'varieti':14 'volexity’':1 'wide':13 'work':7 'zero':30 'zero-day':29,"{analyst,appli,attack,campaign,candid,center,commod,day,expect,exploit,high,involv,malwar,oper,organ,phish,protect,rang,role,secur,soc,target,threat,varieti,volexity’,wide,work,zero,zero-day}"
"Product and Sales Analyst, Specialist - Core Consumer",Mastercard,"",Australia,"&nbsp;...and card propositions 
• Awareness of the Australian payments regulatory environment and its relevance to Mastercard 
• Strong <b>analytical </b>and problem solving skills, with the ability to contribute to product development 
• Ability to translate product capabilities into...&nbsp;",analytics consultant,decentrajobs.com,2026-05-29 02:16:31.753 +0700,full_time,Product and Sales Analyst,"...and card propositions • Awareness of the Australian payments regulatory environment and its relevance to Mastercard • Strong analytical and problem solving skills, with the ability to contribute to product development • Ability to translate product capabilities into...",and card propositions awareness of the australian payments regulatory environment and its relevance to mastercard strong analytical and problem solving skills with the ability to contribute to product development ability to translate product capabilities into,"'abil':26,33 'analyt':19 'australian':8 'awar':5 'capabl':37 'card':2 'contribut':28 'develop':31 'environ':11 'mastercard':16 'payment':9 'problem':21 'product':30,36 'proposit':3 'regulatori':10 'relev':14 'skill':23 'solv':22 'strong':18 'translat':35 '•':4,17,32","{abil,analyt,australian,awar,capabl,card,contribut,develop,environ,mastercard,payment,problem,product,proposit,regulatori,relev,skill,solv,strong,translat,•}"
People Business Partner Lead - APJ,Clickhouse,$500 per month,Australia,"&nbsp;...internationally recognized database infrastructure juggernaut, real-time <b>analytics </b>market leader, and Forbes Cloud 100 technology titan operating...&nbsp;&nbsp;..., regional people management operations, international talent <b>consulting,</b> or enterprise workforce strategy (with an absolute preference...&nbsp;",analytics consultant,hireskys.com,2026-07-08 02:57:08.643 +0700,full_time,People Business Partner Lead - APJ,"...internationally recognized database infrastructure juggernaut, real-time analytics market leader, and Forbes Cloud 100 technology titan operating... ..., regional people management operations, international talent consulting, or enterprise workforce strategy (with an absolute preference...",internationally recognized database infrastructure juggernaut real time analytics market leader and forbes cloud technology titan operating regional people management operations international talent consulting or enterprise workforce strategy with an absolute preference,"'100':15 'absolut':32 'analyt':9 'cloud':14 'consult':25 'databas':3 'enterpris':27 'forb':13 'infrastructur':4 'intern':1,23 'juggernaut':5 'leader':11 'manag':21 'market':10 'oper':18,22 'peopl':20 'prefer':33 'real':7 'real-tim':6 'recogn':2 'region':19 'strategi':29 'talent':24 'technolog':16 'time':8 'titan':17 'workforc':28","{100,absolut,analyt,cloud,consult,databas,enterpris,forb,infrastructur,intern,juggernaut,leader,manag,market,oper,peopl,prefer,real,real-tim,recogn,region,strategi,talent,technolog,time,titan,workforc}"
HSE Administrator,Clough AMEC.,"",Australia," Deliver a sustainable future with WA’s landmark urea project! 
 Clough  , as part of a Joint Venture with Saipem, is delivering Project ‘CERES’ urea plant, a landmark project for Western Australia. The plant will be the largest in Australia and one of the largest in the...",analytics consultant,swooped.co,2025-08-13 00:00:00.000 +0700,not_specified,HSE Administrator,"Deliver a sustainable future with WA’s landmark urea project!  Clough , as part of a Joint Venture with Saipem, is delivering Project ‘CERES’ urea plant, a landmark project for Western Australia. The plant will be the largest in Australia and one of the largest in the...",deliver a sustainable future with wa s landmark urea project clough as part of a joint venture with saipem is delivering project ceres urea plant a landmark project for western australia the plant will be the largest in australia and one of the largest in the,"'australia':31,39 'clough':11 'deliv':1,21 'futur':4 'joint':16 'landmark':7,27 'largest':37,44 'one':41 'part':13 'plant':25,33 'project':9,22,28 'saipem':19 'sustain':3 'urea':8,24 'ventur':17 'wa’':6 'western':30 ' ':10 '‘ceres’':23","{australia,clough,deliv,futur,joint,landmark,largest,one,part,plant,project,saipem,sustain,urea,ventur,wa’,western, ,‘ceres’}"
"Senior Specialist, Technical Product Enablement and Sales",Mastercard,"",Australia,"&nbsp;...payments. 
 We are looking for someone to join our Solutions team, which focuses on delivering customised payment solutions and <b>consulting </b>support to Mastercard’s strategic partners. The team leverages Mastercard’s global brand, technology, operations and risk platforms...&nbsp;",analytics consultant,decentrajobs.com,2026-07-07 03:05:09.240 +0700,full_time,Senior Specialist,"...payments. We are looking for someone to join our Solutions team, which focuses on delivering customised payment solutions and consulting support to Mastercard’s strategic partners. The team leverages Mastercard’s global brand, technology, operations and risk platforms...",payments we are looking for someone to join our solutions team which focuses on delivering customised payment solutions and consulting support to mastercard s strategic partners the team leverages mastercard s global brand technology operations and risk platforms,"'brand':31 'consult':20 'customis':16 'deliv':15 'focus':13 'global':30 'join':8 'leverag':28 'look':4 'mastercard’':23,29 'oper':33 'partner':25 'payment':1,17 'platform':36 'risk':35 'solut':10,18 'someon':6 'strateg':24 'support':21 'team':11,27 'technolog':32","{brand,consult,customis,deliv,focus,global,join,leverag,look,mastercard’,oper,partner,payment,platform,risk,solut,someon,strateg,support,team,technolog}"
VIP Relationship Manager,OKX,"",Australia,"&nbsp;...Mandarin 
 Proven experience in VIP business development within the crypto, private banking, finance or trading industry 
 Strong <b>analytical </b>skills and ability to interpret market data to drive strategic decisions 
 Exceptional communication and negotiation abilities...&nbsp;",analytics consultant,decentrajobs.com,2026-07-24 08:16:33.743 +0700,full_time,VIP Relationship Manager,"...Mandarin Proven experience in VIP business development within the crypto, private banking, finance or trading industry Strong analytical skills and ability to interpret market data to drive strategic decisions Exceptional communication and negotiation abilities...",mandarin proven experience in vip business development within the crypto private banking finance or trading industry strong analytical skills and ability to interpret market data to drive strategic decisions exceptional communication and negotiation abilities,"'abil':21,34 'analyt':18 'bank':12 'busi':6 'communic':31 'crypto':10 'data':25 'decis':29 'develop':7 'drive':27 'except':30 'experi':3 'financ':13 'industri':16 'interpret':23 'mandarin':1 'market':24 'negoti':33 'privat':11 'proven':2 'skill':19 'strateg':28 'strong':17 'trade':15 'vip':5 'within':8","{abil,analyt,bank,busi,communic,crypto,data,decis,develop,drive,except,experi,financ,industri,interpret,mandarin,market,negoti,privat,proven,skill,strateg,strong,trade,vip,within}"
"Senior Project Manager, Deploy | Card Migration - FTC 20 Months",Mastercard,"",Australia,"&nbsp;...expertise, data-driven insights, and execution. Our Advisors & <b>Consulting </b>Services team combines traditional management consulting with...&nbsp;&nbsp;...five specializations: Strategy & Transformation, Performance <b>Analytics,</b> Business Experimentation, Marketing, and Program Management....&nbsp;",analytics consultant,decentrajobs.com,2026-06-24 04:42:59.507 +0700,full_time,Senior Project Manager,"...expertise, data-driven insights, and execution. Our Advisors & Consulting Services team combines traditional management consulting with... ...five specializations: Strategy & Transformation, Performance Analytics, Business Experimentation, Marketing, and Program Management....",expertise data driven insights and execution our advisors consulting services team combines traditional management consulting with five specializations strategy transformation performance analytics business experimentation marketing and program management,"'advisor':9 'analyt':23 'busi':24 'combin':13 'consult':10,16 'data':3 'data-driven':2 'driven':4 'execut':7 'experiment':25 'expertis':1 'five':18 'insight':5 'manag':15,29 'market':26 'perform':22 'program':28 'servic':11 'special':19 'strategi':20 'team':12 'tradit':14 'transform':21","{advisor,analyt,busi,combin,consult,data,data-driven,driven,execut,experiment,expertis,five,insight,manag,market,perform,program,servic,special,strategi,team,tradit,transform}"
Senior Engineer Service Management,Unisys,"",Australia," What success looks like in this role: 
 This role oversees, facilitates and administers ITIL based service support and requires a strong understanding of Service Management practices, with a particular emphasis on Service Request Management and Service Level Management...",analytics consultant,swooped.co,2025-09-11 00:00:00.000 +0700,not_specified,Senior Engineer Service Management,"What success looks like in this role: This role oversees, facilitates and administers ITIL based service support and requires a strong understanding of Service Management practices, with a particular emphasis on Service Request Management and Service Level Management...",what success looks like in this role this role oversees facilitates and administers itil based service support and requires a strong understanding of service management practices with a particular emphasis on service request management and service level management,"'administ':13 'base':15 'emphasi':30 'facilit':11 'itil':14 'level':37 'like':4 'look':3 'manag':25,34,38 'overse':10 'particular':29 'practic':26 'request':33 'requir':19 'role':7,9 'servic':16,24,32,36 'strong':21 'success':2 'support':17 'understand':22","{administ,base,emphasi,facilit,itil,level,like,look,manag,overse,particular,practic,request,requir,role,servic,strong,success,support,understand}"
"Salesforce Developer - On Site (Canberra, Australia)",Brixio,"",Australia," Location:  Canberra, Australia 
 Requirement:  Must have Baseline clearance 
 Job Description: 
 Location:  ACT, NSW, QLD, VIC & SA, working from home is supported and will be considered. 
 Role: 
 Join our team as a Salesforce Developer (Mid to Senior Level) and ...",bi analyst,swooped.co,2025-08-13 00:00:00.000 +0700,not_specified,Salesforce Developer - On Site (Canberra,"Location: Canberra, Australia Requirement: Must have Baseline clearance Job Description: Location: ACT, NSW, QLD, VIC & SA, working from home is supported and will be considered. Role: Join our team as a Salesforce Developer (Mid to Senior Level) and ...",location canberra australia requirement must have baseline clearance job description location act nsw qld vic sa working from home is supported and will be considered role join our team as a salesforce developer mid to senior level and,"'act':12 'australia':3 'baselin':7 'canberra':2 'clearanc':8 'consid':25 'descript':10 'develop':33 'home':19 'job':9 'join':27 'level':37 'locat':1,11 'mid':34 'must':5 'nsw':13 'qld':14 'requir':4 'role':26 'sa':16 'salesforc':32 'senior':36 'support':21 'team':29 'vic':15 'work':17","{act,australia,baselin,canberra,clearanc,consid,descript,develop,home,job,join,level,locat,mid,must,nsw,qld,requir,role,sa,salesforc,senior,support,team,vic,work}"
Expert Software Engineer - Data Orchestration,Feedzai,"",Australia,"&nbsp;...challenges. Such as building distributed systems that need to operate 24/7 and ultra-low latencies, solving UI/UX problems to help fraud <b>analysts </b>to fight fraud more efficiently. In addition, designing extensive databases from relational, NoSQL and graphs, validate and...&nbsp;",bi analyst,swooped.co,2025-09-27 00:00:00.000 +0700,not_specified,Expert Software Engineer - Data Orchestration,"...challenges. Such as building distributed systems that need to operate 24/7 and ultra-low latencies, solving UI/UX problems to help fraud analysts to fight fraud more efficiently. In addition, designing extensive databases from relational, NoSQL and graphs, validate and...",challenges such as building distributed systems that need to operate and ultra low latencies solving ui ux problems to help fraud analysts to fight fraud more efficiently in addition designing extensive databases from relational nosql and graphs validate and,"'24/7':11 'addit':30 'analyst':23 'build':4 'challeng':1 'databas':33 'design':31 'distribut':5 'effici':28 'extens':32 'fight':25 'fraud':22,26 'graph':38 'help':21 'latenc':16 'low':15 'need':8 'nosql':36 'oper':10 'problem':19 'relat':35 'solv':17 'system':6 'ui/ux':18 'ultra':14 'ultra-low':13 'valid':39","{24/7,addit,analyst,build,challeng,databas,design,distribut,effici,extens,fight,fraud,graph,help,latenc,low,need,nosql,oper,problem,relat,solv,system,ui/ux,ultra,ultra-low,valid}"
"Software Engineer, Platform - Sydney, Australia",Speechify,"",Australia," PLEASE APPLY THROUGH THIS LINK: 
 DO NOT APPLY BELOW 

 Speechify is the easiest way to listen to the world’s information  . Articles on the web, documents in the cloud, books on your phone—we absorb the world’s content and help our members listen to it on the go, at...",bi analyst,swooped.co,2026-02-28 00:00:00.000 +0700,not_specified,Software Engineer,"PLEASE APPLY THROUGH THIS LINK: DO NOT APPLY BELOW Speechify is the easiest way to listen to the world’s information . Articles on the web, documents in the cloud, books on your phone—we absorb the world’s content and help our members listen to it on the go, at...",please apply through this link do not apply below speechify is the easiest way to listen to the world s information articles on the web documents in the cloud books on your phone we absorb the world s content and help our members listen to it on the go at,"'absorb':33 'appli':2,8 'articl':21 'book':29 'cloud':28 'content':36 'document':25 'easiest':13 'go':46 'help':38 'inform':20 'link':5 'listen':16,41 'member':40 'phone—w':32 'pleas':1 'speechifi':10 'way':14 'web':24 'world’':19,35","{absorb,appli,articl,book,cloud,content,document,easiest,go,help,inform,link,listen,member,phone—w,pleas,speechifi,way,web,world’}"
"Manager, Contracts Management",Remote,"",Australia," What this job can offer you  We are looking for a  Manager, Contracts Management  to own the planning, implementation and service level for lifecycle contracts management team based in the APAC (India, South East Asia and Japan). 
 Reporting to the Senior Manager of Lifecycle...",workforce analyst,hireskys.com,2026-07-24 13:54:28.233 +0700,full_time,Manager,"What this job can offer you We are looking for a Manager, Contracts Management to own the planning, implementation and service level for lifecycle contracts management team based in the APAC (India, South East Asia and Japan). Reporting to the Senior Manager of Lifecycle...",what this job can offer you we are looking for a manager contracts management to own the planning implementation and service level for lifecycle contracts management team based in the apac india south east asia and japan reporting to the senior manager of lifecycle,"'apac':31 'asia':35 'base':28 'contract':13,25 'east':34 'implement':19 'india':32 'japan':37 'job':3 'level':22 'lifecycl':24,44 'look':9 'manag':12,14,26,42 'offer':5 'plan':18 'report':38 'senior':41 'servic':21 'south':33 'team':27","{apac,asia,base,contract,east,implement,india,japan,job,level,lifecycl,look,manag,offer,plan,report,senior,servic,south,team}"
Manufacturing Engineer - Sydney,Anduril Industries,"",Australia," Anduril Industries is a defense technology company with a mission to transform U.S. and allied military capabilities with advanced technology. By bringing the expertise, technology, and business model of the 21st century’s most innovative companies to the defense industry...",reporting analyst,swooped.co,2026-02-27 00:00:00.000 +0700,not_specified,Manufacturing Engineer - Sydney,"Anduril Industries is a defense technology company with a mission to transform U.S. and allied military capabilities with advanced technology. By bringing the expertise, technology, and business model of the 21st century’s most innovative companies to the defense industry...",anduril industries is a defense technology company with a mission to transform u s and allied military capabilities with advanced technology by bringing the expertise technology and business model of the st century s most innovative companies to the defense industry,"'21st':31 'advanc':19 'alli':15 'anduril':1 'bring':22 'busi':27 'capabl':17 'century’':32 'compani':7,35 'defens':5,38 'expertis':24 'industri':2,39 'innov':34 'militari':16 'mission':10 'model':28 'technolog':6,20,25 'transform':12 'u.s':13","{21st,advanc,alli,anduril,bring,busi,capabl,century’,compani,defens,expertis,industri,innov,militari,mission,model,technolog,transform,u.s}"
Senior Marketing Manager (16 months fixed term),Mastercard,"",Australia,"&nbsp;...6 months fixed term)
 Senior Marketing Manager 
 Advisors & <b>Consulting </b>Services 
 Services within Mastercard is responsible for acquiring...&nbsp;&nbsp;...five specializations: Strategy & Transformation, Performance <b>Analytics,</b> Business Experimentation, Marketing, and Program Management....&nbsp;",analytics consultant,decentrajobs.com,2026-06-22 04:00:58.060 +0700,full_time,Senior Marketing Manager (16 months fixed term),"...6 months fixed term) Senior Marketing Manager Advisors & Consulting Services Services within Mastercard is responsible for acquiring... ...five specializations: Strategy & Transformation, Performance Analytics, Business Experimentation, Marketing, and Program Management....",months fixed term senior marketing manager advisors consulting services services within mastercard is responsible for acquiring five specializations strategy transformation performance analytics business experimentation marketing and program management,"'6':1 'acquir':17 'advisor':8 'analyt':23 'busi':24 'consult':9 'experiment':25 'five':18 'fix':3 'manag':7,29 'market':6,26 'mastercard':13 'month':2 'perform':22 'program':28 'respons':15 'senior':5 'servic':10,11 'special':19 'strategi':20 'term':4 'transform':21 'within':12","{6,acquir,advisor,analyt,busi,consult,experiment,five,fix,manag,market,mastercard,month,perform,program,respons,senior,servic,special,strategi,term,transform,within}"
Community Growth Manager,OKX,"",Australia,"&nbsp;...teams. 
 Highly self-directed, execution-focused, and comfortable navigating ambiguity in a community-building role. 
 Strong <b>analytical </b>skills — able to track and report on engagement, sentiment, and growth metrics. 
 Perks & Benefits 
 Competitive total compensation...&nbsp;",analytics consultant,decentrajobs.com,2026-07-16 04:20:37.980 +0700,full_time,Community Growth Manager,"...teams. Highly self-directed, execution-focused, and comfortable navigating ambiguity in a community-building role. Strong analytical skills — able to track and report on engagement, sentiment, and growth metrics. Perks & Benefits Competitive total compensation...",teams highly self directed execution focused and comfortable navigating ambiguity in a community building role strong analytical skills able to track and report on engagement sentiment and growth metrics perks benefits competitive total compensation,'abl':23 'ambigu':12 'analyt':20 'benefit':35 'build':17 'comfort':10 'communiti':16 'community-build':15 'compens':38 'competit':36 'direct':5 'engag':29 'execut':7 'execution-focus':6 'focus':8 'growth':32 'high':2 'metric':33 'navig':11 'perk':34 'report':27 'role':18 'self':4 'self-direct':3 'sentiment':30 'skill':21 'strong':19 'team':1 'total':37 'track':25 '—':22,"{abl,ambigu,analyt,benefit,build,comfort,communiti,community-build,compens,competit,direct,engag,execut,execution-focus,focus,growth,high,metric,navig,perk,report,role,self,self-direct,sentiment,skill,strong,team,total,track,—}"
"Talent Attraction, Events & Industry Pathways Specialist",Tesla,"",Australia," What To Expect 
 We are seeking an proactive, confident and engaging Industry Relations & Events Specialist to join our Aftersales team, with a focus on promoting Tesla's Aftersales employer brand, coordinating industry partnerships, and delivering engaging events that...",analytics consultant,ev.careers,2026-07-23 03:48:55.110 +0700,full_time,"Talent Attraction, Events & Industry Pathways Specialist","What To Expect We are seeking an proactive, confident and engaging Industry Relations & Events Specialist to join our Aftersales team, with a focus on promoting Tesla's Aftersales employer brand, coordinating industry partnerships, and delivering engaging events that...",what to expect we are seeking an proactive confident and engaging industry relations events specialist to join our aftersales team with a focus on promoting tesla s aftersales employer brand coordinating industry partnerships and delivering engaging events that,"'aftersal':19,28 'brand':30 'confid':9 'coordin':31 'deliv':35 'employ':29 'engag':11,36 'event':14,37 'expect':3 'focus':23 'industri':12,32 'join':17 'partnership':33 'proactiv':8 'promot':25 'relat':13 'seek':6 'specialist':15 'team':20 'tesla':26","{aftersal,brand,confid,coordin,deliv,employ,engag,event,expect,focus,industri,join,partnership,proactiv,promot,relat,seek,specialist,team,tesla}"
Influencer Specialist,White Fox Boutique,"",Australia," White Fox is a globally recognised fashion brand loved by babes and celebs worldwide. 
 Established in 2013 and based in Sydney, Australia, White Fox has quickly become the go-to online fashion destination and is continuing to take over wardrobes everywhere. 
 An exciting...",analytics consultant,swooped.co,2025-08-12 00:00:00.000 +0700,not_specified,Influencer Specialist,"White Fox is a globally recognised fashion brand loved by babes and celebs worldwide. Established in 2013 and based in Sydney, Australia, White Fox has quickly become the go-to online fashion destination and is continuing to take over wardrobes everywhere. An exciting...",white fox is a globally recognised fashion brand loved by babes and celebs worldwide established in and based in sydney australia white fox has quickly become the go to online fashion destination and is continuing to take over wardrobes everywhere an exciting,"'2013':17 'australia':22 'babe':11 'base':19 'becom':27 'brand':8 'celeb':13 'continu':37 'destin':34 'establish':15 'everywher':42 'excit':44 'fashion':7,33 'fox':2,24 'global':5 'go':30 'go-to':29 'love':9 'onlin':32 'quick':26 'recognis':6 'sydney':21 'take':39 'wardrob':41 'white':1,23 'worldwid':14","{2013,australia,babe,base,becom,brand,celeb,continu,destin,establish,everywher,excit,fashion,fox,global,go,go-to,love,onlin,quick,recognis,sydney,take,wardrob,white,worldwid}"
Developer Engagement Representative,Roblox,"",Australia," About Roblox:  Every day, tens of millions of people come to Roblox to explore, create, play, learn, and connect with friends in 3D immersive digital experiences—all created by our global community of independent developers and creators. At Roblox, we are building the ...",analytics consultant,hireskys.com,2026-07-08 02:57:20.543 +0700,part_time,Developer Engagement Representative,"About Roblox: Every day, tens of millions of people come to Roblox to explore, create, play, learn, and connect with friends in 3D immersive digital experiences—all created by our global community of independent developers and creators. At Roblox, we are building the ...",about roblox every day tens of millions of people come to roblox to explore create play learn and connect with friends in d immersive digital experiences all created by our global community of independent developers and creators at roblox we are building the,"'3d':23 'build':41 'come':10 'communiti':31 'connect':19 'creat':15,27 'creator':36 'day':4 'develop':34 'digit':25 'everi':3 'experiences—al':26 'explor':14 'friend':21 'global':30 'immers':24 'independ':33 'learn':17 'million':7 'peopl':9 'play':16 'roblox':2,12,38 'ten':5","{3d,build,come,communiti,connect,creat,creator,day,develop,digit,everi,experiences—al,explor,friend,global,immers,independ,learn,million,peopl,play,roblox,ten}"
Technical Program Manager,Pano AI,"",Australia," The Role  We're looking for a Technical Program Manager to manage schedules and lead field execution of installation, maintenance, and troubleshooting for Pano's camera systems across our Australian sites. 
 This role sits within the Operations team and is responsible...",analytics consultant,hireskys.com,2026-07-23 09:19:49.740 +0700,part_time,Technical Program Manager,"The Role We're looking for a Technical Program Manager to manage schedules and lead field execution of installation, maintenance, and troubleshooting for Pano's camera systems across our Australian sites. This role sits within the Operations team and is responsible...",the role we re looking for a technical program manager to manage schedules and lead field execution of installation maintenance and troubleshooting for pano s camera systems across our australian sites this role sits within the operations team and is responsible,"'across':28 'australian':30 'camera':26 'execut':17 'field':16 'instal':19 'lead':15 'look':5 'mainten':20 'manag':10,12 'oper':37 'pano':24 'program':9 're':4 'respons':41 'role':2,33 'schedul':13 'sit':34 'site':31 'system':27 'team':38 'technic':8 'troubleshoot':22 'within':35","{across,australian,camera,execut,field,instal,lead,look,mainten,manag,oper,pano,program,re,respons,role,schedul,sit,site,system,team,technic,troubleshoot,within}"
Network Systems Engineer,Northrop Grumman,"",Australia," AUSTRALIAN CITIZENSHIP REQUIRED FOR THIS POSITION: Yes 
 RELOCATION ASSISTANCE: Relocation assistance may be available 
 CLEARANCE TYPE: AU-TSPV (Positive Vetting)
 TRAVEL: Yes, 25% of the Time 
 Description 
 We are Northrop Grumman Australia. Our 800 strong team...",workforce analyst,swooped.co,2025-08-14 00:00:00.000 +0700,not_specified,Network Systems Engineer,"AUSTRALIAN CITIZENSHIP REQUIRED FOR THIS POSITION: Yes RELOCATION ASSISTANCE: Relocation assistance may be available CLEARANCE TYPE: AU-TSPV (Positive Vetting) TRAVEL: Yes, 25% of the Time Description We are Northrop Grumman Australia. Our 800 strong team...",australian citizenship required for this position yes relocation assistance relocation assistance may be available clearance type au tspv positive vetting travel yes of the time description we are northrop grumman australia our strong team,"'25':24 '800':35 'assist':9,11 'au':18 'au-tspv':17 'australia':33 'australian':1 'avail':14 'citizenship':2 'clearanc':15 'descript':28 'grumman':32 'may':12 'northrop':31 'posit':6,20 'reloc':8,10 'requir':3 'strong':36 'team':37 'time':27 'travel':22 'tspv':19 'type':16 'vet':21 'yes':7,23","{25,800,assist,au,au-tspv,australia,australian,avail,citizenship,clearanc,descript,grumman,may,northrop,posit,reloc,requir,strong,team,time,travel,tspv,type,vet,yes}"
"Head of Marketing, Australia",Nexo,"",Australia,"&nbsp;...for permission, and care deeply about quality, long-term value, and disciplined execution. The people who succeed at Nexo bring <b>analytical </b>depth, sound judgment, and resilience - but also curiosity and the drive to keep improving. 
 This is an environment for people...&nbsp;",analytics consultant,decentrajobs.com,2026-06-04 05:49:08.627 +0700,full_time,"Head of Marketing, Australia","...for permission, and care deeply about quality, long-term value, and disciplined execution. The people who succeed at Nexo bring analytical depth, sound judgment, and resilience - but also curiosity and the drive to keep improving. This is an environment for people...",for permission and care deeply about quality long term value and disciplined execution the people who succeed at nexo bring analytical depth sound judgment and resilience but also curiosity and the drive to keep improving this is an environment for people,"'also':29 'analyt':22 'bring':21 'care':4 'curios':30 'deepli':5 'depth':23 'disciplin':13 'drive':33 'environ':40 'execut':14 'improv':36 'judgment':25 'keep':35 'long':9 'long-term':8 'nexo':20 'peopl':16,42 'permiss':2 'qualiti':7 'resili':27 'sound':24 'succeed':18 'term':10 'valu':11","{also,analyt,bring,care,curios,deepli,depth,disciplin,drive,environ,execut,improv,judgment,keep,long,long-term,nexo,peopl,permiss,qualiti,resili,sound,succeed,term,valu}"
Civil Engineer,Invictus People,$110k,Australia,"&nbsp;...A growing multidisciplinary engineering <b>consultancy </b>is looking for a Civil Engineer to take ownership of projects across land development, stormwater, civil infrastructure, and site civils for commercial and residential developments. This is a hands on design and delivery...&nbsp;",analytics consultant,atzcrm.com,2026-05-11 07:46:41.717 +0700,not_specified,Civil Engineer,"...A growing multidisciplinary engineering consultancy is looking for a Civil Engineer to take ownership of projects across land development, stormwater, civil infrastructure, and site civils for commercial and residential developments. This is a hands on design and delivery...",a growing multidisciplinary engineering consultancy is looking for a civil engineer to take ownership of projects across land development stormwater civil infrastructure and site civils for commercial and residential developments this is a hands on design and delivery,"'across':17 'civil':10,21,25 'commerci':27 'consult':5 'deliveri':38 'design':36 'develop':19,30 'engin':4,11 'grow':2 'hand':34 'infrastructur':22 'land':18 'look':7 'multidisciplinari':3 'ownership':14 'project':16 'residenti':29 'site':24 'stormwat':20 'take':13","{across,civil,commerci,consult,deliveri,design,develop,engin,grow,hand,infrastructur,land,look,multidisciplinari,ownership,project,residenti,site,stormwat,take}"
Windows System Engineer,IMC,"",Australia," At IMC, technology is at the core of everything we do, and how we build and maintain our user space infrastructure is key to our global success. Our Operations Engineering team designs, automates, and scales the systems that power our workstations, tools, and user environments...",analytics consultant,swooped.co,2025-09-24 00:00:00.000 +0700,not_specified,Windows System Engineer,"At IMC, technology is at the core of everything we do, and how we build and maintain our user space infrastructure is key to our global success. Our Operations Engineering team designs, automates, and scales the systems that power our workstations, tools, and user environments...",at imc technology is at the core of everything we do and how we build and maintain our user space infrastructure is key to our global success our operations engineering team designs automates and scales the systems that power our workstations tools and user environments,"'autom':33 'build':15 'core':7 'design':32 'engin':30 'environ':45 'everyth':9 'global':26 'imc':2 'infrastructur':21 'key':23 'maintain':17 'oper':29 'power':39 'scale':35 'space':20 'success':27 'system':37 'team':31 'technolog':3 'tool':42 'user':19,44 'workstat':41","{autom,build,core,design,engin,environ,everyth,global,imc,infrastructur,key,maintain,oper,power,scale,space,success,system,team,technolog,tool,user,workstat}"
Senior Project Engineer,Lendlease,"",Australia,"&nbsp;...Ensure Lendlease’s high standards of quality, safety, and sustainability are achieved. 
 Build strong relationships with clients, <b>consultants,</b> and internal stakeholders. 
 To be successful, you will need: 
 Ideally 8+ years' experience in the construction industry,...&nbsp;",analytics consultant,swooped.co,2026-02-27 00:00:00.000 +0700,not_specified,Senior Project Engineer,"...Ensure Lendlease’s high standards of quality, safety, and sustainability are achieved. Build strong relationships with clients, consultants, and internal stakeholders. To be successful, you will need: Ideally 8+ years' experience in the construction industry,...",ensure lendlease s high standards of quality safety and sustainability are achieved build strong relationships with clients consultants and internal stakeholders to be successful you will need ideally years experience in the construction industry,'8':28 'achiev':11 'build':12 'client':16 'construct':33 'consult':17 'ensur':1 'experi':30 'high':3 'ideal':27 'industri':34 'intern':19 'lendlease’':2 'need':26 'qualiti':6 'relationship':14 'safeti':7 'stakehold':20 'standard':4 'strong':13 'success':23 'sustain':9 'year':29,"{8,achiev,build,client,construct,consult,ensur,experi,high,ideal,industri,intern,lendlease’,need,qualiti,relationship,safeti,stakehold,standard,strong,success,sustain,year}"
Product Owner - Diary,Aphex,"",Australia,"&nbsp;...than rigid forms, and AI woven through so recording is easier and <b>insight </b>surfaces on its own. A lot of it lives on mobile, out on site....&nbsp;&nbsp;...hold the quality bar 
 Stay close to the user:  work with our <b>customer </b>teams and users to understand how sites actually work, and turn...&nbsp;",customer insights analyst,hireskys.com,2026-07-23 09:19:38.920 +0700,full_time,Product Owner - Diary,"...than rigid forms, and AI woven through so recording is easier and insight surfaces on its own. A lot of it lives on mobile, out on site.... ...hold the quality bar Stay close to the user: work with our customer teams and users to understand how sites actually work, and turn...",than rigid forms and ai woven through so recording is easier and insight surfaces on its own a lot of it lives on mobile out on site hold the quality bar stay close to the user work with our customer teams and users to understand how sites actually work and turn,"'actual':48 'ai':5 'bar':31 'close':33 'custom':40 'easier':11 'form':3 'hold':28 'insight':13 'live':22 'lot':19 'mobil':24 'qualiti':30 'record':9 'rigid':2 'site':27,47 'stay':32 'surfac':14 'team':41 'turn':51 'understand':45 'user':36,43 'work':37,49 'woven':6","{actual,ai,bar,close,custom,easier,form,hold,insight,live,lot,mobil,qualiti,record,rigid,site,stay,surfac,team,turn,understand,user,work,woven}"
"Sr. Staff Engineer, Robotics/Automotive System Software",Tenstorrent,$100k,Australia," Tenstorrent is leading the industry on cutting-edge AI technology, revolutionizing performance expectations, ease of use, and cost efficiency. With AI redefining the computing paradigm, solutions must evolve to unify innovations in software models, compilers, platforms...",analytics consultant,swooped.co,2025-08-27 00:00:00.000 +0700,not_specified,Sr. Staff Engineer,"Tenstorrent is leading the industry on cutting-edge AI technology, revolutionizing performance expectations, ease of use, and cost efficiency. With AI redefining the computing paradigm, solutions must evolve to unify innovations in software models, compilers, platforms...",tenstorrent is leading the industry on cutting edge ai technology revolutionizing performance expectations ease of use and cost efficiency with ai redefining the computing paradigm solutions must evolve to unify innovations in software models compilers platforms,"'ai':10,22 'compil':36 'comput':25 'cost':19 'cut':8 'cutting-edg':7 'eas':15 'edg':9 'effici':20 'evolv':29 'expect':14 'industri':5 'innov':32 'lead':3 'model':35 'must':28 'paradigm':26 'perform':13 'platform':37 'redefin':23 'revolution':12 'softwar':34 'solut':27 'technolog':11 'tenstorr':1 'unifi':31 'use':17","{ai,compil,comput,cost,cut,cutting-edg,eas,edg,effici,evolv,expect,industri,innov,lead,model,must,paradigm,perform,platform,redefin,revolution,softwar,solut,technolog,tenstorr,unifi,use}"
Software Engineer,Appian Corporation,"",Australia," Here at Appian, our core values of Respect, Work to Impact, Ambition, and Constructive Dissent & Resolution define who we are. In short, this means we constantly seek to understand the best for our customers, we go beyond completion in our work, we strive for excellence...",analytics consultant,swooped.co,2025-08-25 00:00:00.000 +0700,not_specified,Software Engineer,"Here at Appian, our core values of Respect, Work to Impact, Ambition, and Constructive Dissent & Resolution define who we are. In short, this means we constantly seek to understand the best for our customers, we go beyond completion in our work, we strive for excellence...",here at appian our core values of respect work to impact ambition and constructive dissent resolution define who we are in short this means we constantly seek to understand the best for our customers we go beyond completion in our work we strive for excellence,"'ambit':12 'appian':3 'best':31 'beyond':37 'complet':38 'constant':26 'construct':14 'core':5 'custom':34 'defin':17 'dissent':15 'excel':45 'go':36 'impact':11 'mean':24 'resolut':16 'respect':8 'seek':27 'short':22 'strive':43 'understand':29 'valu':6 'work':9,41","{ambit,appian,best,beyond,complet,constant,construct,core,custom,defin,dissent,excel,go,impact,mean,resolut,respect,seek,short,strive,understand,valu,work}"
"Senior Backend Engineer, Cashalo",Tilt,"",Australia," At Tilt, we see a side of people that traditional lenders miss. Our mobile-first products and machine learning-powered credit models look beyond credit scores, using over 250 real-time financial signals to recognize real potential. With millions of customers worldwide,...",analytics consultant,hireskys.com,2026-07-16 04:12:10.580 +0700,full_time,Senior Backend Engineer,"At Tilt, we see a side of people that traditional lenders miss. Our mobile-first products and machine learning-powered credit models look beyond credit scores, using over 250 real-time financial signals to recognize real potential. With millions of customers worldwide,...",at tilt we see a side of people that traditional lenders miss our mobile first products and machine learning powered credit models look beyond credit scores using over real time financial signals to recognize real potential with millions of customers worldwide,"'250':31 'beyond':26 'credit':23,27 'custom':44 'financi':35 'first':16 'learn':21 'learning-pow':20 'lender':11 'look':25 'machin':19 'million':42 'miss':12 'mobil':15 'mobile-first':14 'model':24 'peopl':8 'potenti':40 'power':22 'product':17 'real':33,39 'real-tim':32 'recogn':38 'score':28 'see':4 'side':6 'signal':36 'tilt':2 'time':34 'tradit':10 'use':29 'worldwid':45","{250,beyond,credit,custom,financi,first,learn,learning-pow,lender,look,machin,million,miss,mobil,mobile-first,model,peopl,potenti,power,product,real,real-tim,recogn,score,see,side,signal,tilt,time,tradit,use,worldwid}"
Regional Technical Specialist,BYD,"",Australia,"&nbsp;...and effective resolutions. 
 This role is critical in bridging the gap between our service network and the national head office by <b>reporting </b>on field issues, product quality concerns, and ensuring continuous improvement in both technical performance and customer...&nbsp;",data reporting analyst,ev.careers,2026-06-30 19:38:38.017 +0700,full_time,Regional Technical Specialist,"...and effective resolutions. This role is critical in bridging the gap between our service network and the national head office by reporting on field issues, product quality concerns, and ensuring continuous improvement in both technical performance and customer...",and effective resolutions this role is critical in bridging the gap between our service network and the national head office by reporting on field issues product quality concerns and ensuring continuous improvement in both technical performance and customer,'bridg':9 'concern':28 'continu':31 'critic':7 'custom':38 'effect':2 'ensur':30 'field':24 'gap':11 'head':19 'improv':32 'issu':25 'nation':18 'network':15 'offic':20 'perform':36 'product':26 'qualiti':27 'report':22 'resolut':3 'role':5 'servic':14 'technic':35,"{bridg,concern,continu,critic,custom,effect,ensur,field,gap,head,improv,issu,nation,network,offic,perform,product,qualiti,report,resolut,role,servic,technic}"
Customer Success Manager,Triple Whale,"",Australia,"&nbsp;...digital pace.  Position Overview 
 We are seeking a highly <b>consultative,</b> strategically minded, and data-fluent Customer Success Manager...&nbsp;&nbsp;...commerce stores (e.g., Shopify layouts), or paid advertising <b>analytics.</b> 
 Familiarity with modern CRM toolchains, automated renewal...&nbsp;",analytics consultant,hireskys.com,2026-07-08 02:57:04.670 +0700,full_time,Customer Success Manager,"...digital pace. Position Overview We are seeking a highly consultative, strategically minded, and data-fluent Customer Success Manager... ...commerce stores (e.g., Shopify layouts), or paid advertising analytics. Familiarity with modern CRM toolchains, automated renewal...",digital pace position overview we are seeking a highly consultative strategically minded and data fluent customer success manager commerce stores e g shopify layouts or paid advertising analytics familiarity with modern crm toolchains automated renewal,'advertis':27 'analyt':28 'autom':34 'commerc':20 'consult':10 'crm':32 'custom':17 'data':15 'data-flu':14 'digit':1 'e.g':22 'familiar':29 'fluent':16 'high':9 'layout':24 'manag':19 'mind':12 'modern':31 'overview':4 'pace':2 'paid':26 'posit':3 'renew':35 'seek':7 'shopifi':23 'store':21 'strateg':11 'success':18 'toolchain':33,"{advertis,analyt,autom,commerc,consult,crm,custom,data,data-flu,digit,e.g,familiar,fluent,high,layout,manag,mind,modern,overview,pace,paid,posit,renew,seek,shopifi,store,strateg,success,toolchain}"
Client Success Manager,"Columbus, GA | Move to Meaningful",$100k - $105k,Australia,"&nbsp;...experience in customer service or client success roles; 
~5+ years of supervisory experience leading teams; 
~ Strong organisational, <b>analytical,</b> and multitasking abilities; 
~ Proficiency in   Excel and ability to learn new technologies quickly; 
~ Excellent...&nbsp;",analytics consultant,swooped.co,2025-08-12 00:00:00.000 +0700,not_specified,Client Success Manager,"...experience in customer service or client success roles; ~5+ years of supervisory experience leading teams; ~ Strong organisational, analytical, and multitasking abilities; ~ Proficiency in  Excel and ability to learn new technologies quickly; ~ Excellent...",experience in customer service or client success roles years of supervisory experience leading teams strong organisational analytical and multitasking abilities proficiency in excel and ability to learn new technologies quickly excellent,"'5':9 'abil':21,26 'analyt':18 'client':6 'custom':3 'excel':24,32 'experi':1,13 'in ':23 'lead':14 'learn':28 'multitask':20 'new':29 'organis':17 'profici':22 'quick':31 'role':8 'servic':4 'strong':16 'success':7 'supervisori':12 'team':15 'technolog':30 'year':10","{5,abil,analyt,client,custom,excel,experi,in ,lead,learn,multitask,new,organis,profici,quick,role,servic,strong,success,supervisori,team,technolog,year}"
Marine Engineers (3rd OOW Engineers),DOF,"",Australia," DOF is hiring - 2nd/3rd Engineers (OOW Engineers)
 DOF is actively hiring experience as a 2nd/3rd Engineer (OOW Engineers) for casual opportunities on various vessels. As a Marine Engineer with DOF, you would be maintaining our world class fleet of vessels. Our Marine...",analytics consultant,swooped.co,2025-09-22 00:00:00.000 +0700,not_specified,Marine Engineers (3rd OOW Engineers),"DOF is hiring - 2nd/3rd Engineers (OOW Engineers) DOF is actively hiring experience as a 2nd/3rd Engineer (OOW Engineers) for casual opportunities on various vessels. As a Marine Engineer with DOF, you would be maintaining our world class fleet of vessels. Our Marine...",dof is hiring nd rd engineers oow engineers dof is actively hiring experience as a nd rd engineer oow engineers for casual opportunities on various vessels as a marine engineer with dof you would be maintaining our world class fleet of vessels our marine,"'2nd/3rd':4,15 'activ':10 'casual':20 'class':37 'dof':1,8,30 'engin':5,7,16,18,28 'experi':12 'fleet':38 'hire':3,11 'maintain':34 'marin':27,42 'oow':6,17 'opportun':21 'various':23 'vessel':24,40 'world':36 'would':32","{2nd/3rd,activ,casual,class,dof,engin,experi,fleet,hire,maintain,marin,oow,opportun,various,vessel,world,would}"
Manufacturing Engineer - Sydney,Anduril Industries,"",Australia," Anduril Industries is a defense technology company with a mission to transform U.S. and allied military capabilities with advanced technology. By bringing the expertise, technology, and business model of the 21st century’s most innovative companies to the defense industry...",analytics consultant,swooped.co,2026-02-27 00:00:00.000 +0700,not_specified,Manufacturing Engineer - Sydney,"Anduril Industries is a defense technology company with a mission to transform U.S. and allied military capabilities with advanced technology. By bringing the expertise, technology, and business model of the 21st century’s most innovative companies to the defense industry...",anduril industries is a defense technology company with a mission to transform u s and allied military capabilities with advanced technology by bringing the expertise technology and business model of the st century s most innovative companies to the defense industry,"'21st':31 'advanc':19 'alli':15 'anduril':1 'bring':22 'busi':27 'capabl':17 'century’':32 'compani':7,35 'defens':5,38 'expertis':24 'industri':2,39 'innov':34 'militari':16 'mission':10 'model':28 'technolog':6,20,25 'transform':12 'u.s':13","{21st,advanc,alli,anduril,bring,busi,capabl,century’,compani,defens,expertis,industri,innov,militari,mission,model,technolog,transform,u.s}"
Enterprise Operations Analyst II,Mastercard,"",Australia,"&nbsp;...greatest potential.  Title and Summary  Enterprise Operations <b>Analyst </b>II 
 Job Overview: Provide technical support for MasterCard’s...&nbsp;&nbsp;...confidentiality and integrity of the information being accessed; 
 <b>Report </b>any suspected information security violation or breach, and...&nbsp;",data reporting analyst,decentrajobs.com,2026-07-08 03:06:03.317 +0700,full_time,Enterprise Operations Analyst II,"...greatest potential. Title and Summary Enterprise Operations Analyst II Job Overview: Provide technical support for MasterCard’s... ...confidentiality and integrity of the information being accessed; Report any suspected information security violation or breach, and...",greatest potential title and summary enterprise operations analyst ii job overview provide technical support for mastercard s confidentiality and integrity of the information being accessed report any suspected information security violation or breach and,"'access':24 'analyst':8 'breach':32 'confidenti':17 'enterpris':6 'greatest':1 'ii':9 'inform':22,28 'integr':19 'job':10 'mastercard’':16 'oper':7 'overview':11 'potenti':2 'provid':12 'report':25 'secur':29 'summari':5 'support':14 'suspect':27 'technic':13 'titl':3 'violat':30","{access,analyst,breach,confidenti,enterpris,greatest,ii,inform,integr,job,mastercard’,oper,overview,potenti,provid,report,secur,summari,support,suspect,technic,titl,violat}"
Sales Development Representative (Growth),Immutable,$75 per hour,Australia,"&nbsp;...combining performance, digital ownership and cutting-edge technology to help games grow and succeed. At the intersection of AI-driven <b>analytics,</b> high-performance growth tools, and seamless digital ownership, our technology helps studios attract, engage, and scale player...&nbsp;",analytics consultant,decentrajobs.com,2026-05-29 02:16:33.140 +0700,full_time,Sales Development Representative (Growth),"...combining performance, digital ownership and cutting-edge technology to help games grow and succeed. At the intersection of AI-driven analytics, high-performance growth tools, and seamless digital ownership, our technology helps studios attract, engage, and scale player...",combining performance digital ownership and cutting edge technology to help games grow and succeed at the intersection of ai driven analytics high performance growth tools and seamless digital ownership our technology helps studios attract engage and scale player,"'ai':21 'ai-driven':20 'analyt':23 'attract':37 'combin':1 'cut':7 'cutting-edg':6 'digit':3,31 'driven':22 'edg':8 'engag':38 'game':12 'grow':13 'growth':27 'help':11,35 'high':25 'high-perform':24 'intersect':18 'ownership':4,32 'perform':2,26 'player':41 'scale':40 'seamless':30 'studio':36 'succeed':15 'technolog':9,34 'tool':28","{ai,ai-driven,analyt,attract,combin,cut,cutting-edg,digit,driven,edg,engag,game,grow,growth,help,high,high-perform,intersect,ownership,perform,player,scale,seamless,studio,succeed,technolog,tool}"
"Service Advisor, Canberra",Tesla,"",Australia," What To Expect 
 Tesla Motors is looking for a customer service professional to join our team as a Service Advisor working on one of the most progressive vehicle brands in the world. This position requires a high-level customer and employee interaction, so the ideal candidate...",analytics consultant,ev.careers,2026-07-26 02:33:01.260 +0700,full_time,Service Advisor,"What To Expect Tesla Motors is looking for a customer service professional to join our team as a Service Advisor working on one of the most progressive vehicle brands in the world. This position requires a high-level customer and employee interaction, so the ideal candidate...",what to expect tesla motors is looking for a customer service professional to join our team as a service advisor working on one of the most progressive vehicle brands in the world this position requires a high level customer and employee interaction so the ideal candidate,"'advisor':20 'brand':29 'candid':47 'custom':10,40 'employe':42 'expect':3 'high':38 'high-level':37 'ideal':46 'interact':43 'join':14 'level':39 'look':7 'motor':5 'one':23 'posit':34 'profession':12 'progress':27 'requir':35 'servic':11,19 'team':16 'tesla':4 'vehicl':28 'work':21 'world':32","{advisor,brand,candid,custom,employe,expect,high,high-level,ideal,interact,join,level,look,motor,one,posit,profession,progress,requir,servic,team,tesla,vehicl,work,world}"
CFD Equity Account Manager | Mandarin Speaking,TMGM,"",Australia,"&nbsp;...proven ability to build client pipelines. 
 Excellent communication and interpersonal skills to foster client relationships. 
 <b>Analytical </b>mindset with the ability to interpret market trends and provide actionable insights. 
 Goal-oriented with a track record of meeting...&nbsp;",analytics consultant,swooped.co,2025-08-12 00:00:00.000 +0700,not_specified,CFD Equity Account Manager | Mandarin Speaking,...proven ability to build client pipelines. Excellent communication and interpersonal skills to foster client relationships. Analytical mindset with the ability to interpret market trends and provide actionable insights. Goal-oriented with a track record of meeting...,proven ability to build client pipelines excellent communication and interpersonal skills to foster client relationships analytical mindset with the ability to interpret market trends and provide actionable insights goal oriented with a track record of meeting,"'abil':2,20 'action':27 'analyt':16 'build':4 'client':5,14 'communic':8 'excel':7 'foster':13 'goal':30 'goal-ori':29 'insight':28 'interperson':10 'interpret':22 'market':23 'meet':37 'mindset':17 'orient':31 'pipelin':6 'proven':1 'provid':26 'record':35 'relationship':15 'skill':11 'track':34 'trend':24","{abil,action,analyt,build,client,communic,excel,foster,goal,goal-ori,insight,interperson,interpret,market,meet,mindset,orient,pipelin,proven,provid,record,relationship,skill,track,trend}"
Network Systems Engineer,Northrop Grumman,"",Australia," AUSTRALIAN CITIZENSHIP REQUIRED FOR THIS POSITION: Yes 
 RELOCATION ASSISTANCE: Relocation assistance may be available 
 CLEARANCE TYPE: AU-TSPV (Positive Vetting)
 TRAVEL: Yes, 25% of the Time 
 Description 
 We are Northrop Grumman Australia. Our 800 strong team...",analytics consultant,swooped.co,2025-08-14 00:00:00.000 +0700,not_specified,Network Systems Engineer,"AUSTRALIAN CITIZENSHIP REQUIRED FOR THIS POSITION: Yes RELOCATION ASSISTANCE: Relocation assistance may be available CLEARANCE TYPE: AU-TSPV (Positive Vetting) TRAVEL: Yes, 25% of the Time Description We are Northrop Grumman Australia. Our 800 strong team...",australian citizenship required for this position yes relocation assistance relocation assistance may be available clearance type au tspv positive vetting travel yes of the time description we are northrop grumman australia our strong team,"'25':24 '800':35 'assist':9,11 'au':18 'au-tspv':17 'australia':33 'australian':1 'avail':14 'citizenship':2 'clearanc':15 'descript':28 'grumman':32 'may':12 'northrop':31 'posit':6,20 'reloc':8,10 'requir':3 'strong':36 'team':37 'time':27 'travel':22 'tspv':19 'type':16 'vet':21 'yes':7,23","{25,800,assist,au,au-tspv,australia,australian,avail,citizenship,clearanc,descript,grumman,may,northrop,posit,reloc,requir,strong,team,time,travel,tspv,type,vet,yes}"
Lodge Manager | Outback Spirit Tours,Journey Beyond,"",Australia,"
 ABOUT US: 
 Australia’s leading experiential tourism group,  Journey Beyond  , is privileged to operate 17 brands spanning the country, connecting guests to the land, and to each other. Headquartered in Adelaide, Journey Beyond formed in 2016 and now comprises tourism...",analytics consultant,swooped.co,2025-09-29 00:00:00.000 +0700,not_specified,Lodge Manager | Outback Spirit Tours,"ABOUT US: Australia’s leading experiential tourism group, Journey Beyond , is privileged to operate 17 brands spanning the country, connecting guests to the land, and to each other. Headquartered in Adelaide, Journey Beyond formed in 2016 and now comprises tourism...",about us australia s leading experiential tourism group journey beyond is privileged to operate brands spanning the country connecting guests to the land and to each other headquartered in adelaide journey beyond formed in and now comprises tourism,"'17':14 '2016':35 'adelaid':30 'australia’':3 'beyond':9,32 'brand':15 'compris':38 'connect':19 'countri':18 'experienti':5 'form':33 'group':7 'guest':20 'headquart':28 'journey':8,31 'land':23 'lead':4 'oper':13 'privileg':11 'span':16 'tourism':6,39 'us':2","{17,2016,adelaid,australia’,beyond,brand,compris,connect,countri,experienti,form,group,guest,headquart,journey,land,lead,oper,privileg,span,tourism,us}"
ESG Junior Data Analyst (Mandarin Speaker),ISS | Institutional Shareholder Services,"",Australia,"&nbsp;...acquire specific knowledge about the dominant issues for several industries. 
 Attend to internal/client queries and requests to ensure <b>data </b>captured is aligned with data methodology and policy guidelines 
 Comply with established work process standards to ensure quality...&nbsp;",data analyst,swooped.co,2026-02-27 00:00:00.000 +0700,not_specified,ESG Junior Data Analyst (Mandarin Speaker),...acquire specific knowledge about the dominant issues for several industries. Attend to internal/client queries and requests to ensure data captured is aligned with data methodology and policy guidelines Comply with established work process standards to ensure quality...,acquire specific knowledge about the dominant issues for several industries attend to internal client queries and requests to ensure data captured is aligned with data methodology and policy guidelines comply with established work process standards to ensure quality,"'acquir':1 'align':22 'attend':11 'captur':20 'compli':29 'data':19,24 'domin':6 'ensur':18,36 'establish':31 'guidelin':28 'industri':10 'internal/client':13 'issu':7 'knowledg':3 'methodolog':25 'polici':27 'process':33 'qualiti':37 'queri':14 'request':16 'sever':9 'specif':2 'standard':34 'work':32","{acquir,align,attend,captur,compli,data,domin,ensur,establish,guidelin,industri,internal/client,issu,knowledg,methodolog,polici,process,qualiti,queri,request,sever,specif,standard,work}"
Enterprise Operations Analyst II,Mastercard,"",Australia,"&nbsp;...services that help people, businesses and governments realize their greatest potential.  Title and Summary  Enterprise Operations <b>Analyst </b>II 
 Job Overview: Provide technical support for MasterCard’s operations environment. Analyze information to determine MasterCard...&nbsp;",data analyst,decentrajobs.com,2026-07-08 03:06:03.317 +0700,full_time,Enterprise Operations Analyst II,"...services that help people, businesses and governments realize their greatest potential. Title and Summary Enterprise Operations Analyst II Job Overview: Provide technical support for MasterCard’s operations environment. Analyze information to determine MasterCard...",services that help people businesses and governments realize their greatest potential title and summary enterprise operations analyst ii job overview provide technical support for mastercard s operations environment analyze information to determine mastercard,"'analyst':17 'analyz':28 'busi':5 'determin':31 'enterpris':15 'environ':27 'govern':7 'greatest':10 'help':3 'ii':18 'inform':29 'job':19 'mastercard':32 'mastercard’':25 'oper':16,26 'overview':20 'peopl':4 'potenti':11 'provid':21 'realiz':8 'servic':1 'summari':14 'support':23 'technic':22 'titl':12","{analyst,analyz,busi,determin,enterpris,environ,govern,greatest,help,ii,inform,job,mastercard,mastercard’,oper,overview,peopl,potenti,provid,realiz,servic,summari,support,technic,titl}"
"Manager, Contracts Management",Remote,"",Australia," What this job can offer you  We are looking for a  Manager, Contracts Management  to own the planning, implementation and service level for lifecycle contracts management team based in the APAC (India, South East Asia and Japan). 
 Reporting to the Senior Manager of Lifecycle...",analytics consultant,hireskys.com,2026-07-24 13:54:28.233 +0700,full_time,Manager,"What this job can offer you We are looking for a Manager, Contracts Management to own the planning, implementation and service level for lifecycle contracts management team based in the APAC (India, South East Asia and Japan). Reporting to the Senior Manager of Lifecycle...",what this job can offer you we are looking for a manager contracts management to own the planning implementation and service level for lifecycle contracts management team based in the apac india south east asia and japan reporting to the senior manager of lifecycle,"'apac':31 'asia':35 'base':28 'contract':13,25 'east':34 'implement':19 'india':32 'japan':37 'job':3 'level':22 'lifecycl':24,44 'look':9 'manag':12,14,26,42 'offer':5 'plan':18 'report':38 'senior':41 'servic':21 'south':33 'team':27","{apac,asia,base,contract,east,implement,india,japan,job,level,lifecycl,look,manag,offer,plan,report,senior,servic,south,team}"
Quality Engineer,Invictus People,$110k,Australia,"&nbsp;.... This role is ideal for someone who is passionate about quality, continuous improvement, and ensuring products consistently meet <b>customer,</b> regulatory, and internal standards. 
 Working closely with engineering, production, and supply chain teams, you will play a key...&nbsp;",customer insights analyst,atzcrm.com,2026-07-15 03:11:10.827 +0700,not_specified,Quality Engineer,".... This role is ideal for someone who is passionate about quality, continuous improvement, and ensuring products consistently meet customer, regulatory, and internal standards. Working closely with engineering, production, and supply chain teams, you will play a key...",this role is ideal for someone who is passionate about quality continuous improvement and ensuring products consistently meet customer regulatory and internal standards working closely with engineering production and supply chain teams you will play a key,"'chain':31 'close':25 'consist':17 'continu':12 'custom':19 'engin':27 'ensur':15 'ideal':4 'improv':13 'intern':22 'key':37 'meet':18 'passion':9 'play':35 'product':16,28 'qualiti':11 'regulatori':20 'role':2 'someon':6 'standard':23 'suppli':30 'team':32 'work':24","{chain,close,consist,continu,custom,engin,ensur,ideal,improv,intern,key,meet,passion,play,product,qualiti,regulatori,role,someon,standard,suppli,team,work}"
Senior Service Reliability Engineer,Zé Delivery,"",Australia," Why PlayStation?
 PlayStation isn’t just the Best Place to Play — it’s also the Best Place to Work. Today, we’re recognized as a global leader in entertainment producing The PlayStation family of products and services including PlayStation®5, PlayStation®4, PlayStation...",analytics consultant,swooped.co,2025-08-21 00:00:00.000 +0700,not_specified,Senior Service Reliability Engineer,"Why PlayStation? PlayStation isn’t just the Best Place to Play — it’s also the Best Place to Work. Today, we’re recognized as a global leader in entertainment producing The PlayStation family of products and services including PlayStation®5, PlayStation®4, PlayStation...",why playstation playstation isn t just the best place to play it s also the best place to work today we re recognized as a global leader in entertainment producing the playstation family of products and services including playstation playstation playstation,"'also':13 'best':7,15 'entertain':27 'famili':31 'global':24 'includ':36 'isn’t':4 'it’':12 'leader':25 'place':8,16 'play':10 'playstat':2,3,30,39 'playstation®4':38 'playstation®5':37 'produc':28 'product':33 'recogn':21 'servic':35 'today':19 'we’r':20 'work':18 '—':11","{also,best,entertain,famili,global,includ,isn’t,it’,leader,place,play,playstat,playstation®4,playstation®5,produc,product,recogn,servic,today,we’r,work,—}"
Maintenance Support Manager,Northrop Grumman,"",Australia,"&nbsp;...environment is advantageous but not compulsory. 
 Ability to evaluate complex information and develop effective solutions. 
 Strong <b>analytical </b>skills. 
 Experience with finance and purchasing systems. 
 Strong stakeholder management, engagement and influencing skills....&nbsp;",analytics consultant,swooped.co,2025-08-14 00:00:00.000 +0700,not_specified,Maintenance Support Manager,"...environment is advantageous but not compulsory. Ability to evaluate complex information and develop effective solutions. Strong analytical skills. Experience with finance and purchasing systems. Strong stakeholder management, engagement and influencing skills....",environment is advantageous but not compulsory ability to evaluate complex information and develop effective solutions strong analytical skills experience with finance and purchasing systems strong stakeholder management engagement and influencing skills,"'abil':7 'advantag':3 'analyt':17 'complex':10 'compulsori':6 'develop':13 'effect':14 'engag':28 'environ':1 'evalu':9 'experi':19 'financ':21 'influenc':30 'inform':11 'manag':27 'purchas':23 'skill':18,31 'solut':15 'stakehold':26 'strong':16,25 'system':24","{abil,advantag,analyt,complex,compulsori,develop,effect,engag,environ,evalu,experi,financ,influenc,inform,manag,purchas,skill,solut,stakehold,strong,system}"
"Senior Analyst, Business Development (Identity & Security Specialist Sales)",Mastercard,"",Australia,"&nbsp;...stakeholders to understand customer pain-points, and help coordinate efforts to identity where improvements can be made through <b>consulting </b>engagements or the integration of products. 
 Responsible to sell associated advisory, data insights and program management services...&nbsp;",analytics consultant,decentrajobs.com,2026-06-05 03:50:40.853 +0700,full_time,Senior Analyst,"...stakeholders to understand customer pain-points, and help coordinate efforts to identity where improvements can be made through consulting engagements or the integration of products. Responsible to sell associated advisory, data insights and program management services...",stakeholders to understand customer pain points and help coordinate efforts to identity where improvements can be made through consulting engagements or the integration of products responsible to sell associated advisory data insights and program management services,'advisori':31 'associ':30 'consult':20 'coordin':10 'custom':4 'data':32 'effort':11 'engag':21 'help':9 'ident':13 'improv':15 'insight':33 'integr':24 'made':18 'manag':36 'pain':6 'pain-point':5 'point':7 'product':26 'program':35 'respons':27 'sell':29 'servic':37 'stakehold':1 'understand':3,"{advisori,associ,consult,coordin,custom,data,effort,engag,help,ident,improv,insight,integr,made,manag,pain,pain-point,point,product,program,respons,sell,servic,stakehold,understand}"
"Sr. Business Analyst, Advisors & Consulting Services (12 months fixed term)",Mastercard,"",Australia,"&nbsp;...realize their greatest potential.  Title and Summary  Sr. Business <b>Analyst,</b> Advisors & Consulting Services (12 months fixed term)
 Role...&nbsp;&nbsp;...and change initiatives. You will work across strategy, process, <b>data,</b> and technology to translate business needs into clear requirements...&nbsp;",data analyst,decentrajobs.com,2026-07-23 09:24:54.283 +0700,full_time,Sr. Business Analyst,"...realize their greatest potential. Title and Summary Sr. Business Analyst, Advisors & Consulting Services (12 months fixed term) Role... ...and change initiatives. You will work across strategy, process, data, and technology to translate business needs into clear requirements...",realize their greatest potential title and summary sr business analyst advisors consulting services months fixed term role and change initiatives you will work across strategy process data and technology to translate business needs into clear requirements,"'12':14 'across':25 'advisor':11 'analyst':10 'busi':9,33 'chang':20 'clear':36 'consult':12 'data':28 'fix':16 'greatest':3 'initi':21 'month':15 'need':34 'potenti':4 'process':27 'realiz':1 'requir':37 'role':18 'servic':13 'sr':8 'strategi':26 'summari':7 'technolog':30 'term':17 'titl':5 'translat':32 'work':24","{12,across,advisor,analyst,busi,chang,clear,consult,data,fix,greatest,initi,month,need,potenti,process,realiz,requir,role,servic,sr,strategi,summari,technolog,term,titl,translat,work}"
"Product and Sales Analyst, Specialist - Core Consumer",Mastercard,"",Australia,"&nbsp;...and services that help people, businesses and governments realize their greatest potential.  Title and Summary  Product and Sales <b>Analyst,</b> Specialist – Core Consumer 
 Overview 
 Specialist, Product and Sales Analyst – Core Consumer supports the execution, adoption,...&nbsp;",data analyst,decentrajobs.com,2026-05-29 02:16:31.753 +0700,full_time,Product and Sales Analyst,"...and services that help people, businesses and governments realize their greatest potential. Title and Summary Product and Sales Analyst, Specialist – Core Consumer Overview Specialist, Product and Sales Analyst – Core Consumer supports the execution, adoption,...",and services that help people businesses and governments realize their greatest potential title and summary product and sales analyst specialist core consumer overview specialist product and sales analyst core consumer supports the execution adoption,"'adopt':36 'analyst':19,29 'busi':6 'consum':23,32 'core':22,31 'execut':35 'govern':8 'greatest':11 'help':4 'overview':24 'peopl':5 'potenti':12 'product':16,26 'realiz':9 'sale':18,28 'servic':2 'specialist':20,25 'summari':15 'support':33 'titl':13 '–':21,30","{adopt,analyst,busi,consum,core,execut,govern,greatest,help,overview,peopl,potenti,product,realiz,sale,servic,specialist,summari,support,titl,–}"
"Technical Support Representative, In-Store",DoorDash Australia,"",Australia,"&nbsp;...first. 
 Use Internal Tools Effectively.  Learn and apply a variety of internal and external systems to log, track, and pull relevant <b>data,</b> supporting smooth and informed day-to-day operations. 
 We’re excited about you because…
 You’re a strong communicator, both in...&nbsp;",data analyst,swooped.co,2025-08-02 00:00:00.000 +0700,not_specified,Technical Support Representative,"...first. Use Internal Tools Effectively. Learn and apply a variety of internal and external systems to log, track, and pull relevant data, supporting smooth and informed day-to-day operations. We’re excited about you because… You’re a strong communicator, both in...",first use internal tools effectively learn and apply a variety of internal and external systems to log track and pull relevant data supporting smooth and informed day to day operations we re excited about you because you re a strong communicator both in,"'appli':8 'because…':36 'communic':40 'data':22 'day':28,30 'day-to-day':27 'effect':5 'excit':33 'extern':14 'first':1 'inform':26 'intern':3,12 'learn':6 'log':17 'oper':31 'pull':20 'relev':21 'smooth':24 'strong':39 'support':23 'system':15 'tool':4 'track':18 'use':2 'varieti':10 'we’r':32 'you’r':37","{appli,because…,communic,data,day,day-to-day,effect,excit,extern,first,inform,intern,learn,log,oper,pull,relev,smooth,strong,support,system,tool,track,use,varieti,we’r,you’r}"
Customer Service Representative (Fixed term 12 Months),Resmed,"",Australia," Role Overview 
 The primary role of a   Customer Service Representative in the   Customer Care Team is to deliver exceptional customer service and support across multiple communication channels—phone, email and chat. This role is pivotal in ensuring customer satisfaction...",analytics consultant,swooped.co,2025-09-22 00:00:00.000 +0700,not_specified,Customer Service Representative (Fixed term 12 Months),"Role Overview The primary role of a  Customer Service Representative in the  Customer Care Team is to deliver exceptional customer service and support across multiple communication channels—phone, email and chat. This role is pivotal in ensuring customer satisfaction...",role overview the primary role of a customer service representative in the customer care team is to deliver exceptional customer service and support across multiple communication channels phone email and chat this role is pivotal in ensuring customer satisfaction,"'across':24 'a ':7 'care':14 'channels—phon':27 'chat':30 'communic':26 'custom':8,13,20,37 'deliv':18 'email':28 'ensur':36 'except':19 'multipl':25 'overview':2 'pivot':34 'primari':4 'repres':10 'role':1,5,32 'satisfact':38 'servic':9,21 'support':23 'team':15 'the ':12","{across,a ,care,channels—phon,chat,communic,custom,deliv,email,ensur,except,multipl,overview,pivot,primari,repres,role,satisfact,servic,support,team,the }"
Customer Service Specialist (IAM),efm,$65k - $70k,Australia," Competitive Salary: $65,000 - $70,000 + Super + Bonus 
 At the heart of our service offering are our people and our promise to deliver a no better logistics experience. efm Logistics is leading as the largest 4PL provider in Australia & NZ, meaning we do much more than...",analytics consultant,swooped.co,2025-08-13 00:00:00.000 +0700,not_specified,Customer Service Specialist (IAM),"Competitive Salary: $65,000 - $70,000 + Super + Bonus At the heart of our service offering are our people and our promise to deliver a no better logistics experience. efm Logistics is leading as the largest 4PL provider in Australia & NZ, meaning we do much more than...",competitive salary super bonus at the heart of our service offering are our people and our promise to deliver a no better logistics experience efm logistics is leading as the largest pl provider in australia nz meaning we do much more than,"'000':4,6 '4pl':36 '65':3 '70':5 'australia':39 'better':26 'bonus':8 'competit':1 'deliv':23 'efm':29 'experi':28 'heart':11 'largest':35 'lead':32 'logist':27,30 'mean':41 'much':44 'nz':40 'offer':15 'peopl':18 'promis':21 'provid':37 'salari':2 'servic':14 'super':7","{000,4pl,65,70,australia,better,bonus,competit,deliv,efm,experi,heart,largest,lead,logist,mean,much,nz,offer,peopl,promis,provid,salari,servic,super}"
Customer Service Consultant,Rentokil Initial,"",Australia,"&nbsp;...We have an excellent opportunity for a  Customer Service <b>Consultant </b> to join our team based in  Newcastle  on a permanent  full-time basis. 
 In this role, you will be an important member of the Customer Service team reporting directly to the Customer Service Manager...&nbsp;",analytics consultant,swooped.co,2025-09-24 00:00:00.000 +0700,not_specified,Customer Service Consultant,"...We have an excellent opportunity for a Customer Service Consultant to join our team based in Newcastle on a permanent  full-time basis. In this role, you will be an important member of the Customer Service team reporting directly to the Customer Service Manager...",we have an excellent opportunity for a customer service consultant to join our team based in newcastle on a permanent full time basis in this role you will be an important member of the customer service team reporting directly to the customer service manager,"'base':15 'basi':24 'consult':10 'custom':8,36,43 'direct':40 'excel':4 'full':22 'full-tim':21 'import':32 'join':12 'manag':45 'member':33 'newcastl':17 'opportun':5 'permanent ':20 'report':39 'role':27 'servic':9,37,44 'team':14,38 'time':23","{base,basi,consult,custom,direct,excel,full,full-tim,import,join,manag,member,newcastl,opportun,permanent ,report,role,servic,team,time}"
Customer Service Consultant,Weploy,"",Australia," Be the Voice of Exceptional Customer Support!
 Are you a confident communicator who thrives on delivering outstanding customer experiences? Do you have a knack for problem-solving and multitasking in a fast-paced environment? This is your opportunity to join a dynamic...",analytics consultant,swooped.co,2025-10-03 00:00:00.000 +0700,not_specified,Customer Service Consultant,Be the Voice of Exceptional Customer Support! Are you a confident communicator who thrives on delivering outstanding customer experiences? Do you have a knack for problem-solving and multitasking in a fast-paced environment? This is your opportunity to join a dynamic...,be the voice of exceptional customer support are you a confident communicator who thrives on delivering outstanding customer experiences do you have a knack for problem solving and multitasking in a fast paced environment this is your opportunity to join a dynamic,"'communic':12 'confid':11 'custom':6,18 'deliv':16 'dynam':44 'environ':36 'except':5 'experi':19 'fast':34 'fast-pac':33 'join':42 'knack':24 'multitask':30 'opportun':40 'outstand':17 'pace':35 'problem':27 'problem-solv':26 'solv':28 'support':7 'thrive':14 'voic':3","{communic,confid,custom,deliv,dynam,environ,except,experi,fast,fast-pac,join,knack,multitask,opportun,outstand,pace,problem,problem-solv,solv,support,thrive,voic}"
"Manager, Technical Product Enablement and Specialist Sales (Digital and Agentic)",Mastercard,"",Australia," Our Purpose  Mastercard powers economies and empowers people in 200+ countries and territories worldwide. Together with our customers, we’re helping build a sustainable economy where everyone can prosper. We support a wide range of digital payments choices, making transactions...",analytics consultant,decentrajobs.com,2026-07-16 04:20:36.963 +0700,full_time,Manager,"Our Purpose Mastercard powers economies and empowers people in 200+ countries and territories worldwide. Together with our customers, we’re helping build a sustainable economy where everyone can prosper. We support a wide range of digital payments choices, making transactions...",our purpose mastercard powers economies and empowers people in countries and territories worldwide together with our customers we re helping build a sustainable economy where everyone can prosper we support a wide range of digital payments choices making transactions,'200':10 'a sustainable economi':22 'build':21 'choic':35 'countri':11 'custom':18 'digit':33 'economi':5 'empow':7 'everyon':24 'help':20 'make':36 'mastercard':3 'payment':34 'peopl':8 'power':4 'prosper':26 'purpos':2 'rang':31 'support':28 'territori':13 'togeth':15 'transact':37 'we’r':19 'wide':30 'worldwid':14,"{200,a sustainable economi,build,choic,countri,custom,digit,economi,empow,everyon,help,make,mastercard,payment,peopl,power,prosper,purpos,rang,support,territori,togeth,transact,we’r,wide,worldwid}"
Technical Customer Support Specialist,ElevenLabs,"",Australia," About ElevenLabs:  ElevenLabs is a world-renowned generative AI research and audio product powerhouse transforming how humanity interacts with technology. Launched in January 2023 with the first human-like AI voice model, we serve millions of users and thousands of global...",analytics consultant,hireskys.com,2026-07-07 07:54:30.737 +0700,part_time,Technical Customer Support Specialist,"About ElevenLabs: ElevenLabs is a world-renowned generative AI research and audio product powerhouse transforming how humanity interacts with technology. Launched in January 2023 with the first human-like AI voice model, we serve millions of users and thousands of global...",about elevenlabs elevenlabs is a world renowned generative ai research and audio product powerhouse transforming how humanity interacts with technology launched in january with the first human like ai voice model we serve millions of users and thousands of global,"'2023':25 'ai':10,32 'audio':13 'elevenlab':2,3 'first':28 'generat':9 'global':43 'human':18,30 'human-lik':29 'interact':19 'januari':24 'launch':22 'like':31 'million':37 'model':34 'powerhous':15 'product':14 'renown':8 'research':11 'serv':36 'technolog':21 'thousand':41 'transform':16 'user':39 'voic':33 'world':7 'world-renown':6","{2023,ai,audio,elevenlab,first,generat,global,human,human-lik,interact,januari,launch,like,million,model,powerhous,product,renown,research,serv,technolog,thousand,transform,user,voic,world,world-renown}"
"Lead, Platform Engineering",Mastercard,"",Australia," Our Purpose  Mastercard powers economies and empowers people in 200+ countries and territories worldwide. Together with our customers, we’re helping build a sustainable economy where everyone can prosper. We support a wide range of digital payments choices, making transactions...",analytics consultant,decentrajobs.com,2026-07-21 08:16:28.973 +0700,full_time,Lead,"Our Purpose Mastercard powers economies and empowers people in 200+ countries and territories worldwide. Together with our customers, we’re helping build a sustainable economy where everyone can prosper. We support a wide range of digital payments choices, making transactions...",our purpose mastercard powers economies and empowers people in countries and territories worldwide together with our customers we re helping build a sustainable economy where everyone can prosper we support a wide range of digital payments choices making transactions,'200':10 'a sustainable economi':22 'build':21 'choic':35 'countri':11 'custom':18 'digit':33 'economi':5 'empow':7 'everyon':24 'help':20 'make':36 'mastercard':3 'payment':34 'peopl':8 'power':4 'prosper':26 'purpos':2 'rang':31 'support':28 'territori':13 'togeth':15 'transact':37 'we’r':19 'wide':30 'worldwid':14,"{200,a sustainable economi,build,choic,countri,custom,digit,economi,empow,everyon,help,make,mastercard,payment,peopl,power,prosper,purpos,rang,support,territori,togeth,transact,we’r,wide,worldwid}"
Training Coordinator,Clough AMEC.,"",Australia," Deliver a sustainable future with WA’s landmark urea project! 
 Clough  , as part of a joint venture, is delivering the Project Ceres urea plant, a landmark project for Western Australia. The plant will be the largest in Australia and one of the largest in the world, ...",analytics consultant,swooped.co,2025-08-13 00:00:00.000 +0700,not_specified,Training Coordinator,"Deliver a sustainable future with WA’s landmark urea project!  Clough , as part of a joint venture, is delivering the Project Ceres urea plant, a landmark project for Western Australia. The plant will be the largest in Australia and one of the largest in the world, ...",deliver a sustainable future with wa s landmark urea project clough as part of a joint venture is delivering the project ceres urea plant a landmark project for western australia the plant will be the largest in australia and one of the largest in the world,"'australia':30,38 'cere':22 'clough':11 'deliv':1,19 'futur':4 'joint':16 'landmark':7,26 'largest':36,43 'one':40 'part':13 'plant':24,32 'project':9,21,27 'sustain':3 'urea':8,23 'ventur':17 'wa’':6 'western':29 'world':46 ' ':10","{australia,cere,clough,deliv,futur,joint,landmark,largest,one,part,plant,project,sustain,urea,ventur,wa’,western,world, }"
Customer Care Executive,Rentokil Initial,"",Australia,"&nbsp;...this role, you will be required to: 
~ Conduct outbound calls to existing customers and exceptional customer service 
~ Sell <b>consultatively </b>and make recommendations to prospects and customers of various solutions the company offers 
~ Actively identify new business...&nbsp;",analytics consultant,swooped.co,2025-08-14 00:00:00.000 +0700,not_specified,Customer Care Executive,"...this role, you will be required to: ~ Conduct outbound calls to existing customers and exceptional customer service ~ Sell consultatively and make recommendations to prospects and customers of various solutions the company offers ~ Actively identify new business...",this role you will be required to conduct outbound calls to existing customers and exceptional customer service sell consultatively and make recommendations to prospects and customers of various solutions the company offers actively identify new business,"'activ':33 'busi':36 'call':10 'compani':31 'conduct':8 'consult':19 'custom':13,16,26 'except':15 'exist':12 'identifi':34 'make':21 'new':35 'offer':32 'outbound':9 'prospect':24 'recommend':22 'requir':6 'role':2 'sell':18 'servic':17 'solut':29 'various':28","{activ,busi,call,compani,conduct,consult,custom,except,exist,identifi,make,new,offer,outbound,prospect,recommend,requir,role,sell,servic,solut,various}"
Resident Services Coordinator,Greystar,"",Australia," ABOUT GREYSTAR 

 Greystar is a leading, fully integrated global real estate platform offering expertise in property management, investment management, development, and construction services in institutional-quality rental housing. Headquartered in Charleston, South ...",analytics consultant,jobs.greystar.com,2026-07-14 08:26:30.723 +0700,not_specified,Resident Services Coordinator,"ABOUT GREYSTAR Greystar is a leading, fully integrated global real estate platform offering expertise in property management, investment management, development, and construction services in institutional-quality rental housing. Headquartered in Charleston, South ...",about greystar greystar is a leading fully integrated global real estate platform offering expertise in property management investment management development and construction services in institutional quality rental housing headquartered in charleston south,"'charleston':32 'construct':22 'develop':20 'estat':11 'expertis':14 'fulli':7 'global':9 'greystar':2,3 'headquart':30 'hous':29 'institut':26 'institutional-qu':25 'integr':8 'invest':18 'lead':6 'manag':17,19 'offer':13 'platform':12 'properti':16 'qualiti':27 'real':10 'rental':28 'servic':23 'south':33","{charleston,construct,develop,estat,expertis,fulli,global,greystar,headquart,hous,institut,institutional-qu,integr,invest,lead,manag,offer,platform,properti,qualiti,real,rental,servic,south}"
Commercial Account Executive,Dandy,"",Australia," About Us  Dandy is transforming the massive and antiquated dental industry—an industry worth over $400B. Backed by some of the world’s leading venture capital firms, we’re on an ambitious mission to simplify and modernize every function of the dental practice through technology...",analytics consultant,hireskys.com,2026-07-21 04:08:24.380 +0700,full_time,Commercial Account Executive,"About Us Dandy is transforming the massive and antiquated dental industry—an industry worth over $400B. Backed by some of the world’s leading venture capital firms, we’re on an ambitious mission to simplify and modernize every function of the dental practice through technology...",about us dandy is transforming the massive and antiquated dental industry an industry worth over b backed by some of the world s leading venture capital firms we re on an ambitious mission to simplify and modernize every function of the dental practice through technology,"'400b':15 'ambiti':29 'antiqu':9 'back':16 'capit':24 'dandi':3 'dental':10,39 'everi':35 'firm':25 'function':36 'industri':12 'industry—an':11 'lead':22 'massiv':7 'mission':30 'modern':34 'practic':40 'simplifi':32 'technolog':42 'transform':5 'us':2 'ventur':23 'we’r':26 'world’':21 'worth':13","{400b,ambiti,antiqu,back,capit,dandi,dental,everi,firm,function,industri,industry—an,lead,massiv,mission,modern,practic,simplifi,technolog,transform,us,ventur,we’r,world’,worth}"
SOC Analyst,Volexity,"",Australia,"&nbsp;...Volexity’s Security Operation Center (SOC) <b>Analysts </b>work to protect organizations from a wide variety of threats, ranging from commodity...&nbsp;&nbsp;...or previously undetected threats 
 Creating detailed incident <b>reports </b>that provide context, as well as actionable recommendations and...&nbsp;",data reporting analyst,hireskys.com,2026-07-25 02:49:37.647 +0700,full_time,SOC Analyst,"...Volexity’s Security Operation Center (SOC) Analysts work to protect organizations from a wide variety of threats, ranging from commodity... ...or previously undetected threats Creating detailed incident reports that provide context, as well as actionable recommendations and...",volexity s security operation center soc analysts work to protect organizations from a wide variety of threats ranging from commodity or previously undetected threats creating detailed incident reports that provide context as well as actionable recommendations and,"'action':34 'analyst':6 'center':4 'commod':19 'context':30 'creat':24 'detail':25 'incid':26 'oper':3 'organ':10 'previous':21 'protect':9 'provid':29 'rang':17 'recommend':35 'report':27 'secur':2 'soc':5 'threat':16,23 'undetect':22 'varieti':14 'volexity’':1 'well':32 'wide':13 'work':7","{action,analyst,center,commod,context,creat,detail,incid,oper,organ,previous,protect,provid,rang,recommend,report,secur,soc,threat,undetect,varieti,volexity’,well,wide,work}"
"Business Development Manager - CDE Program (Consultants, Designer and Engineer)",Genetec,"",Australia,"&nbsp;...Your team’s dynamic: 
 Genetec is seeking a senior professional to lead and grow our <b>Consulting,</b> Design, and Engineering (CDE) Program across Australia and New Zealand. This is a high-impact role focused on strengthening relationships with security consultants and design...&nbsp;",analytics consultant,swooped.co,2025-08-13 00:00:00.000 +0700,not_specified,Business Development Manager - CDE Program (Consultants,"...Your team’s dynamic: Genetec is seeking a senior professional to lead and grow our Consulting, Design, and Engineering (CDE) Program across Australia and New Zealand. This is a high-impact role focused on strengthening relationships with security consultants and design...",your team s dynamic genetec is seeking a senior professional to lead and grow our consulting design and engineering cde program across australia and new zealand this is a high impact role focused on strengthening relationships with security consultants and design,"'across':21 'australia':22 'cde':19 'consult':15,39 'design':16,41 'dynam':3 'engin':18 'focus':33 'genetec':4 'grow':13 'high':30 'high-impact':29 'impact':31 'lead':11 'new':24 'profession':9 'program':20 'relationship':36 'role':32 'secur':38 'seek':6 'senior':8 'strengthen':35 'team’':2 'zealand':25","{across,australia,cde,consult,design,dynam,engin,focus,genetec,grow,high,high-impact,impact,lead,new,profession,program,relationship,role,secur,seek,senior,strengthen,team’,zealand}"
Head of Demand Generation Programs (Marketing) - Residential Energy APAC,Tesla,"",Australia," What To Expect 
 Tesla’s mission is to accelerate the world’s transition to sustainable energy. 
 The Residential Energy Demand Generation and Marketing team plays a critical role in this mission by driving awareness and adoption of Tesla’s energy products.We are looking...",analytics consultant,ev.careers,2026-07-23 03:48:55.157 +0700,full_time,Head of Demand Generation Programs,What To Expect Tesla’s mission is to accelerate the world’s transition to sustainable energy. The Residential Energy Demand Generation and Marketing team plays a critical role in this mission by driving awareness and adoption of Tesla’s energy products.We are looking...,what to expect tesla s mission is to accelerate the world s transition to sustainable energy the residential energy demand generation and marketing team plays a critical role in this mission by driving awareness and adoption of tesla s energy products we are looking,"'acceler':8 'adopt':34 'awar':32 'critic':25 'demand':18 'drive':31 'energi':14,17,37 'expect':3 'generat':19 'look':40 'market':21 'mission':5,29 'play':23 'products.we':38 'residenti':16 'role':26 'sustain':13 'team':22 'tesla’':4,36 'transit':11 'world’':10","{acceler,adopt,awar,critic,demand,drive,energi,expect,generat,look,market,mission,play,products.we,residenti,role,sustain,team,tesla’,transit,world’}"
Customer Success Manager,Hosting,"",Australia," About The Role  The Customer Success Manager is responsible for managing and developing a portfolio of existing Hosting.com customers. The role focuses on understanding who our customers are, what they use Hosting.com for, how satisfied they are, where risks exist, and...",analytics consultant,hireskys.com,2026-07-21 04:08:24.207 +0700,full_time,Customer Success Manager,"About The Role The Customer Success Manager is responsible for managing and developing a portfolio of existing Hosting.com customers. The role focuses on understanding who our customers are, what they use Hosting.com for, how satisfied they are, where risks exist, and...",about the role the customer success manager is responsible for managing and developing a portfolio of existing hosting com customers the role focuses on understanding who our customers are what they use hosting com for how satisfied they are where risks exist and,"'custom':5,19,27 'develop':13 'exist':17,40 'focus':22 'hosting.com':18,32 'manag':7,11 'portfolio':15 'respons':9 'risk':39 'role':3,21 'satisfi':35 'success':6 'understand':24 'use':31","{custom,develop,exist,focus,hosting.com,manag,portfolio,respons,risk,role,satisfi,success,understand,use}"
"Director, Account Management - Retail",Mastercard,"",Australia," Our Purpose  Mastercard powers economies and empowers people in 200+ countries and territories worldwide. Together with our customers, we’re helping build a sustainable economy where everyone can prosper. We support a wide range of digital payments choices, making transactions...",analytics consultant,decentrajobs.com,2026-07-20 08:16:32.763 +0700,full_time,Director,"Our Purpose Mastercard powers economies and empowers people in 200+ countries and territories worldwide. Together with our customers, we’re helping build a sustainable economy where everyone can prosper. We support a wide range of digital payments choices, making transactions...",our purpose mastercard powers economies and empowers people in countries and territories worldwide together with our customers we re helping build a sustainable economy where everyone can prosper we support a wide range of digital payments choices making transactions,'200':10 'a sustainable economi':22 'build':21 'choic':35 'countri':11 'custom':18 'digit':33 'economi':5 'empow':7 'everyon':24 'help':20 'make':36 'mastercard':3 'payment':34 'peopl':8 'power':4 'prosper':26 'purpos':2 'rang':31 'support':28 'territori':13 'togeth':15 'transact':37 'we’r':19 'wide':30 'worldwid':14,"{200,a sustainable economi,build,choic,countri,custom,digit,economi,empow,everyon,help,make,mastercard,payment,peopl,power,prosper,purpos,rang,support,territori,togeth,transact,we’r,wide,worldwid}"
Training Coordinator,Clough AMEC.,"",Australia,"&nbsp;...families and discounts on private health insurance, salary packaging, banking, travel, groceries and more!
 We're building a diverse <b>workforce </b>
 At Clough, we are committed to building a workforce that reflects the communities in which we work and live. To us, workplace...&nbsp;",workforce analyst,swooped.co,2025-08-13 00:00:00.000 +0700,not_specified,Training Coordinator,"...families and discounts on private health insurance, salary packaging, banking, travel, groceries and more! We're building a diverse workforce At Clough, we are committed to building a workforce that reflects the communities in which we work and live. To us, workplace...",families and discounts on private health insurance salary packaging banking travel groceries and more we re building a diverse workforce at clough we are committed to building a workforce that reflects the communities in which we work and live to us workplace,"'bank':10 'build':17,27 'clough':22 'commit':25 'communiti':33 'discount':3 'divers':19 'famili':1 'groceri':12 'health':6 'insur':7 'live':39 'packag':9 'privat':5 're':16 'reflect':31 'salari':8 'travel':11 'us':41 'work':37 'workforc':20,29 'workplac':42","{bank,build,clough,commit,communiti,discount,divers,famili,groceri,health,insur,live,packag,privat,re,reflect,salari,travel,us,work,workforc,workplac}"
Enterprise Account Executive,Nash,"",Australia,"&nbsp;...information completeness solutions from checkout, courier management, <b>customer </b>engagement, and post-purchase experience. Doing this enables...&nbsp;&nbsp;...customer needs and challenges, with the ability to ask <b>insightful </b>questions that uncover deeper issues and craft tailored solutions...&nbsp;",customer insights analyst,swooped.co,2025-07-28 00:00:00.000 +0700,not_specified,Enterprise Account Executive,"...information completeness solutions from checkout, courier management, customer engagement, and post-purchase experience. Doing this enables... ...customer needs and challenges, with the ability to ask insightful questions that uncover deeper issues and craft tailored solutions...",information completeness solutions from checkout courier management customer engagement and post purchase experience doing this enables customer needs and challenges with the ability to ask insightful questions that uncover deeper issues and craft tailored solutions,"'abil':24 'ask':26 'challeng':21 'checkout':5 'complet':2 'courier':6 'craft':34 'custom':8,18 'deeper':31 'enabl':17 'engag':9 'experi':14 'inform':1 'insight':27 'issu':32 'manag':7 'need':19 'post':12 'post-purchas':11 'purchas':13 'question':28 'solut':3,36 'tailor':35 'uncov':30","{abil,ask,challeng,checkout,complet,courier,craft,custom,deeper,enabl,engag,experi,inform,insight,issu,manag,need,post,post-purchas,purchas,question,solut,tailor,uncov}"
Sales Development Representative,Carta,"",Australia," The Company You’ll Join 
 Carta connects founders, investors, and limited partners through world-class software, purpose-built for everyone in venture capital, private equity and private credit. Trusted by 65,000+ companies in 160+ countries, Carta’s platform of software...",analytics consultant,swooped.co,2025-08-29 00:00:00.000 +0700,not_specified,Sales Development Representative,"The Company You’ll Join Carta connects founders, investors, and limited partners through world-class software, purpose-built for everyone in venture capital, private equity and private credit. Trusted by 65,000+ companies in 160+ countries, Carta’s platform of software...",the company you ll join carta connects founders investors and limited partners through world class software purpose built for everyone in venture capital private equity and private credit trusted by companies in countries carta s platform of software,"'000':33 '160':36 '65':32 'built':19 'capit':24 'carta':5 'carta’':38 'class':15 'compani':2,34 'connect':6 'countri':37 'credit':29 'equiti':26 'everyon':21 'founder':7 'investor':8 'join':4 'limit':10 'partner':11 'platform':39 'privat':25,28 'purpos':18 'purpose-built':17 'softwar':16,41 'trust':30 'ventur':23 'world':14 'world-class':13 'you’ll':3","{000,160,65,built,capit,carta,carta’,class,compani,connect,countri,credit,equiti,everyon,founder,investor,join,limit,partner,platform,privat,purpos,purpose-built,softwar,trust,ventur,world,world-class,you’ll}"
"Senior Account Executive, Specialization",HUbspot,"",Australia,"&nbsp;...and pains. 
 Multi-stakeholder cycle management across service, CS, IT, and business buyers, including C-level. 
 Exceptional <b>consultative </b>and value-based selling with the discipline to build comprehensive business cases. 
 Growth mindset and comfort with change in...&nbsp;",analytics consultant,hireskys.com,2026-07-22 03:20:45.573 +0700,full_time,Senior Account Executive,"...and pains. Multi-stakeholder cycle management across service, CS, IT, and business buyers, including C-level. Exceptional consultative and value-based selling with the discipline to build comprehensive business cases. Growth mindset and comfort with change in...",and pains multi stakeholder cycle management across service cs it and business buyers including c level exceptional consultative and value based selling with the discipline to build comprehensive business cases growth mindset and comfort with change in,"'across':8 'base':24 'build':30 'busi':13,32 'buyer':14 'c':17 'c-level':16 'case':33 'chang':39 'comfort':37 'comprehens':31 'consult':20 'cs':10 'cycl':6 'disciplin':28 'except':19 'growth':34 'includ':15 'level':18 'manag':7 'mindset':35 'multi':4 'multi-stakehold':3 'pain':2 'sell':25 'servic':9 'stakehold':5 'valu':23 'value-bas':22","{across,base,build,busi,buyer,c,c-level,case,chang,comfort,comprehens,consult,cs,cycl,disciplin,except,growth,includ,level,manag,mindset,multi,multi-stakehold,pain,sell,servic,stakehold,valu,value-bas}"
"Account Executive, Corporate Sales",Docker,$30k,Australia," Docker has been one of the most loved brands in developer tooling, trusted by more than 20 million monthly users and over 20 billion container image pulls. From solo founders to the world's largest companies, developers rely on Docker to build, share, and run their applications...",analytics consultant,hireskys.com,2026-07-22 03:20:46.243 +0700,full_time,Account Executive,"Docker has been one of the most loved brands in developer tooling, trusted by more than 20 million monthly users and over 20 billion container image pulls. From solo founders to the world's largest companies, developers rely on Docker to build, share, and run their applications...",docker has been one of the most loved brands in developer tooling trusted by more than million monthly users and over billion container image pulls from solo founders to the world s largest companies developers rely on docker to build share and run their applications,"'20':17,23 'applic':47 'billion':24 'brand':9 'build':42 'compani':36 'contain':25 'develop':11,37 'docker':1,40 'founder':30 'imag':26 'largest':35 'love':8 'million':18 'month':19 'one':4 'pull':27 'reli':38 'run':45 'share':43 'solo':29 'tool':12 'trust':13 'user':20 'world':33","{20,applic,billion,brand,build,compani,contain,develop,docker,founder,imag,largest,love,million,month,one,pull,reli,run,share,solo,tool,trust,user,world}"
National Account Executive,Pierre Fabre Laboratories,"",Australia," Who we are ?
 Pierre Fabre is a French pharmaceutical company, pioneer in dermo-cosmetics with notably iconic brands, Avène and Klorane. 
 With more than 10,000 employees worldwide, the company has subsidiaries in 42 countries. In 2020, Pierre Fabre Group generated over...",analytics consultant,swooped.co,2025-08-13 00:00:00.000 +0700,not_specified,National Account Executive,"Who we are ? Pierre Fabre is a French pharmaceutical company, pioneer in dermo-cosmetics with notably iconic brands, Avène and Klorane. With more than 10,000 employees worldwide, the company has subsidiaries in 42 countries. In 2020, Pierre Fabre Group generated over...",who we are pierre fabre is a french pharmaceutical company pioneer in dermo cosmetics with notably iconic brands av ne and klorane with more than employees worldwide the company has subsidiaries in countries in pierre fabre group generated over,"'000':27 '10':26 '2020':38 '42':35 'avèn':20 'brand':19 'compani':10,31 'cosmet':15 'countri':36 'dermo':14 'dermo-cosmet':13 'employe':28 'fabr':5,40 'french':8 'generat':42 'group':41 'icon':18 'kloran':22 'notabl':17 'pharmaceut':9 'pierr':4,39 'pioneer':11 'subsidiari':33 'worldwid':29","{000,10,2020,42,avèn,brand,compani,cosmet,countri,dermo,dermo-cosmet,employe,fabr,french,generat,group,icon,kloran,notabl,pharmaceut,pierr,pioneer,subsidiari,worldwid}"
Forex CFD Account Manager | Indonesian Speaking,TMGM,"",Australia,"&nbsp;...the Forex industry. Previous exposure to customer-focused environments such as customer services, sales, outbound/inbound support, <b>consulting,</b> or similar fields would be advantageous. Great willingness to learn practical financial knowledge and professional skills....&nbsp;",analytics consultant,swooped.co,2025-08-12 00:00:00.000 +0700,not_specified,Forex CFD Account Manager | Indonesian Speaking,"...the Forex industry. Previous exposure to customer-focused environments such as customer services, sales, outbound/inbound support, consulting, or similar fields would be advantageous. Great willingness to learn practical financial knowledge and professional skills....",the forex industry previous exposure to customer focused environments such as customer services sales outbound inbound support consulting or similar fields would be advantageous great willingness to learn practical financial knowledge and professional skills,"'advantag':24 'consult':18 'custom':8,13 'customer-focus':7 'environ':10 'exposur':5 'field':21 'financi':30 'focus':9 'forex':2 'great':25 'industri':3 'knowledg':31 'learn':28 'outbound/inbound':16 'practic':29 'previous':4 'profession':33 'sale':15 'servic':14 'similar':20 'skill':34 'support':17 'willing':26 'would':22","{advantag,consult,custom,customer-focus,environ,exposur,field,financi,focus,forex,great,industri,knowledg,learn,outbound/inbound,practic,previous,profession,sale,servic,similar,skill,support,willing,would}"
Forex CFD Account Manager I Mandarin Speaking,TMGM,"",Australia,"&nbsp;...the Forex industry. Previous exposure to customer-focused environments such as customer services, sales, outbound/inbound support, <b>consulting,</b> or similar fields would be advantageous. Great willingness to learn practical financial knowledge and professional skills...&nbsp;",analytics consultant,swooped.co,2025-08-12 00:00:00.000 +0700,not_specified,Forex CFD Account Manager I Mandarin Speaking,"...the Forex industry. Previous exposure to customer-focused environments such as customer services, sales, outbound/inbound support, consulting, or similar fields would be advantageous. Great willingness to learn practical financial knowledge and professional skills...",the forex industry previous exposure to customer focused environments such as customer services sales outbound inbound support consulting or similar fields would be advantageous great willingness to learn practical financial knowledge and professional skills,"'advantag':24 'consult':18 'custom':8,13 'customer-focus':7 'environ':10 'exposur':5 'field':21 'financi':30 'focus':9 'forex':2 'great':25 'industri':3 'knowledg':31 'learn':28 'outbound/inbound':16 'practic':29 'previous':4 'profession':33 'sale':15 'servic':14 'similar':20 'skill':34 'support':17 'willing':26 'would':22","{advantag,consult,custom,customer-focus,environ,exposur,field,financi,focus,forex,great,industri,knowledg,learn,outbound/inbound,practic,previous,profession,sale,servic,similar,skill,support,willing,would}"
Scrum Master,Leidos,"",Australia," Scrum Master 
 Accrue up to an extra 12 days of leave per year through our Life Days program. 
 Work with world leading technology business at the forefront of innovation. 
 We’re a ‘Family Friendly’ certified workplace – we understand the often many and varied roles...",analytics consultant,swooped.co,2025-09-05 00:00:00.000 +0700,not_specified,Scrum Master,Scrum Master Accrue up to an extra 12 days of leave per year through our Life Days program. Work with world leading technology business at the forefront of innovation. We’re a ‘Family Friendly’ certified workplace – we understand the often many and varied roles...,scrum master accrue up to an extra days of leave per year through our life days program work with world leading technology business at the forefront of innovation we re a family friendly certified workplace we understand the often many and varied roles,"'12':8 'accru':3 'busi':24 'certifi':34 'day':9,17 'extra':7 'forefront':27 'friendly’':33 'innov':29 'lead':22 'leav':11 'life':16 'mani':41 'master':2 'often':40 'per':12 'program':18 'role':44 'scrum':1 'technolog':23 'understand':38 'vari':43 'we’r':30 'work':19 'workplac':35 'world':21 'year':13 '–':36 '‘famili':32","{12,accru,busi,certifi,day,extra,forefront,friendly’,innov,lead,leav,life,mani,master,often,per,program,role,scrum,technolog,understand,vari,we’r,work,workplac,world,year,–,‘famili}"
Senior Enterprise Account Executive - APAC,LaunchDarkly,"",Australia,"&nbsp;...~ Demonstrable track record of consistently meeting or exceeding quota expectations. 
~ You possess the expertise to navigate <b>consultative,</b> value driven sales cycles with Executive-level stakeholders at Key APAC Enterprise companies. 
~ You have experience implementing...&nbsp;",analytics consultant,swooped.co,2025-09-12 00:00:00.000 +0700,not_specified,Senior Enterprise Account Executive - APAC,"...~ Demonstrable track record of consistently meeting or exceeding quota expectations. ~ You possess the expertise to navigate consultative, value driven sales cycles with Executive-level stakeholders at Key APAC Enterprise companies. ~ You have experience implementing...",demonstrable track record of consistently meeting or exceeding quota expectations you possess the expertise to navigate consultative value driven sales cycles with executive level stakeholders at key apac enterprise companies you have experience implementing,'apac':29 'compani':31 'consist':5 'consult':17 'cycl':21 'demonstr':1 'driven':19 'enterpris':30 'exceed':8 'execut':24 'executive-level':23 'expect':10 'experi':34 'expertis':14 'implement':35 'key':28 'level':25 'meet':6 'navig':16 'possess':12 'quota':9 'record':3 'sale':20 'stakehold':26 'track':2 'valu':18,"{apac,compani,consist,consult,cycl,demonstr,driven,enterpris,exceed,execut,executive-level,expect,experi,expertis,implement,key,level,meet,navig,possess,quota,record,sale,stakehold,track,valu}"
Account Manager,Podium,$600 per month,Australia,"&nbsp;...changing and evolving work environment 
 Outstanding presentation and communication skills 
 Great problem-solving skills, taking a <b>consultative </b>approach to finding the best solution. 
 What we bring: 
 Real growth and career development opportunities, we’re still young...&nbsp;",analytics consultant,swooped.co,2025-08-01 00:00:00.000 +0700,not_specified,Account Manager,"...changing and evolving work environment Outstanding presentation and communication skills Great problem-solving skills, taking a consultative approach to finding the best solution. What we bring: Real growth and career development opportunities, we’re still young...",changing and evolving work environment outstanding presentation and communication skills great problem solving skills taking a consultative approach to finding the best solution what we bring real growth and career development opportunities we re still young,"'approach':19 'best':23 'bring':27 'career':31 'chang':1 'communic':9 'consult':18 'develop':32 'environ':5 'evolv':3 'find':21 'great':11 'growth':29 'opportun':33 'outstand':6 'present':7 'problem':13 'problem-solv':12 'real':28 'skill':10,15 'solut':24 'solv':14 'still':35 'take':16 'we’r':34 'work':4 'young':36","{approach,best,bring,career,chang,communic,consult,develop,environ,evolv,find,great,growth,opportun,outstand,present,problem,problem-solv,real,skill,solut,solv,still,take,we’r,work,young}"
Enterprise Account Executive,Nash,"",Australia," Nash is building the logistics infrastructure for the internet 
 Last mile is a $500B industry powering digital commerce but managed largely with self managed API integrations. Nash approaches last mile orchestration with information completeness solutions from checkout...",analytics consultant,swooped.co,2025-07-28 00:00:00.000 +0700,not_specified,Enterprise Account Executive,Nash is building the logistics infrastructure for the internet Last mile is a $500B industry powering digital commerce but managed largely with self managed API integrations. Nash approaches last mile orchestration with information completeness solutions from checkout...,nash is building the logistics infrastructure for the internet last mile is a b industry powering digital commerce but managed largely with self managed api integrations nash approaches last mile orchestration with information completeness solutions from checkout,"'500b':14 'api':25 'approach':28 'build':3 'checkout':37 'commerc':18 'complet':34 'digit':17 'industri':15 'inform':33 'infrastructur':6 'integr':26 'internet':9 'larg':21 'last':10,29 'logist':5 'manag':20,24 'mile':11,30 'nash':1,27 'orchestr':31 'power':16 'self':23 'solut':35","{500b,api,approach,build,checkout,commerc,complet,digit,industri,inform,infrastructur,integr,internet,larg,last,logist,manag,mile,nash,orchestr,power,self,solut}"
"Strategic Sales Director, Australia",Cresta,"",Australia,"&nbsp;...valued customers include brands like Intuit, Cox Communications, Hilton, and Carmax and we’ve been recognized by Forbes and Bain <b>Consulting </b>as one of the top private AI companies in the world. 

 Join us on this thrilling journey to revolutionize the workforce with AI...&nbsp;",analytics consultant,swooped.co,2025-08-30 00:00:00.000 +0700,not_specified,Strategic Sales Director,"...valued customers include brands like Intuit, Cox Communications, Hilton, and Carmax and we’ve been recognized by Forbes and Bain Consulting as one of the top private AI companies in the world. Join us on this thrilling journey to revolutionize the workforce with AI...",valued customers include brands like intuit cox communications hilton and carmax and we ve been recognized by forbes and bain consulting as one of the top private ai companies in the world join us on this thrilling journey to revolutionize the workforce with ai,"'ai':27,43 'bain':19 'brand':4 'carmax':11 'communic':8 'compani':28 'consult':20 'cox':7 'custom':2 'forb':17 'hilton':9 'includ':3 'intuit':6 'join':32 'journey':37 'like':5 'one':22 'privat':26 'recogn':15 'revolution':39 'thrill':36 'top':25 'us':33 'valu':1 'we’v':13 'workforc':41 'world':31","{ai,bain,brand,carmax,communic,compani,consult,cox,custom,forb,hilton,includ,intuit,join,journey,like,one,privat,recogn,revolution,thrill,top,us,valu,we’v,workforc,world}"
Site Engineer,Lendlease,"",Australia," Lendlease is a globally integrated real estate group with core expertise in Investment Management, Development, and Construction. For more than 60 years, we have created thriving places around the globe.  
 About the Role: 
 With a national delivery capability, Lendlease...",workforce analyst,swooped.co,2026-02-27 00:00:00.000 +0700,not_specified,Site Engineer,"Lendlease is a globally integrated real estate group with core expertise in Investment Management, Development, and Construction. For more than 60 years, we have created thriving places around the globe.   About the Role: With a national delivery capability, Lendlease...",lendlease is a globally integrated real estate group with core expertise in investment management development and construction for more than years we have created thriving places around the globe about the role with a national delivery capability lendlease,"'60':21 'around':28 'capabl':39 'construct':17 'core':10 'creat':25 'deliveri':38 'develop':15 'estat':7 'expertis':11 'global':4 'globe':30 'group':8 'integr':5 'invest':13 'lendleas':1,40 'manag':14 'nation':37 'place':27 'real':6 'role':34 'thrive':26 'year':22 ' ':31","{60,around,capabl,construct,core,creat,deliveri,develop,estat,expertis,global,globe,group,integr,invest,lendleas,manag,nation,place,real,role,thrive,year, }"
Customer Success Manager,Hosting,"",Australia," About The Role  The Customer Success Manager is responsible for managing and developing a portfolio of existing Hosting.com customers. The role focuses on understanding who our customers are, what they use Hosting.com for, how satisfied they are, where risks exist, and...",workforce analyst,hireskys.com,2026-07-21 04:08:24.207 +0700,full_time,Customer Success Manager,"About The Role The Customer Success Manager is responsible for managing and developing a portfolio of existing Hosting.com customers. The role focuses on understanding who our customers are, what they use Hosting.com for, how satisfied they are, where risks exist, and...",about the role the customer success manager is responsible for managing and developing a portfolio of existing hosting com customers the role focuses on understanding who our customers are what they use hosting com for how satisfied they are where risks exist and,"'custom':5,19,27 'develop':13 'exist':17,40 'focus':22 'hosting.com':18,32 'manag':7,11 'portfolio':15 'respons':9 'risk':39 'role':3,21 'satisfi':35 'success':6 'understand':24 'use':31","{custom,develop,exist,focus,hosting.com,manag,portfolio,respons,risk,role,satisfi,success,understand,use}"
Workday Consulting Services Manager,"Collaborative Solutions, LLC","",Australia,"&nbsp;...The Manager, <b>Consulting </b>Services is a “go to” practice leader that provides expert guidance, advice, and development support to the Consulting management team and their subsequent team members. This individual will assist the sales team with sales activities such as orals...&nbsp;",analytics consultant,swooped.co,2025-08-13 00:00:00.000 +0700,not_specified,Workday Consulting Services Manager,"...The Manager, Consulting Services is a “go to” practice leader that provides expert guidance, advice, and development support to the Consulting management team and their subsequent team members. This individual will assist the sales team with sales activities such as orals...",the manager consulting services is a go to practice leader that provides expert guidance advice and development support to the consulting management team and their subsequent team members this individual will assist the sales team with sales activities such as orals,"'activ':35 'advic':14 'assist':30 'consult':3,20 'develop':16 'expert guid':13 'individu':28 'leader':10 'manag':2,21 'member':26 'oral':38 'practic':9 'provid':12 'sale':32 'servic':4 'subsequ':24 'support':17 'team':25,33 'team and':22 'to”':8 'with sal':34 '“go':7","{activ,advic,assist,consult,develop,expert guid,individu,leader,manag,member,oral,practic,provid,sale,servic,subsequ,support,team,team and,to”,with sal,“go}"
"Software Engineer, Platform - Sydney, Australia",Speechify,"",Australia," PLEASE APPLY THROUGH THIS LINK: 
 DO NOT APPLY BELOW 

 Speechify is the easiest way to listen to the world’s information  . Articles on the web, documents in the cloud, books on your phone—we absorb the world’s content and help our members listen to it on the go, at...",analytics consultant,swooped.co,2026-02-28 00:00:00.000 +0700,not_specified,Software Engineer,"PLEASE APPLY THROUGH THIS LINK: DO NOT APPLY BELOW Speechify is the easiest way to listen to the world’s information . Articles on the web, documents in the cloud, books on your phone—we absorb the world’s content and help our members listen to it on the go, at...",please apply through this link do not apply below speechify is the easiest way to listen to the world s information articles on the web documents in the cloud books on your phone we absorb the world s content and help our members listen to it on the go at,"'absorb':33 'appli':2,8 'articl':21 'book':29 'cloud':28 'content':36 'document':25 'easiest':13 'go':46 'help':38 'inform':20 'link':5 'listen':16,41 'member':40 'phone—w':32 'pleas':1 'speechifi':10 'way':14 'web':24 'world’':19,35","{absorb,appli,articl,book,cloud,content,document,easiest,go,help,inform,link,listen,member,phone—w,pleas,speechifi,way,web,world’}"
Expert Software Engineer - Data Orchestration,Feedzai,"",Australia," Feedzai is the world’s first RiskOps platform for financial risk management, and the market leader in safeguarding global commerce with today’s most advanced cloud-based risk management platform, powered by machine learning and artificial intelligence. Feedzai is securing...",analytics consultant,swooped.co,2025-09-27 00:00:00.000 +0700,not_specified,Expert Software Engineer - Data Orchestration,"Feedzai is the world’s first RiskOps platform for financial risk management, and the market leader in safeguarding global commerce with today’s most advanced cloud-based risk management platform, powered by machine learning and artificial intelligence. Feedzai is securing...",feedzai is the world s first riskops platform for financial risk management and the market leader in safeguarding global commerce with today s most advanced cloud based risk management platform powered by machine learning and artificial intelligence feedzai is securing,"'advanc':23 'artifici':35 'base':26 'cloud':25 'cloud-bas':24 'commerc':19 'feedzai':1,37 'financi':9 'first':5 'global':18 'intellig':36 'leader':15 'learn':33 'machin':32 'manag':11,28 'market':14 'platform':7,29 'power':30 'risk':10,27 'riskop':6 'safeguard':17 'secur':39 'today’':21 'world’':4","{advanc,artifici,base,cloud,cloud-bas,commerc,feedzai,financi,first,global,intellig,leader,learn,machin,manag,market,platform,power,risk,riskop,safeguard,secur,today’,world’}"
Leading Hand,SD Guthrie Berhad,"",Australia," Company : 
 Hastings Deering (Australia) Ltd 
 Kickstart your career or take the next step with Hastings Deering – where our people build something BIGGER. 
 Are you a trade-qualified professional ready to take the next step into leadership?
 We are currently seeking...",analytics consultant,swooped.co,2026-02-27 00:00:00.000 +0700,not_specified,Leading Hand,Company : Hastings Deering (Australia) Ltd Kickstart your career or take the next step with Hastings Deering – where our people build something BIGGER. Are you a trade-qualified professional ready to take the next step into leadership? We are currently seeking...,company hastings deering australia ltd kickstart your career or take the next step with hastings deering where our people build something bigger are you a trade qualified professional ready to take the next step into leadership we are currently seeking,"'australia':4 'bigger':23 'build':21 'career':8 'compani':1 'current':41 'deer':3,16 'hast':2,15 'kickstart':6 'leadership':38 'ltd':5 'next':12,35 'peopl':20 'profession':30 'qualifi':29 'readi':31 'seek':42 'someth':22 'step':13,36 'take':10,33 'trade':28 'trade-qualifi':27 '–':17","{australia,bigger,build,career,compani,current,deer,hast,kickstart,leadership,ltd,next,peopl,profession,qualifi,readi,seek,someth,step,take,trade,trade-qualifi,–}"
"Talent Attraction, Events & Industry Pathways Specialist",Tesla,"",Australia," What To Expect 
 We are seeking an proactive, confident and engaging Industry Relations & Events Specialist to join our Aftersales team, with a focus on promoting Tesla's Aftersales employer brand, coordinating industry partnerships, and delivering engaging events that...",data reporting analyst,ev.careers,2026-07-23 03:48:55.110 +0700,full_time,"Talent Attraction, Events & Industry Pathways Specialist","What To Expect We are seeking an proactive, confident and engaging Industry Relations & Events Specialist to join our Aftersales team, with a focus on promoting Tesla's Aftersales employer brand, coordinating industry partnerships, and delivering engaging events that...",what to expect we are seeking an proactive confident and engaging industry relations events specialist to join our aftersales team with a focus on promoting tesla s aftersales employer brand coordinating industry partnerships and delivering engaging events that,"'aftersal':19,28 'brand':30 'confid':9 'coordin':31 'deliv':35 'employ':29 'engag':11,36 'event':14,37 'expect':3 'focus':23 'industri':12,32 'join':17 'partnership':33 'proactiv':8 'promot':25 'relat':13 'seek':6 'specialist':15 'team':20 'tesla':26","{aftersal,brand,confid,coordin,deliv,employ,engag,event,expect,focus,industri,join,partnership,proactiv,promot,relat,seek,specialist,team,tesla}"
Service Centre Supervisor - Night Shift,CHEP,"",Australia," CHEP helps move more goods to more people, in more places than any other organization on earth via our 347 million pallets, crates and containers. We employ approximately 13,000 people and operate in 60 countries. Through our pioneering and sustainable share-and-reuse ...",analytics consultant,swooped.co,2025-09-30 00:00:00.000 +0700,not_specified,Service Centre Supervisor - Night Shift,"CHEP helps move more goods to more people, in more places than any other organization on earth via our 347 million pallets, crates and containers. We employ approximately 13,000 people and operate in 60 countries. Through our pioneering and sustainable share-and-reuse ...",chep helps move more goods to more people in more places than any other organization on earth via our million pallets crates and containers we employ approximately people and operate in countries through our pioneering and sustainable share and reuse,"'000':30 '13':29 '347':20 '60':35 'approxim':28 'chep':1 'contain':25 'countri':36 'crate':23 'earth':17 'employ':27 'good':5 'help':2 'million':21 'move':3 'oper':33 'organ':15 'pallet':22 'peopl':8,31 'pioneer':39 'place':11 'reus':45 'share':43 'share-and-reus':42 'sustain':41 'via':18","{000,13,347,60,approxim,chep,contain,countri,crate,earth,employ,good,help,million,move,oper,organ,pallet,peopl,pioneer,place,reus,share,share-and-reus,sustain,via}"
Commercial Account Executive - Australia,GitLab,"",Australia,"&nbsp;...comes to territory account planning, quarterly and annual KPI execution, and driving new business acquisition and expansion through <b>consultative,</b> multi-stakeholder sales motions. 
 Demonstrated ability to mentor and coach peers, share knowledge and learnings across the...&nbsp;",analytics consultant,hireskys.com,2026-07-13 07:54:26.980 +0700,full_time,Commercial Account Executive - Australia,"...comes to territory account planning, quarterly and annual KPI execution, and driving new business acquisition and expansion through consultative, multi-stakeholder sales motions. Demonstrated ability to mentor and coach peers, share knowledge and learnings across the...",comes to territory account planning quarterly and annual kpi execution and driving new business acquisition and expansion through consultative multi stakeholder sales motions demonstrated ability to mentor and coach peers share knowledge and learnings across the,'abil':26 'account':4 'acquisit':15 'across':36 'annual':8 'busi':14 'coach':30 'come':1 'consult':19 'demonstr':25 'drive':12 'execut':10 'expans':17 'knowledg':33 'kpi':9 'learn':35 'mentor':28 'motion':24 'multi':21 'multi-stakehold':20 'new':13 'peer':31 'plan':5 'quarter':6 'sale':23 'share':32 'stakehold':22 'territori':3,"{abil,account,acquisit,across,annual,busi,coach,come,consult,demonstr,drive,execut,expans,knowledg,kpi,learn,mentor,motion,multi,multi-stakehold,new,peer,plan,quarter,sale,share,stakehold,territori}"
"Nurse Practitioner, Australia (Weight Consults)",Careers Eucalyptus,"",Australia,"&nbsp;...Sydney. Work the hours you want, taking open shifts that suit your schedule (with a minimum of 15 hours a week)
 Conduct telehealth <b>consultations </b>with patients, including assessing, screening, diagnosing and prescribing medication for patients as necessary 
 Adhere to our...&nbsp;",analytics consultant,swooped.co,2025-09-03 00:00:00.000 +0700,not_specified,Nurse Practitioner,"...Sydney. Work the hours you want, taking open shifts that suit your schedule (with a minimum of 15 hours a week) Conduct telehealth consultations with patients, including assessing, screening, diagnosing and prescribing medication for patients as necessary Adhere to our...",sydney work the hours you want taking open shifts that suit your schedule with a minimum of hours a week conduct telehealth consultations with patients including assessing screening diagnosing and prescribing medication for patients as necessary adhere to our,"'15':18 'adher':38 'assess':28 'conduct':22 'consult':24 'diagnos':30 'hour':4,19 'includ':27 'medic':33 'minimum':16 'necessari':37 'open':8 'patient':26,35 'prescrib':32 'schedul':13 'screen':29 'shift':9 'suit':11 'sydney':1 'take':7 'telehealth':23 'want':6 'week':21 'work':2","{15,adher,assess,conduct,consult,diagnos,hour,includ,medic,minimum,necessari,open,patient,prescrib,schedul,screen,shift,suit,sydney,take,telehealth,want,week,work}"
Outbound Sales Development Representative,Remote,$61k - $72k,Australia, What this job can offer you  Sales helps our prospective customers and active customers to fully experience our Global HR Platform. Sales is the team responding to incoming queries and helping customers understand how to maximise Remote’s full suite of products to meet...,analytics consultant,hireskys.com,2026-07-23 13:54:25.380 +0700,full_time,Outbound Sales Development Representative,What this job can offer you Sales helps our prospective customers and active customers to fully experience our Global HR Platform. Sales is the team responding to incoming queries and helping customers understand how to maximise Remote’s full suite of products to meet...,what this job can offer you sales helps our prospective customers and active customers to fully experience our global hr platform sales is the team responding to incoming queries and helping customers understand how to maximise remote s full suite of products to meet,"'activ':13 'custom':11,14,32 'experi':17 'full':38 'fulli':16 'global':19 'help':8,31 'hr':20 'incom':28 'job':3 'maximis':36 'meet':43 'offer':5 'platform':21 'product':41 'prospect':10 'queri':29 'remote’':37 'respond':26 'sale':7,22 'suit':39 'team':25 'understand':33","{activ,custom,experi,full,fulli,global,help,hr,incom,job,maximis,meet,offer,platform,product,prospect,queri,remote’,respond,sale,suit,team,understand}"
Senior Account Executive (Enterprise),Sardine,$300k - $420k,Australia,"&nbsp;...fraud and compliance. 
~ Extensive network of industry executives and leaders in the financial services sector. 
~ Demonstrated <b>consultative </b>sales experience and adeptness in managing complex, multi-threaded sales cycles. 
~ Exceptional communication and public...&nbsp;",analytics consultant,hireskys.com,2026-07-10 03:02:44.763 +0700,full_time,Senior Account Executive (Enterprise),"...fraud and compliance. ~ Extensive network of industry executives and leaders in the financial services sector. ~ Demonstrated consultative sales experience and adeptness in managing complex, multi-threaded sales cycles. ~ Exceptional communication and public...",fraud and compliance extensive network of industry executives and leaders in the financial services sector demonstrated consultative sales experience and adeptness in managing complex multi threaded sales cycles exceptional communication and public,"'adept':21 'communic':31 'complex':24 'complianc':3 'consult':17 'cycl':29 'demonstr':16 'except':30 'execut':8 'experi':19 'extens':4 'financi':13 'fraud':1 'industri':7 'leader':10 'manag':23 'multi':26 'multi-thread':25 'network':5 'public':33 'sale':18,28 'sector':15 'servic':14 'thread':27","{adept,communic,complex,complianc,consult,cycl,demonstr,except,execut,experi,extens,financi,fraud,industri,leader,manag,multi,multi-thread,network,public,sale,sector,servic,thread}"
ESG Junior Data Analyst (Mandarin Speaker),ISS | Institutional Shareholder Services,"",Australia,"&nbsp;...acquire specific knowledge about the dominant issues for several industries. 
 Attend to internal/client queries and requests to ensure <b>data </b>captured is aligned with data methodology and policy guidelines 
 Comply with established work process standards to ensure quality...&nbsp;",data reporting analyst,swooped.co,2026-02-27 00:00:00.000 +0700,not_specified,ESG Junior Data Analyst (Mandarin Speaker),...acquire specific knowledge about the dominant issues for several industries. Attend to internal/client queries and requests to ensure data captured is aligned with data methodology and policy guidelines Comply with established work process standards to ensure quality...,acquire specific knowledge about the dominant issues for several industries attend to internal client queries and requests to ensure data captured is aligned with data methodology and policy guidelines comply with established work process standards to ensure quality,"'acquir':1 'align':22 'attend':11 'captur':20 'compli':29 'data':19,24 'domin':6 'ensur':18,36 'establish':31 'guidelin':28 'industri':10 'internal/client':13 'issu':7 'knowledg':3 'methodolog':25 'polici':27 'process':33 'qualiti':37 'queri':14 'request':16 'sever':9 'specif':2 'standard':34 'work':32","{acquir,align,attend,captur,compli,data,domin,ensur,establish,guidelin,industri,internal/client,issu,knowledg,methodolog,polici,process,qualiti,queri,request,sever,specif,standard,work}"
Windows System Engineer,IMC,"",Australia," At IMC, technology is at the core of everything we do, and how we build and maintain our user space infrastructure is key to our global success. Our Operations Engineering team designs, automates, and scales the systems that power our workstations, tools, and user environments...",workforce analyst,swooped.co,2025-09-24 00:00:00.000 +0700,not_specified,Windows System Engineer,"At IMC, technology is at the core of everything we do, and how we build and maintain our user space infrastructure is key to our global success. Our Operations Engineering team designs, automates, and scales the systems that power our workstations, tools, and user environments...",at imc technology is at the core of everything we do and how we build and maintain our user space infrastructure is key to our global success our operations engineering team designs automates and scales the systems that power our workstations tools and user environments,"'autom':33 'build':15 'core':7 'design':32 'engin':30 'environ':45 'everyth':9 'global':26 'imc':2 'infrastructur':21 'key':23 'maintain':17 'oper':29 'power':39 'scale':35 'space':20 'success':27 'system':37 'team':31 'technolog':3 'tool':42 'user':19,44 'workstat':41","{autom,build,core,design,engin,environ,everyth,global,imc,infrastructur,key,maintain,oper,power,scale,space,success,system,team,technolog,tool,user,workstat}"
"Sr. Business Analyst, Advisors & Consulting Services (12 months fixed term)",Mastercard,"",Australia,"&nbsp;...potential.  Title and Summary  Sr. Business <b>Analyst,</b> Advisors & Consulting Services (12...&nbsp;&nbsp;...You will work across strategy, process, <b>data,</b> and technology to translate business needs...&nbsp;&nbsp;...integrity of the information being accessed; 
 <b>Report </b>any suspected information security...&nbsp;",data reporting analyst,decentrajobs.com,2026-07-23 09:24:54.283 +0700,full_time,Sr. Business Analyst,"...potential. Title and Summary Sr. Business Analyst, Advisors & Consulting Services (12... ...You will work across strategy, process, data, and technology to translate business needs... ...integrity of the information being accessed; Report any suspected information security...",potential title and summary sr business analyst advisors consulting services you will work across strategy process data and technology to translate business needs integrity of the information being accessed report any suspected information security,"'12':11 'access':30 'across':15 'advisor':8 'analyst':7 'busi':6,23 'consult':9 'data':18 'inform':28,34 'integr':25 'need':24 'potenti':1 'process':17 'report':31 'secur':35 'servic':10 'sr':5 'strategi':16 'summari':4 'suspect':33 'technolog':20 'titl':2 'translat':22 'work':14","{12,access,across,advisor,analyst,busi,consult,data,inform,integr,need,potenti,process,report,secur,servic,sr,strategi,summari,suspect,technolog,titl,translat,work}"
Senior Business Development Manager,_nology,"",Australia,"&nbsp;...identifying and securing new business opportunities, building and expanding strong relationships with exec leaders in enterprise <b>customers,</b> and driving the growth of our brand and tech talent solutions in the Australian market. 
 Requirements 
 Proven experience in business...&nbsp;",customer insights analyst,swooped.co,2025-08-12 00:00:00.000 +0700,not_specified,Senior Business Development Manager,"...identifying and securing new business opportunities, building and expanding strong relationships with exec leaders in enterprise customers, and driving the growth of our brand and tech talent solutions in the Australian market. Requirements Proven experience in business...",identifying and securing new business opportunities building and expanding strong relationships with exec leaders in enterprise customers and driving the growth of our brand and tech talent solutions in the australian market requirements proven experience in business,"'australian':31 'brand':24 'build':7 'busi':5,37 'custom':17 'drive':19 'enterpris':16 'exec':13 'expand':9 'experi':35 'growth':21 'identifi':1 'leader':14 'market':32 'new':4 'opportun':6 'proven':34 'relationship':11 'requir':33 'secur':3 'solut':28 'strong':10 'talent':27 'tech':26","{australian,brand,build,busi,custom,drive,enterpris,exec,expand,experi,growth,identifi,leader,market,new,opportun,proven,relationship,requir,secur,solut,strong,talent,tech}"
"Product and Sales Analyst, Specialist - Core Consumer",Mastercard,"",Australia,"&nbsp;...their greatest potential.  Title and Summary  Product and Sales <b>Analyst,</b> Specialist – Core Consumer 
 Overview 
 Specialist, Product...&nbsp;&nbsp;...confidentiality and integrity of the information being accessed; 
 <b>Report </b>any suspected information security violation or breach, and...&nbsp;",data reporting analyst,decentrajobs.com,2026-05-29 02:16:31.753 +0700,full_time,Product and Sales Analyst,"...their greatest potential. Title and Summary Product and Sales Analyst, Specialist – Core Consumer Overview Specialist, Product... ...confidentiality and integrity of the information being accessed; Report any suspected information security violation or breach, and...",their greatest potential title and summary product and sales analyst specialist core consumer overview specialist product confidentiality and integrity of the information being accessed report any suspected information security violation or breach and,"'access':25 'analyst':10 'breach':33 'confidenti':18 'consum':14 'core':13 'greatest':2 'inform':23,29 'integr':20 'overview':15 'potenti':3 'product':7,17 'report':26 'sale':9 'secur':30 'specialist':11,16 'summari':6 'suspect':28 'titl':4 'violat':31 '–':12","{access,analyst,breach,confidenti,consum,core,greatest,inform,integr,overview,potenti,product,report,sale,secur,specialist,summari,suspect,titl,violat,–}"
"Technical Support Representative, In-Store",DoorDash Australia,"",Australia,"&nbsp;...first. 
 Use Internal Tools Effectively.  Learn and apply a variety of internal and external systems to log, track, and pull relevant <b>data,</b> supporting smooth and informed day-to-day operations. 
 We’re excited about you because…
 You’re a strong communicator, both in...&nbsp;",data reporting analyst,swooped.co,2025-08-02 00:00:00.000 +0700,not_specified,Technical Support Representative,"...first. Use Internal Tools Effectively. Learn and apply a variety of internal and external systems to log, track, and pull relevant data, supporting smooth and informed day-to-day operations. We’re excited about you because… You’re a strong communicator, both in...",first use internal tools effectively learn and apply a variety of internal and external systems to log track and pull relevant data supporting smooth and informed day to day operations we re excited about you because you re a strong communicator both in,"'appli':8 'because…':36 'communic':40 'data':22 'day':28,30 'day-to-day':27 'effect':5 'excit':33 'extern':14 'first':1 'inform':26 'intern':3,12 'learn':6 'log':17 'oper':31 'pull':20 'relev':21 'smooth':24 'strong':39 'support':23 'system':15 'tool':4 'track':18 'use':2 'varieti':10 'we’r':32 'you’r':37","{appli,because…,communic,data,day,day-to-day,effect,excit,extern,first,inform,intern,learn,log,oper,pull,relev,smooth,strong,support,system,tool,track,use,varieti,we’r,you’r}"
Expert Software Engineer - Data Orchestration,Feedzai,"",Australia,"&nbsp;...Feedzai product development. Together with Product Management and <b>Data </b>Science, we build the next generation of tools to catch fraud in...&nbsp;&nbsp;...7 and ultra-low latencies, solving UI/UX problems to help fraud <b>analysts </b>to fight fraud more efficiently. In addition, designing...&nbsp;",data reporting analyst,swooped.co,2025-09-27 00:00:00.000 +0700,not_specified,Expert Software Engineer - Data Orchestration,"...Feedzai product development. Together with Product Management and Data Science, we build the next generation of tools to catch fraud in... ...7 and ultra-low latencies, solving UI/UX problems to help fraud analysts to fight fraud more efficiently. In addition, designing...",feedzai product development together with product management and data science we build the next generation of tools to catch fraud in and ultra low latencies solving ui ux problems to help fraud analysts to fight fraud more efficiently in addition designing,"'7':22 'addit':41 'analyst':34 'build':12 'catch':19 'data':9 'design':42 'develop':3 'effici':39 'feedzai':1 'fight':36 'fraud':20,33,37 'generat':15 'help':32 'latenc':27 'low':26 'manag':7 'next':14 'problem':30 'product':2,6 'scienc':10 'solv':28 'togeth':4 'tool':17 'ui/ux':29 'ultra':25 'ultra-low':24","{7,addit,analyst,build,catch,data,design,develop,effici,feedzai,fight,fraud,generat,help,latenc,low,manag,next,problem,product,scienc,solv,togeth,tool,ui/ux,ultra,ultra-low}"
Senior or Lead Analytics Engineer,Insight Timer,"",Australia,"&nbsp;...We’re looking for a Senior or Lead Analytics Engineer to help Insight Timer learn from its <b>data.</b> Insight Timer is the world’s largest meditation and wellness community, with over 30 million users. You’ll work closely with product, engineering and company leaders, turning...&nbsp;",data reporting analyst,hireskys.com,2026-07-16 07:54:32.603 +0700,full_time,Senior or Lead Analytics Engineer,"...We’re looking for a Senior or Lead Analytics Engineer to help Insight Timer learn from its data. Insight Timer is the world’s largest meditation and wellness community, with over 30 million users. You’ll work closely with product, engineering and company leaders, turning...",we re looking for a senior or lead analytics engineer to help insight timer learn from its data insight timer is the world s largest meditation and wellness community with over million users you ll work closely with product engineering and company leaders turning,"'30':30 'analyt':8 'close':35 'communiti':27 'compani':40 'data':17 'engin':9,38 'help':11 'insight':12,18 'largest':23 'lead':7 'leader':41 'learn':14 'look':2 'medit':24 'million':31 'product':37 'senior':5 'timer':13,19 'turn':42 'user':32 'well':26 'we’r':1 'work':34 'world’':22 'you’ll':33","{30,analyt,close,communiti,compani,data,engin,help,insight,largest,lead,leader,learn,look,medit,million,product,senior,timer,turn,user,well,we’r,work,world’,you’ll}"
"Senior Analyst, Business Development (Identity & Security Specialist Sales)",Mastercard,"",Australia,"&nbsp;...greatest potential.  Title and Summary  Senior <b>Analyst,</b> Business Development (Identity &...&nbsp;&nbsp;...simple, smart, and accessible. Using secure <b>data </b>and networks, partnerships and passion,...&nbsp;&nbsp;...fostering regional expansion. 
 The role will <b>report </b>into the Director Regional Identity and...&nbsp;",data reporting analyst,decentrajobs.com,2026-06-05 03:50:40.853 +0700,full_time,Senior Analyst,"...greatest potential. Title and Summary Senior Analyst, Business Development (Identity &... ...simple, smart, and accessible. Using secure data and networks, partnerships and passion,... ...fostering regional expansion. The role will report into the Director Regional Identity and...",greatest potential title and summary senior analyst business development identity simple smart and accessible using secure data and networks partnerships and passion fostering regional expansion the role will report into the director regional identity and,"'access':14 'analyst':7 'busi':8 'data':17 'develop':9 'director':32 'expans':25 'foster':23 'greatest':1 'ident':10,34 'network':19 'partnership':20 'passion':22 'potenti':2 'region':24,33 'report':29 'role':27 'secur':16 'senior':6 'simpl':11 'smart':12 'summari':5 'titl':3 'use':15","{access,analyst,busi,data,develop,director,expans,foster,greatest,ident,network,partnership,passion,potenti,region,report,role,secur,senior,simpl,smart,summari,titl,use}"
"Senior Analyst, Account Management",Mastercard,"",Australia,"&nbsp;...greatest potential.  Title and Summary  Senior <b>Analyst,</b> Account Management 
 Overview 
 This...&nbsp;&nbsp;..., including monthly tracking <b>reports,</b> quarterly business reviews, statement of...&nbsp;&nbsp;...enjoy simplifying large amounts of complex <b>data </b>into C-Level presentations 
• Degree qualified...&nbsp;",data reporting analyst,decentrajobs.com,2026-06-10 03:11:53.880 +0700,full_time,Senior Analyst,"...greatest potential. Title and Summary Senior Analyst, Account Management Overview This... ..., including monthly tracking reports, quarterly business reviews, statement of... ...enjoy simplifying large amounts of complex data into C-Level presentations • Degree qualified...",greatest potential title and summary senior analyst account management overview this including monthly tracking reports quarterly business reviews statement of enjoy simplifying large amounts of complex data into c level presentations degree qualified,'account':8 'amount':24 'analyst':7 'busi':17 'c':30 'c-level':29 'complex':26 'data':27 'degre':34 'enjoy':21 'greatest':1 'includ':12 'larg':23 'level':31 'manag':9 'month':13 'overview':10 'potenti':2 'present':32 'qualifi':35 'quarter':16 'report':15 'review':18 'senior':6 'simplifi':22 'statement':19 'summari':5 'titl':3 'track':14 '•':33,"{account,amount,analyst,busi,c,c-level,complex,data,degre,enjoy,greatest,includ,larg,level,manag,month,overview,potenti,present,qualifi,quarter,report,review,senior,simplifi,statement,summari,titl,track,•}"
Macro Analyst,IMC,"",Australia,"&nbsp;...for three days or three years, the best idea wins. 
 Our Macro <b>Analyst </b>team plays a critical role in informing our trading strategies....&nbsp;&nbsp;...macroeconomic trends, and the dynamic interplay between economic <b>data,</b> policy decisions, and asset prices. Analysts thrive on researching...&nbsp;",data reporting analyst,swooped.co,2025-10-02 00:00:00.000 +0700,not_specified,Macro Analyst,"...for three days or three years, the best idea wins. Our Macro Analyst team plays a critical role in informing our trading strategies.... ...macroeconomic trends, and the dynamic interplay between economic data, policy decisions, and asset prices. Analysts thrive on researching...",for three days or three years the best idea wins our macro analyst team plays a critical role in informing our trading strategies macroeconomic trends and the dynamic interplay between economic data policy decisions and asset prices analysts thrive on researching,"'analyst':13,38 'asset':36 'best':8 'critic':17 'data':32 'day':3 'decis':34 'dynam':28 'econom':31 'idea':9 'inform':20 'interplay':29 'macro':12 'macroeconom':24 'play':15 'polici':33 'price':37 'research':41 'role':18 'strategi':23 'team':14 'three':2,5 'thrive':39 'trade':22 'trend':25 'win':10 'year':6","{analyst,asset,best,critic,data,day,decis,dynam,econom,idea,inform,interplay,macro,macroeconom,play,polici,price,research,role,strategi,team,three,thrive,trade,trend,win,year}"
Technical Customer Support Specialist,ElevenLabs,"",Australia,"&nbsp;...connections, and the advanced ElevenAgents orchestration platform. Shifting completely away from routine non-regulated administrative <b>data </b>transcription loops, retail clerk checkouts, or generic call center response scripts, you will run an active multi-tenant API log...&nbsp;",data reporting analyst,hireskys.com,2026-07-07 07:54:30.737 +0700,part_time,Technical Customer Support Specialist,"...connections, and the advanced ElevenAgents orchestration platform. Shifting completely away from routine non-regulated administrative data transcription loops, retail clerk checkouts, or generic call center response scripts, you will run an active multi-tenant API log...",connections and the advanced elevenagents orchestration platform shifting completely away from routine non regulated administrative data transcription loops retail clerk checkouts or generic call center response scripts you will run an active multi tenant api log,'activ':33 'administr':16 'advanc':4 'api':37 'away':10 'call':25 'center':26 'checkout':22 'clerk':21 'complet':9 'connect':1 'data':17 'elevenag':5 'generic':24 'log':38 'loop':19 'multi':35 'multi-ten':34 'non':14 'non-regul':13 'orchestr':6 'platform':7 'regul':15 'respons':27 'retail':20 'routin':12 'run':31 'script':28 'shift':8 'tenant':36 'transcript':18,"{activ,administr,advanc,api,away,call,center,checkout,clerk,complet,connect,data,elevenag,generic,log,loop,multi,multi-ten,non,non-regul,orchestr,platform,regul,respons,retail,routin,run,script,shift,tenant,transcript}"
Staff Data Scientist,Tilt,"",Australia,"&nbsp;...The Opportunity: Staff <b>Data </b>Scientist  We’re hiring for a  Staff Data Scientist  to help expand Tilt’s credit modeling and risk analytics capability for our Philippines-based business, Cashalo. 
 This is a high impact role with a direct mandate to  build and refine underwriting...&nbsp;",data reporting analyst,hireskys.com,2026-07-17 03:33:25.740 +0700,full_time,Staff Data Scientist,"...The Opportunity: Staff Data Scientist We’re hiring for a Staff Data Scientist to help expand Tilt’s credit modeling and risk analytics capability for our Philippines-based business, Cashalo. This is a high impact role with a direct mandate to build and refine underwriting...",the opportunity staff data scientist we re hiring for a staff data scientist to help expand tilt s credit modeling and risk analytics capability for our philippines based business cashalo this is a high impact role with a direct mandate to build and refine underwriting,"'analyt':21 'base':27 'build':41 'busi':28 'capabl':22 'cashalo':29 'credit':17 'data':4,11 'direct':38 'expand':15 'help':14 'high':33 'hire':7 'impact':34 'mandat':39 'model':18 'opportun':2 'philippin':26 'philippines-bas':25 'refin':43 'risk':20 'role':35 'scientist':5,12 'staff':3,10 'tilt’':16 'underwrit':44 'we’r':6","{analyt,base,build,busi,capabl,cashalo,credit,data,direct,expand,help,high,hire,impact,mandat,model,opportun,philippin,philippines-bas,refin,risk,role,scientist,staff,tilt’,underwrit,we’r}"
Senior Engineer Service Management,Unisys,"",Australia," What success looks like in this role: 
 This role oversees, facilitates and administers ITIL based service support and requires a strong understanding of Service Management practices, with a particular emphasis on Service Request Management and Service Level Management...",data reporting analyst,swooped.co,2025-09-11 00:00:00.000 +0700,not_specified,Senior Engineer Service Management,"What success looks like in this role: This role oversees, facilitates and administers ITIL based service support and requires a strong understanding of Service Management practices, with a particular emphasis on Service Request Management and Service Level Management...",what success looks like in this role this role oversees facilitates and administers itil based service support and requires a strong understanding of service management practices with a particular emphasis on service request management and service level management,"'administ':13 'base':15 'emphasi':30 'facilit':11 'itil':14 'level':37 'like':4 'look':3 'manag':25,34,38 'overse':10 'particular':29 'practic':26 'request':33 'requir':19 'role':7,9 'servic':16,24,32,36 'strong':21 'success':2 'support':17 'understand':22","{administ,base,emphasi,facilit,itil,level,like,look,manag,overse,particular,practic,request,requir,role,servic,strong,success,support,understand}"
Quality Engineer,Invictus People,$110k,Australia,"&nbsp;...certification audits. 
 Perform root cause analysis and implement effective corrective and preventive actions. 
 Manage non-conformance <b>reports </b>and drive timely resolution. 
 Support First Article Inspection (FAI), Production Part Approval Process (PPAP), and validation...&nbsp;",data reporting analyst,atzcrm.com,2026-07-15 03:11:10.827 +0700,not_specified,Quality Engineer,"...certification audits. Perform root cause analysis and implement effective corrective and preventive actions. Manage non-conformance reports and drive timely resolution. Support First Article Inspection (FAI), Production Part Approval Process (PPAP), and validation...",certification audits perform root cause analysis and implement effective corrective and preventive actions manage non conformance reports and drive timely resolution support first article inspection fai production part approval process ppap and validation,'action':13 'analysi':6 'approv':30 'articl':25 'audit':2 'caus':5 'certif':1 'conform':17 'correct':10 'drive':20 'effect':9 'fai':27 'first':24 'implement':8 'inspect':26 'manag':14 'non':16 'non-conform':15 'part':29 'perform':3 'ppap':32 'prevent':12 'process':31 'product':28 'report':18 'resolut':22 'root':4 'support':23 'time':21 'valid':34,"{action,analysi,approv,articl,audit,caus,certif,conform,correct,drive,effect,fai,first,implement,inspect,manag,non,non-conform,part,perform,ppap,prevent,process,product,report,resolut,root,support,time,valid}"
Windows System Engineer,IMC,"",Australia," At IMC, technology is at the core of everything we do, and how we build and maintain our user space infrastructure is key to our global success. Our Operations Engineering team designs, automates, and scales the systems that power our workstations, tools, and user environments...",data reporting analyst,swooped.co,2025-09-24 00:00:00.000 +0700,not_specified,Windows System Engineer,"At IMC, technology is at the core of everything we do, and how we build and maintain our user space infrastructure is key to our global success. Our Operations Engineering team designs, automates, and scales the systems that power our workstations, tools, and user environments...",at imc technology is at the core of everything we do and how we build and maintain our user space infrastructure is key to our global success our operations engineering team designs automates and scales the systems that power our workstations tools and user environments,"'autom':33 'build':15 'core':7 'design':32 'engin':30 'environ':45 'everyth':9 'global':26 'imc':2 'infrastructur':21 'key':23 'maintain':17 'oper':29 'power':39 'scale':35 'space':20 'success':27 'system':37 'team':31 'technolog':3 'tool':42 'user':19,44 'workstat':41","{autom,build,core,design,engin,environ,everyth,global,imc,infrastructur,key,maintain,oper,power,scale,space,success,system,team,technolog,tool,user,workstat}"
Senior Project Engineer,Lendlease,"",Australia," Lendlease is a globally integrated real estate group with core expertise in Investment Management, Development, and Construction. For more than 60 years, we have created thriving places around the globe.  
 About the Role: 
 With a national delivery capability, Lendlease...",data reporting analyst,swooped.co,2026-02-27 00:00:00.000 +0700,not_specified,Senior Project Engineer,"Lendlease is a globally integrated real estate group with core expertise in Investment Management, Development, and Construction. For more than 60 years, we have created thriving places around the globe.   About the Role: With a national delivery capability, Lendlease...",lendlease is a globally integrated real estate group with core expertise in investment management development and construction for more than years we have created thriving places around the globe about the role with a national delivery capability lendlease,"'60':21 'around':28 'capabl':39 'construct':17 'core':10 'creat':25 'deliveri':38 'develop':15 'estat':7 'expertis':11 'global':4 'globe':30 'group':8 'integr':5 'invest':13 'lendleas':1,40 'manag':14 'nation':37 'place':27 'real':6 'role':34 'thrive':26 'year':22 ' ':31","{60,around,capabl,construct,core,creat,deliveri,develop,estat,expertis,global,globe,group,integr,invest,lendleas,manag,nation,place,real,role,thrive,year, }"
"Manager, Technical Product Enablement and Specialist Sales (Digital and Agentic)",Mastercard,"",Australia,"&nbsp;...transactions safe, simple, smart, and accessible. Using secure <b>data </b>and networks, partnerships and passion, our innovations and solutions...&nbsp;&nbsp;...and integrity of the information being accessed; 
 <b>Report </b>any suspected information security violation or breach, and 
 Complete...&nbsp;",data reporting analyst,decentrajobs.com,2026-07-16 04:20:36.963 +0700,full_time,Manager,"...transactions safe, simple, smart, and accessible. Using secure data and networks, partnerships and passion, our innovations and solutions... ...and integrity of the information being accessed; Report any suspected information security violation or breach, and Complete...",transactions safe simple smart and accessible using secure data and networks partnerships and passion our innovations and solutions and integrity of the information being accessed report any suspected information security violation or breach and complete,"'access':6,25 'breach':33 'complet':35 'data':9 'inform':23,29 'innov':16 'integr':20 'network':11 'partnership':12 'passion':14 'report':26 'safe':2 'secur':8,30 'simpl':3 'smart':4 'solut':18 'suspect':28 'transact':1 'use':7 'violat':31","{access,breach,complet,data,inform,innov,integr,network,partnership,passion,report,safe,secur,simpl,smart,solut,suspect,transact,use,violat}"
Marine Engineers (3rd OOW Engineers),DOF,"",Australia," DOF is hiring - 2nd/3rd Engineers (OOW Engineers)
 DOF is actively hiring experience as a 2nd/3rd Engineer (OOW Engineers) for casual opportunities on various vessels. As a Marine Engineer with DOF, you would be maintaining our world class fleet of vessels. Our Marine...",data reporting analyst,swooped.co,2025-09-22 00:00:00.000 +0700,not_specified,Marine Engineers (3rd OOW Engineers),"DOF is hiring - 2nd/3rd Engineers (OOW Engineers) DOF is actively hiring experience as a 2nd/3rd Engineer (OOW Engineers) for casual opportunities on various vessels. As a Marine Engineer with DOF, you would be maintaining our world class fleet of vessels. Our Marine...",dof is hiring nd rd engineers oow engineers dof is actively hiring experience as a nd rd engineer oow engineers for casual opportunities on various vessels as a marine engineer with dof you would be maintaining our world class fleet of vessels our marine,"'2nd/3rd':4,15 'activ':10 'casual':20 'class':37 'dof':1,8,30 'engin':5,7,16,18,28 'experi':12 'fleet':38 'hire':3,11 'maintain':34 'marin':27,42 'oow':6,17 'opportun':21 'various':23 'vessel':24,40 'world':36 'would':32","{2nd/3rd,activ,casual,class,dof,engin,experi,fleet,hire,maintain,marin,oow,opportun,various,vessel,world,would}"
QA Engineer,Keypath Education,"",Australia,"&nbsp;...fully remote configuration in Australia (<b>reporting </b>into our Keypath Melbourne office). In this...&nbsp;&nbsp;...away from routine non-regulated <b>data </b>transcription loops, entry-level website...&nbsp;&nbsp;...Assurance Engineer, Automated Tester, SDET, Test <b>Analyst,</b> or closely matching tech-enabled quality...&nbsp;",data reporting analyst,hireskys.com,2026-07-07 07:54:24.497 +0700,full_time,QA Engineer,"...fully remote configuration in Australia ( reporting into our Keypath Melbourne office). In this... ...away from routine non-regulated data transcription loops, entry-level website... ...Assurance Engineer, Automated Tester, SDET, Test Analyst, or closely matching tech-enabled quality...",fully remote configuration in australia reporting into our keypath melbourne office in this away from routine non regulated data transcription loops entry level website assurance engineer automated tester sdet test analyst or closely matching tech enabled quality,'analyst':33 'assur':27 'australia':5 'autom':29 'away':14 'close':35 'configur':3 'data':20 'enabl':39 'engin':28 'entri':24 'entry-level':23 'fulli':1 'keypath':9 'level':25 'loop':22 'match':36 'melbourn':10 'non':18 'non-regul':17 'offic':11 'qualiti':40 'regul':19 'remot':2 'report':6 'routin':16 'sdet':31 'tech':38 'tech-en':37 'test':32 'tester':30 'transcript':21 'websit':26,"{analyst,assur,australia,autom,away,close,configur,data,enabl,engin,entri,entry-level,fulli,keypath,level,loop,match,melbourn,non,non-regul,offic,qualiti,regul,remot,report,routin,sdet,tech,tech-en,test,tester,transcript,websit}"
Manufacturing Engineer - Sydney,Anduril Industries,"",Australia,"&nbsp;...designed, built and sold. Anduril’s family of systems is powered by Lattice OS, an AI-powered operating system that turns thousands of <b>data </b>streams into a realtime, 3D command and control center. As the world enters an era of strategic competition, Anduril is committed to...&nbsp;",data reporting analyst,swooped.co,2026-02-27 00:00:00.000 +0700,not_specified,Manufacturing Engineer - Sydney,"...designed, built and sold. Anduril’s family of systems is powered by Lattice OS, an AI-powered operating system that turns thousands of data streams into a realtime, 3D command and control center. As the world enters an era of strategic competition, Anduril is committed to...",designed built and sold anduril s family of systems is powered by lattice os an ai powered operating system that turns thousands of data streams into a realtime d command and control center as the world enters an era of strategic competition anduril is committed to,"'3d':29 'ai':16 'ai-pow':15 'anduril':43 'anduril’':5 'built':2 'center':33 'command':30 'commit':45 'competit':42 'control':32 'data':24 'design':1 'enter':37 'era':39 'famili':6 'lattic':12 'oper':18 'os':13 'power':10,17 'realtim':28 'sold':4 'strateg':41 'stream':25 'system':8,19 'thousand':22 'turn':21 'world':36","{3d,ai,ai-pow,anduril,anduril’,built,center,command,commit,competit,control,data,design,enter,era,famili,lattic,oper,os,power,realtim,sold,strateg,stream,system,thousand,turn,world}"
Site Engineer,Lendlease,"",Australia,"&nbsp;...specifications, quality standards, and safety regulations. 
 Prepare and maintain accurate site records, including daily logs, progress <b>reports,</b> and material tracking. 
 Interpret and implement engineering drawings, blueprints, and technical specifications on-site....&nbsp;",data reporting analyst,swooped.co,2026-02-27 00:00:00.000 +0700,not_specified,Site Engineer,"...specifications, quality standards, and safety regulations. Prepare and maintain accurate site records, including daily logs, progress reports, and material tracking. Interpret and implement engineering drawings, blueprints, and technical specifications on-site....",specifications quality standards and safety regulations prepare and maintain accurate site records including daily logs progress reports and material tracking interpret and implement engineering drawings blueprints and technical specifications on site,"'accur':10 'blueprint':26 'daili':14 'draw':25 'engin':24 'implement':23 'includ':13 'interpret':21 'log':15 'maintain':9 'materi':19 'on-sit':30 'prepar':7 'progress':16 'qualiti':2 'record':12 'regul':6 'report':17 'safeti':5 'site':11,32 'specif':1,29 'standard':3 'technic':28 'track':20","{accur,blueprint,daili,draw,engin,implement,includ,interpret,log,maintain,materi,on-sit,prepar,progress,qualiti,record,regul,report,safeti,site,specif,standard,technic,track}"
Network Systems Engineer,Northrop Grumman,"",Australia," AUSTRALIAN CITIZENSHIP REQUIRED FOR THIS POSITION: Yes 
 RELOCATION ASSISTANCE: Relocation assistance may be available 
 CLEARANCE TYPE: AU-TSPV (Positive Vetting)
 TRAVEL: Yes, 25% of the Time 
 Description 
 We are Northrop Grumman Australia. Our 800 strong team...",data reporting analyst,swooped.co,2025-08-14 00:00:00.000 +0700,not_specified,Network Systems Engineer,"AUSTRALIAN CITIZENSHIP REQUIRED FOR THIS POSITION: Yes RELOCATION ASSISTANCE: Relocation assistance may be available CLEARANCE TYPE: AU-TSPV (Positive Vetting) TRAVEL: Yes, 25% of the Time Description We are Northrop Grumman Australia. Our 800 strong team...",australian citizenship required for this position yes relocation assistance relocation assistance may be available clearance type au tspv positive vetting travel yes of the time description we are northrop grumman australia our strong team,"'25':24 '800':35 'assist':9,11 'au':18 'au-tspv':17 'australia':33 'australian':1 'avail':14 'citizenship':2 'clearanc':15 'descript':28 'grumman':32 'may':12 'northrop':31 'posit':6,20 'reloc':8,10 'requir':3 'strong':36 'team':37 'time':27 'travel':22 'tspv':19 'type':16 'vet':21 'yes':7,23","{25,800,assist,au,au-tspv,australia,australian,avail,citizenship,clearanc,descript,grumman,may,northrop,posit,reloc,requir,strong,team,time,travel,tspv,type,vet,yes}"
Senior Service Reliability Engineer,Zé Delivery,"",Australia,"&nbsp;...Python (preferred) 
 Bash, Go, Java, C++, or Rust 
 In addition, experience with at least 3 of the following topics: 
 Distributed <b>data </b>storage at scale (Hadoop, Ceph) 
 NoSQL at scale (MongoDB, Redis, Cassandra) 
 Data Aggregation technologies. (ElasticSearch,...&nbsp;",data reporting analyst,swooped.co,2025-08-21 00:00:00.000 +0700,not_specified,Senior Service Reliability Engineer,"...Python (preferred)  Bash, Go, Java, C++, or Rust  In addition, experience with at least 3 of the following topics:  Distributed data storage at scale (Hadoop, Ceph)  NoSQL at scale (MongoDB, Redis, Cassandra)  Data Aggregation technologies. (ElasticSearch,...",python preferred bash go java c or rust in addition experience with at least of the following topics distributed data storage at scale hadoop ceph nosql at scale mongodb redis cassandra data aggregation technologies elasticsearch,"'3':16 'addit':11 'aggreg':38 'bash':4 'c':7 'cassandra':35 'ceph':28 'data':23,37 'distribut':22 'elasticsearch':40 'experi':12 'follow':19 'go':5 'hadoop':27 'java':6 'least':15 'mongodb':33 'nosql':30 'prefer':2 'python':1 'redi':34 'rust ':9 'scale':26,32 'storag':24 'technolog':39 'topic':20 ' ':3,21,29,36","{3,addit,aggreg,bash,c,cassandra,ceph,data,distribut,elasticsearch,experi,follow,go,hadoop,java,least,mongodb,nosql,prefer,python,redi,rust ,scale,storag,technolog,topic, }"
Site Reliability Engineer II,Mastercard,"",Australia,"&nbsp;...transactions safe, simple, smart, and accessible. Using secure <b>data </b>and networks, partnerships, and passion, our innovations and solutions...&nbsp;&nbsp;...and integrity of the information being accessed; 
 <b>Report </b>any suspected information security violation or breach, and 
 Complete...&nbsp;",data reporting analyst,decentrajobs.com,2026-06-26 03:04:41.757 +0700,full_time,Site Reliability Engineer II,"...transactions safe, simple, smart, and accessible. Using secure data and networks, partnerships, and passion, our innovations and solutions... ...and integrity of the information being accessed; Report any suspected information security violation or breach, and Complete...",transactions safe simple smart and accessible using secure data and networks partnerships and passion our innovations and solutions and integrity of the information being accessed report any suspected information security violation or breach and complete,"'access':6,25 'breach':33 'complet':35 'data':9 'inform':23,29 'innov':16 'integr':20 'network':11 'partnership':12 'passion':14 'report':26 'safe':2 'secur':8,30 'simpl':3 'smart':4 'solut':18 'suspect':28 'transact':1 'use':7 'violat':31","{access,breach,complet,data,inform,innov,integr,network,partnership,passion,report,safe,secur,simpl,smart,solut,suspect,transact,use,violat}"
Senior Site Reliability Engineer,Mastercard,"",Australia,"&nbsp;...transactions safe, simple, smart, and accessible. Using secure <b>data </b>and networks, partnerships, and passion, our innovations and solutions...&nbsp;&nbsp;...and integrity of the information being accessed; 
 <b>Report </b>any suspected information security violation or breach, and 
 Complete...&nbsp;",data reporting analyst,decentrajobs.com,2026-06-26 03:04:41.713 +0700,full_time,Senior Site Reliability Engineer,"...transactions safe, simple, smart, and accessible. Using secure data and networks, partnerships, and passion, our innovations and solutions... ...and integrity of the information being accessed; Report any suspected information security violation or breach, and Complete...",transactions safe simple smart and accessible using secure data and networks partnerships and passion our innovations and solutions and integrity of the information being accessed report any suspected information security violation or breach and complete,"'access':6,25 'breach':33 'complet':35 'data':9 'inform':23,29 'innov':16 'integr':20 'network':11 'partnership':12 'passion':14 'report':26 'safe':2 'secur':8,30 'simpl':3 'smart':4 'solut':18 'suspect':28 'transact':1 'use':7 'violat':31","{access,breach,complet,data,inform,innov,integr,network,partnership,passion,report,safe,secur,simpl,smart,solut,suspect,transact,use,violat}"
Field Service Fitter,SD Guthrie Berhad,"",Australia,"&nbsp;...range of commercial engines both Gas and Diesel Powered. 
 Field Service Fitter  working Construction/Mining supporting variety of <b>customers </b>and ensure they receive the highest quality service for their Caterpillar equipment. The successful applicant for this role will...&nbsp;",customer insights analyst,swooped.co,2025-08-13 00:00:00.000 +0700,not_specified,Field Service Fitter,...range of commercial engines both Gas and Diesel Powered. Field Service Fitter working Construction/Mining supporting variety of customers and ensure they receive the highest quality service for their Caterpillar equipment. The successful applicant for this role will...,range of commercial engines both gas and diesel powered field service fitter working construction mining supporting variety of customers and ensure they receive the highest quality service for their caterpillar equipment the successful applicant for this role will,"'applic':33 'caterpillar':29 'commerci':3 'construction/mining':14 'custom':18 'diesel':8 'engin':4 'ensur':20 'equip':30 'field':10 'fitter':12 'gas':6 'highest':24 'power':9 'qualiti':25 'rang':1 'receiv':22 'role':36 'servic':11,26 'success':32 'support':15 'varieti':16 'work':13","{applic,caterpillar,commerci,construction/mining,custom,diesel,engin,ensur,equip,field,fitter,gas,highest,power,qualiti,rang,receiv,role,servic,success,support,varieti,work}"
Senior Engineer Service Management,Unisys,"",Australia,"&nbsp;....  
 Service Request Management 
 Serve as the primary contact for Service Request process and compliance issues across all the <b>customer'</b>s service providers. 
 Monitor and drive the efficiency and effectiveness of SRM processes, making recommendations for continuous...&nbsp;",customer insights analyst,swooped.co,2025-09-11 00:00:00.000 +0700,not_specified,Senior Engineer Service Management,"....   Service Request Management  Serve as the primary contact for Service Request process and compliance issues across all the customer' s service providers. Monitor and drive the efficiency and effectiveness of SRM processes, making recommendations for continuous...",service request management serve as the primary contact for service request process and compliance issues across all the customer s service providers monitor and drive the efficiency and effectiveness of srm processes making recommendations for continuous,"'across':17 'complianc':15 'contact':9 'continu':37 'custom':20 'drive':26 'effect':30 'effici':28 'issu':16 'make':34 'management ':4 'monitor':24 'primari':8 'process':13,33 'provid':23 'recommend':35 'request':3,12 'serv':5 'servic':2,11,22 'srm':32 ' ':1","{across,complianc,contact,continu,custom,drive,effect,effici,issu,make,management ,monitor,primari,process,provid,recommend,request,serv,servic,srm, }"
"Business Development Manager - CDE Program (Consultants, Designer and Engineer)",Genetec,"",Australia," Your team’s dynamic: 
 Genetec is seeking a senior professional to lead and grow our Consulting, Design, and Engineering (CDE) Program across Australia and New Zealand. This is a high-impact role focused on strengthening relationships with security consultants and design...",data reporting analyst,swooped.co,2025-08-13 00:00:00.000 +0700,not_specified,Business Development Manager - CDE Program (Consultants,"Your team’s dynamic: Genetec is seeking a senior professional to lead and grow our Consulting, Design, and Engineering (CDE) Program across Australia and New Zealand. This is a high-impact role focused on strengthening relationships with security consultants and design...",your team s dynamic genetec is seeking a senior professional to lead and grow our consulting design and engineering cde program across australia and new zealand this is a high impact role focused on strengthening relationships with security consultants and design,"'across':21 'australia':22 'cde':19 'consult':15,39 'design':16,41 'dynam':3 'engin':18 'focus':33 'genetec':4 'grow':13 'high':30 'high-impact':29 'impact':31 'lead':11 'new':24 'profession':9 'program':20 'relationship':36 'role':32 'secur':38 'seek':6 'senior':8 'strengthen':35 'team’':2 'zealand':25","{across,australia,cde,consult,design,dynam,engin,focus,genetec,grow,high,high-impact,impact,lead,new,profession,program,relationship,role,secur,seek,senior,strengthen,team’,zealand}"
"Sr. Staff Engineer, Robotics/Automotive System Software",Tenstorrent,$100k,Australia," Tenstorrent is leading the industry on cutting-edge AI technology, revolutionizing performance expectations, ease of use, and cost efficiency. With AI redefining the computing paradigm, solutions must evolve to unify innovations in software models, compilers, platforms...",data reporting analyst,swooped.co,2025-08-27 00:00:00.000 +0700,not_specified,Sr. Staff Engineer,"Tenstorrent is leading the industry on cutting-edge AI technology, revolutionizing performance expectations, ease of use, and cost efficiency. With AI redefining the computing paradigm, solutions must evolve to unify innovations in software models, compilers, platforms...",tenstorrent is leading the industry on cutting edge ai technology revolutionizing performance expectations ease of use and cost efficiency with ai redefining the computing paradigm solutions must evolve to unify innovations in software models compilers platforms,"'ai':10,22 'compil':36 'comput':25 'cost':19 'cut':8 'cutting-edg':7 'eas':15 'edg':9 'effici':20 'evolv':29 'expect':14 'industri':5 'innov':32 'lead':3 'model':35 'must':28 'paradigm':26 'perform':13 'platform':37 'redefin':23 'revolution':12 'softwar':34 'solut':27 'technolog':11 'tenstorr':1 'unifi':31 'use':17","{ai,compil,comput,cost,cut,cutting-edg,eas,edg,effici,evolv,expect,industri,innov,lead,model,must,paradigm,perform,platform,redefin,revolution,softwar,solut,technolog,tenstorr,unifi,use}"
Kit Scheduler,Stryker,"",Australia," Work Flexibility: Remote or Hybrid or Onsite 
 Why Schedule at Stryker?
 This hybrid role can be based in any region within Australia, with the mix of office and home days that suit you.  
 The Scheduling Team, sits within our Supply Chain Team and in this role you’...",analytics consultant,swooped.co,2025-08-13 00:00:00.000 +0700,not_specified,Kit Scheduler,"Work Flexibility: Remote or Hybrid or Onsite Why Schedule at Stryker? This hybrid role can be based in any region within Australia, with the mix of office and home days that suit you.   The Scheduling Team, sits within our Supply Chain Team and in this role you’...",work flexibility remote or hybrid or onsite why schedule at stryker this hybrid role can be based in any region within australia with the mix of office and home days that suit you the scheduling team sits within our supply chain team and in this role you,"'australia':22 'base':17 'chain':42 'day':30 'flexibl':2 'home':29 'hybrid':5,13 'mix':25 'offic':27 'onsit':7 'region':20 'remot':3 'role':14,47 'schedul':9,36 'sit':38 'stryker':11 'suit':32 'suppli':41 'team':37,43 'within':21,39 'work':1 'you’':48 '  ':34","{australia,base,chain,day,flexibl,home,hybrid,mix,offic,onsit,region,remot,role,schedul,sit,stryker,suit,suppli,team,within,work,you’,  }"
Digital Education Sales Consultant,Peopleworth,"",Australia,"&nbsp;...The Role  We are seeking an experienced <b>Digital </b>Education Sales Consultant to help professionals explore premium online education opportunities that can accelerate their careers. This is a consultative sales role focused on understanding individual goals, providing tailored...&nbsp;",digital analyst,hireskys.com,2026-07-22 13:54:25.220 +0700,full_time,Digital Education Sales Consultant,"...The Role We are seeking an experienced Digital Education Sales Consultant to help professionals explore premium online education opportunities that can accelerate their careers. This is a consultative sales role focused on understanding individual goals, providing tailored...",the role we are seeking an experienced digital education sales consultant to help professionals explore premium online education opportunities that can accelerate their careers this is a consultative sales role focused on understanding individual goals providing tailored,"'acceler':22 'career':24 'consult':11,28 'digit':8 'educ':9,18 'experienc':7 'explor':15 'focus':31 'goal':35 'help':13 'individu':34 'onlin':17 'opportun':19 'premium':16 'profession':14 'provid':36 'role':2,30 'sale':10,29 'seek':5 'tailor':37 'understand':33","{acceler,career,consult,digit,educ,experienc,explor,focus,goal,help,individu,onlin,opportun,premium,profession,provid,role,sale,seek,tailor,understand}"
Freelance Website Copywriter / Content Strategist,N4 Studio,"",Australia,"&nbsp;...About N4 Studio:  N4 Studio is an elite global <b>digital </b>agency and growth pioneer, proudly recognized as Webflow’s #1 Enterprise Partner worldwide. Operating with a distributed network of around 60 elite professionals, we specialize in building considerations-rich Webflow...&nbsp;",digital analyst,hireskys.com,2026-07-07 07:54:29.447 +0700,full_time,Freelance Website Copywriter / Content Strategist,"...About N4 Studio: N4 Studio is an elite global digital agency and growth pioneer, proudly recognized as Webflow’s #1 Enterprise Partner worldwide. Operating with a distributed network of around 60 elite professionals, we specialize in building considerations-rich Webflow...",about n studio n studio is an elite global digital agency and growth pioneer proudly recognized as webflow s enterprise partner worldwide operating with a distributed network of around elite professionals we specialize in building considerations rich webflow,"'1':19 '60':30 'agenc':11 'around':29 'build':36 'consider':38 'considerations-rich':37 'digit':10 'distribut':26 'elit':8,31 'enterpris':20 'global':9 'growth':13 'n4':2,4 'network':27 'oper':23 'partner':21 'pioneer':14 'profession':32 'proud':15 'recogn':16 'rich':39 'special':34 'studio':3,5 'webflow':40 'webflow’':18 'worldwid':22","{1,60,agenc,around,build,consider,considerations-rich,digit,distribut,elit,enterpris,global,growth,n4,network,oper,partner,pioneer,profession,proud,recogn,rich,special,studio,webflow,webflow’,worldwid}"
"Manager, Technical Product Enablement and Specialist Sales (Digital and Agentic)",Mastercard,"",Australia,"&nbsp;...worldwide. Together with our customers, we’re helping build a sustainable economy where everyone can prosper. We support a wide range of <b>digital </b>payments choices, making transactions secure, simple, smart and accessible. Our technology and innovation, partnerships and...&nbsp;",digital analyst,decentrajobs.com,2026-07-16 04:20:36.963 +0700,full_time,Manager,"...worldwide. Together with our customers, we’re helping build a sustainable economy where everyone can prosper. We support a wide range of digital payments choices, making transactions secure, simple, smart and accessible. Our technology and innovation, partnerships and...",worldwide together with our customers we re helping build a sustainable economy where everyone can prosper we support a wide range of digital payments choices making transactions secure simple smart and accessible our technology and innovation partnerships and,'access':28 'a sustainable economi':9 'build':8 'choic':22 'custom':5 'digit':20 'everyon':11 'help':7 'innov':32 'make':23 'partnership':33 'payment':21 'prosper':13 'rang':18 'simpl':25 'smart':26 'support':15 'technolog':30 'togeth':2 'transactions secur':24 'we’r':6 'wide':17 'worldwid':1,"{access,a sustainable economi,build,choic,custom,digit,everyon,help,innov,make,partnership,payment,prosper,rang,simpl,smart,support,technolog,togeth,transactions secur,we’r,wide,worldwid}"
"Product and Sales Analyst, Specialist - Core Consumer",Mastercard,"",Australia,"&nbsp;..., partnerships and networks combine to deliver a unique set of <b>products </b>and services that help people, businesses and governments realize...&nbsp;&nbsp;...greatest potential.  Title and Summary  Product and Sales <b>Analyst,</b> Specialist – Core Consumer 
 Overview 
 Specialist, Product...&nbsp;",product analyst,decentrajobs.com,2026-05-29 02:16:31.753 +0700,full_time,Product and Sales Analyst,"..., partnerships and networks combine to deliver a unique set of products and services that help people, businesses and governments realize... ...greatest potential. Title and Summary Product and Sales Analyst, Specialist – Core Consumer Overview Specialist, Product...",partnerships and networks combine to deliver a unique set of products and services that help people businesses and governments realize greatest potential title and summary product and sales analyst specialist core consumer overview specialist product,"'analyst':29 'busi':17 'combin':4 'consum':33 'core':32 'deliv':6 'govern':19 'greatest':21 'help':15 'network':3 'overview':34 'partnership':1 'peopl':16 'potenti':22 'product':11,26,36 'realiz':20 'sale':28 'servic':13 'set':9 'specialist':30,35 'summari':25 'titl':23 'uniqu':8 '–':31","{analyst,busi,combin,consum,core,deliv,govern,greatest,help,network,overview,partnership,peopl,potenti,product,realiz,sale,servic,set,specialist,summari,titl,uniqu,–}"
ESG Junior Data Analyst (Mandarin Speaker),ISS | Institutional Shareholder Services,"",Australia," Let’s be #BrilliantTogether 
 OVERVIEW 
 ISS ESG offers expertise across a full range of environmental, social and governance (ESG) issues – having worked with leading asset owners and asset managers to develop solutions to integrate Responsible Investment (RI) into ...",product analyst,swooped.co,2026-02-27 00:00:00.000 +0700,not_specified,ESG Junior Data Analyst (Mandarin Speaker),"Let’s be #BrilliantTogether OVERVIEW ISS ESG offers expertise across a full range of environmental, social and governance (ESG) issues – having worked with leading asset owners and asset managers to develop solutions to integrate Responsible Investment (RI) into ...",let s be brillianttogether overview iss esg offers expertise across a full range of environmental social and governance esg issues having worked with leading asset owners and asset managers to develop solutions to integrate responsible investment ri into,"'across':9 'asset':25,28 'brillianttogeth':3 'develop':31 'environment':14 'esg':6,18 'expertis':8 'full':11 'govern':17 'integr':34 'invest':36 'iss':5 'issu':19 'lead':24 'let’':1 'manag':29 'offer':7 'overview':4 'owner':26 'rang':12 'respons':35 'ri':37 'social':15 'solut':32 'work':22 '–':20","{across,asset,brillianttogeth,develop,environment,esg,expertis,full,govern,integr,invest,iss,issu,lead,let’,manag,offer,overview,owner,rang,respons,ri,social,solut,work,–}"
"Manager, Technical Product Enablement and Specialist Sales (Digital and Agentic)",Mastercard,"",Australia,"&nbsp;...secure, simple, smart and accessible. Our technology and innovation, partnerships and networks combine to deliver a unique set of <b>products </b>and services that help people, businesses and governments realize their greatest potential.  Title and Summary  Manager, Technical...&nbsp;",product analyst,decentrajobs.com,2026-07-16 04:20:36.963 +0700,full_time,Manager,"...secure, simple, smart and accessible. Our technology and innovation, partnerships and networks combine to deliver a unique set of products and services that help people, businesses and governments realize their greatest potential. Title and Summary Manager, Technical...",secure simple smart and accessible our technology and innovation partnerships and networks combine to deliver a unique set of products and services that help people businesses and governments realize their greatest potential title and summary manager technical,'access':5 'busi':26 'combin':13 'deliv':15 'govern':28 'greatest':31 'help':24 'innov':9 'manag':36 'network':12 'partnership':10 'peopl':25 'potenti':32 'product':20 'realiz':29 'secur':1 'servic':22 'set':18 'simpl':2 'smart':3 'summari':35 'technic':37 'technolog':7 'titl':33 'uniqu':17,"{access,busi,combin,deliv,govern,greatest,help,innov,manag,network,partnership,peopl,potenti,product,realiz,secur,servic,set,simpl,smart,summari,technic,technolog,titl,uniqu}"
"Product and Sales Analyst, Specialist - Core Consumer",Mastercard,"",Australia,"&nbsp;...territories worldwide. Together with our <b>customers,</b> we’re helping build a sustainable...&nbsp;&nbsp;....  Title and Summary  Product and Sales <b>Analyst,</b> Specialist – Core Consumer 
 Overview...&nbsp;&nbsp;...knowledge, technical support, and market <b>insight </b>to help deliver customer centric solutions...&nbsp;",customer insights analyst,decentrajobs.com,2026-05-29 02:16:31.753 +0700,full_time,Product and Sales Analyst,"...territories worldwide. Together with our customers, we’re helping build a sustainable... .... Title and Summary Product and Sales Analyst, Specialist – Core Consumer Overview... ...knowledge, technical support, and market insight to help deliver customer centric solutions...",territories worldwide together with our customers we re helping build a sustainable title and summary product and sales analyst specialist core consumer overview knowledge technical support and market insight to help deliver customer centric solutions,"'analyst':17 'a sustain':10 'build':9 'centric':33 'consum':21 'core':20 'custom':6,32 'deliv':31 'help':8,30 'insight':28 'knowledg':23 'market':27 'overview':22 'product':14 'sale':16 'solut':34 'specialist':18 'summari':13 'support':25 'technic':24 'territori':1 'titl':11 'togeth':3 'we’r':7 'worldwid':2 '–':19","{analyst,a sustain,build,centric,consum,core,custom,deliv,help,insight,knowledg,market,overview,product,sale,solut,specialist,summari,support,technic,territori,titl,togeth,we’r,worldwid,–}"
ESG Junior Data Analyst (Mandarin Speaker),ISS | Institutional Shareholder Services,"",Australia,"&nbsp;...leading provider of research and technology solutions for the financial market. Established in 1985, we offer top-notch benchmark and <b>custom </b>indices globally, helping clients identify investment opportunities and manage portfolio risks. Our services cover corporate...&nbsp;",customer insights analyst,swooped.co,2026-02-27 00:00:00.000 +0700,not_specified,ESG Junior Data Analyst (Mandarin Speaker),"...leading provider of research and technology solutions for the financial market. Established in 1985, we offer top-notch benchmark and custom indices globally, helping clients identify investment opportunities and manage portfolio risks. Our services cover corporate...",leading provider of research and technology solutions for the financial market established in we offer top notch benchmark and custom indices globally helping clients identify investment opportunities and manage portfolio risks our services cover corporate,'1985':14 'benchmark':20 'client':26 'corpor':37 'cover':36 'custom':22 'establish':12 'financi':10 'global':24 'help':25 'identifi':27 'indic':23 'invest':28 'lead':1 'manag':31 'market':11 'notch':19 'offer':16 'opportun':29 'portfolio':32 'provid':2 'research':4 'risk':33 'servic':35 'solut':7 'technolog':6 'top':18 'top-notch':17,"{1985,benchmark,client,corpor,cover,custom,establish,financi,global,help,identifi,indic,invest,lead,manag,market,notch,offer,opportun,portfolio,provid,research,risk,servic,solut,technolog,top,top-notch}"
Retail Sales Assistant (Hourly) - AU Newcastle (NSW) ResSleep,Resmed,"",Australia,"&nbsp;...The primary role of <b>Customer </b>Support function is to provide exceptional customer service, sales and marketing support via different channels of communication. Key deliverables include addressing customer enquiries related to ResMed products, services, warranty, order...&nbsp;",customer insights analyst,swooped.co,2025-08-21 00:00:00.000 +0700,not_specified,Retail Sales Assistant (Hourly) - AU Newcastle (NSW) ResSleep,"...The primary role of Customer Support function is to provide exceptional customer service, sales and marketing support via different channels of communication. Key deliverables include addressing customer enquiries related to ResMed products, services, warranty, order...",the primary role of customer support function is to provide exceptional customer service sales and marketing support via different channels of communication key deliverables include addressing customer enquiries related to resmed products services warranty order,"'address':26 'channel':20 'communic':22 'custom':5,12,27 'deliver':24 'differ':19 'enquiri':28 'except':11 'function':7 'includ':25 'key':23 'market':16 'order':35 'primari':2 'product':32 'provid':10 'relat':29 'resm':31 'role':3 'sale':14 'servic':13,33 'support':6,17 'via':18 'warranti':34","{address,channel,communic,custom,deliver,differ,enquiri,except,function,includ,key,market,order,primari,product,provid,relat,resm,role,sale,servic,support,via,warranti}"
"Service Advisor, Canberra",Tesla,"",Australia,"&nbsp;...What To Expect 
 Tesla Motors is looking for a <b>customer </b>service professional to join our team as a Service Advisor working on one of the most progressive vehicle brands in the world. This position requires a high-level customer and employee interaction, so the ideal...&nbsp;",customer insights analyst,ev.careers,2026-07-26 02:33:01.260 +0700,full_time,Service Advisor,"...What To Expect Tesla Motors is looking for a customer service professional to join our team as a Service Advisor working on one of the most progressive vehicle brands in the world. This position requires a high-level customer and employee interaction, so the ideal...",what to expect tesla motors is looking for a customer service professional to join our team as a service advisor working on one of the most progressive vehicle brands in the world this position requires a high level customer and employee interaction so the ideal,"'advisor':20 'brand':29 'custom':10,40 'employe':42 'expect':3 'high':38 'high-level':37 'ideal':46 'interact':43 'join':14 'level':39 'look':7 'motor':5 'one':23 'posit':34 'profession':12 'progress':27 'requir':35 'servic':11,19 'team':16 'tesla':4 'vehicl':28 'work':21 'world':32","{advisor,brand,custom,employe,expect,high,high-level,ideal,interact,join,level,look,motor,one,posit,profession,progress,requir,servic,team,tesla,vehicl,work,world}"
Fire Technicians - Test / Service or Install Roles,Network Recruitment,$65 per hour,Australia,"&nbsp;...Building Maintenance & Essential Services companies who provide fire safety services and building compliance requirements to their <b>customers </b>throughout Sydney / NSW. 
 
 
 Ongoing Training & Development for Career advancement. 
 
 
 Only Permanent Residents...&nbsp;",customer insights analyst,atzcrm.com,2026-05-23 00:00:00.000 +0700,not_specified,Fire Technicians - Test / Service or Install Roles,...Building Maintenance & Essential Services companies who provide fire safety services and building compliance requirements to their customers throughout Sydney / NSW.  Ongoing Training & Development for Career advancement.   Only Permanent Residents...,building maintenance essential services companies who provide fire safety services and building compliance requirements to their customers throughout sydney nsw ongoing training development for career advancement only permanent residents,"'build':1,12 'career advanc':26 'compani':5 'complianc':13 'custom':17 'develop':24 'essenti':3 'fire':8 'mainten':2 'nsw':20 'ongo':22 'perman':29 'provid':7 'requir':14 'resid':30 'safeti':9 'servic':4,10 'sydney':19 'throughout':18 'train':23 ' ':21,27","{build,career advanc,compani,complianc,custom,develop,essenti,fire,mainten,nsw,ongo,perman,provid,requir,resid,safeti,servic,sydney,throughout,train, }"
Customer Service Consultant,Weploy,"",Australia,"&nbsp;...Be the Voice of Exceptional <b>Customer </b>Support!
 Are you a confident communicator who thrives on delivering outstanding customer experiences? Do you have a knack for problem-solving and multitasking in a fast-paced environment? This is your opportunity to join a dynamic...&nbsp;",customer insights analyst,swooped.co,2025-10-03 00:00:00.000 +0700,not_specified,Customer Service Consultant,...Be the Voice of Exceptional Customer Support! Are you a confident communicator who thrives on delivering outstanding customer experiences? Do you have a knack for problem-solving and multitasking in a fast-paced environment? This is your opportunity to join a dynamic...,be the voice of exceptional customer support are you a confident communicator who thrives on delivering outstanding customer experiences do you have a knack for problem solving and multitasking in a fast paced environment this is your opportunity to join a dynamic,"'communic':12 'confid':11 'custom':6,18 'deliv':16 'dynam':44 'environ':36 'except':5 'experi':19 'fast':34 'fast-pac':33 'join':42 'knack':24 'multitask':30 'opportun':40 'outstand':17 'pace':35 'problem':27 'problem-solv':26 'solv':28 'support':7 'thrive':14 'voic':3","{communic,confid,custom,deliv,dynam,environ,except,experi,fast,fast-pac,join,knack,multitask,opportun,outstand,pace,problem,problem-solv,solv,support,thrive,voic}"
Warehouse Associate [FLO FLC],A.P. Moller - Maersk,"",Australia,"&nbsp;...Frontline career stream covers people in skilled or entry-level operator jobs often providing services directly for the benefit of our <b>customers </b>e.g. transporting and loading/unloading cargo, fulfilling orders, etc. The majority of time is spent delivering specific...&nbsp;",customer insights analyst,swooped.co,2025-08-20 00:00:00.000 +0700,not_specified,Warehouse Associate [FLO FLC],"...Frontline career stream covers people in skilled or entry-level operator jobs often providing services directly for the benefit of our customers e.g. transporting and loading/unloading cargo, fulfilling orders, etc. The majority of time is spent delivering specific...",frontline career stream covers people in skilled or entry level operator jobs often providing services directly for the benefit of our customers e g transporting and loading unloading cargo fulfilling orders etc the majority of time is spent delivering specific,'benefit':20 'career':2 'cargo':28 'cover':4 'custom':23 'deliv':38 'direct':17 'e.g':24 'entri':10 'entry-level':9 'etc':31 'frontlin':1 'fulfil':29 'job':13 'level':11 'loading/unloading':27 'major':33 'often':14 'oper':12 'order':30 'peopl':5 'provid':15 'servic':16 'skill':7 'specif':39 'spent':37 'stream':3 'time':35 'transport':25,"{benefit,career,cargo,cover,custom,deliv,direct,e.g,entri,entry-level,etc,frontlin,fulfil,job,level,loading/unloading,major,often,oper,order,peopl,provid,servic,skill,specif,spent,stream,time,transport}"
Senior Compliance Officer & MRLO,Nuvei,"",Australia,"&nbsp;...and fraud management services. Connecting businesses to their <b>customers </b>in more than 200 markets, with local acquiring in 50+ markets,...&nbsp;&nbsp;...alternative payment methods, Nuvei provides the technology and <b>insights </b>for customers and partners to succeed locally and globally...&nbsp;",customer insights analyst,swooped.co,2025-09-04 00:00:00.000 +0700,not_specified,Senior Compliance Officer & MRLO,"...and fraud management services. Connecting businesses to their customers in more than 200 markets, with local acquiring in 50+ markets,... ...alternative payment methods, Nuvei provides the technology and insights for customers and partners to succeed locally and globally...",and fraud management services connecting businesses to their customers in more than markets with local acquiring in markets alternative payment methods nuvei provides the technology and insights for customers and partners to succeed locally and globally,"'200':13 '50':19 'acquir':17 'altern':21 'busi':6 'connect':5 'custom':9,31 'fraud':2 'global':38 'insight':29 'local':16,36 'manag':3 'market':14,20 'method':23 'nuvei':24 'partner':33 'payment':22 'provid':25 'servic':4 'succeed':35 'technolog':27","{200,50,acquir,altern,busi,connect,custom,fraud,global,insight,local,manag,market,method,nuvei,partner,payment,provid,servic,succeed,technolog}"
Sales Hunter,Purestorage,"",Australia,"&nbsp;...team in Australia. In this role, you’ll be at the forefront of developing new business, working with our channel resellers and key <b>customer </b>accounts. Collaborate with Sales, Pre-sales, Partner sales, and Field Marketing teams to drive success in the Federal sector....&nbsp;",customer insights analyst,hireskys.com,2026-07-21 07:55:31.420 +0700,full_time,Sales Hunter,"...team in Australia. In this role, you’ll be at the forefront of developing new business, working with our channel resellers and key customer accounts. Collaborate with Sales, Pre-sales, Partner sales, and Field Marketing teams to drive success in the Federal sector....",team in australia in this role you ll be at the forefront of developing new business working with our channel resellers and key customer accounts collaborate with sales pre sales partner sales and field marketing teams to drive success in the federal sector,"'account':24 'australia':3 'busi':15 'channel':19 'collabor':25 'custom':23 'develop':13 'drive':38 'feder':42 'field':34 'forefront':11 'key':22 'market':35 'new':14 'partner':31 'pre':29 'pre-sal':28 'resel':20 'role':6 'sale':27,30,32 'sector':43 'success':39 'team':1,36 'work':16 'you’ll':7","{account,australia,busi,channel,collabor,custom,develop,drive,feder,field,forefront,key,market,new,partner,pre,pre-sal,resel,role,sale,sector,success,team,work,you’ll}"
售后经理,XPENG,"",Australia,"&nbsp;...Manager is to support the dealer network with technical guidance. This includes but is not limited to dealer visits to perform: 
 <b>Customer </b>vehicle repair inspections 
 Day-to-day operational support and dealer in-dealer training (systems, product etc)
 CSI – dealer...&nbsp;",customer insights analyst,ev.careers,2026-07-01 13:38:38.053 +0700,full_time,售后经理,"...Manager is to support the dealer network with technical guidance. This includes but is not limited to dealer visits to perform: Customer vehicle repair inspections Day-to-day operational support and dealer in-dealer training (systems, product etc) CSI – dealer...",manager is to support the dealer network with technical guidance this includes but is not limited to dealer visits to perform customer vehicle repair inspections day to day operational support and dealer in dealer training systems product etc csi dealer,"'csi':41 'custom':22 'day':27,29 'day-to-day':26 'dealer':6,18,33,36,43 'etc':40 'guidanc':10 'in-deal':34 'includ':12 'inspect':25 'limit':16 'manag':1 'network':7 'oper':30 'perform':21 'product':39 'repair':24 'support':4,31 'system':38 'technic':9 'train':37 'vehicl':23 'visit':19 '–':42","{csi,custom,day,day-to-day,dealer,etc,guidanc,in-deal,includ,inspect,limit,manag,network,oper,perform,product,repair,support,system,technic,train,vehicl,visit,–}"
Warehouse Team Member,Stryker,"",Australia,"&nbsp;.... You will work alongside a team of positive and dedicated individuals who are committed to providing high-quality service to our <b>customers.</b> 
 To be successful in this role, candidates must be quick learners who are able to adapt to changes in priorities and work collaboratively...&nbsp;",customer insights analyst,swooped.co,2025-08-13 00:00:00.000 +0700,not_specified,Warehouse Team Member,".... You will work alongside a team of positive and dedicated individuals who are committed to providing high-quality service to our customers. To be successful in this role, candidates must be quick learners who are able to adapt to changes in priorities and work collaboratively...",you will work alongside a team of positive and dedicated individuals who are committed to providing high quality service to our customers to be successful in this role candidates must be quick learners who are able to adapt to changes in priorities and work collaboratively,"'abl':37 'adapt':39 'alongsid':4 'candid':30 'chang':41 'collabor':46 'commit':14 'custom':23 'dedic':10 'high':18 'high-qual':17 'individu':11 'learner':34 'must':31 'posit':8 'prioriti':43 'provid':16 'qualiti':19 'quick':33 'role':29 'servic':20 'success':26 'team':6 'work':3,45","{abl,adapt,alongsid,candid,chang,collabor,commit,custom,dedic,high,high-qual,individu,learner,must,posit,prioriti,provid,qualiti,quick,role,servic,success,team,work}"
Incident Manager,Leidos,"",Australia,"&nbsp;...At Leidos, we deliver innovative solutions through the efforts of our diverse and talented people who are dedicated to our <b>customers’</b> success. We empower our teams, contribute to our communities, and operate sustainable practices. Everything we do is built on a commitment...&nbsp;",customer insights analyst,swooped.co,2025-09-10 00:00:00.000 +0700,not_specified,Incident Manager,"...At Leidos, we deliver innovative solutions through the efforts of our diverse and talented people who are dedicated to our customers’ success. We empower our teams, contribute to our communities, and operate sustainable practices. Everything we do is built on a commitment...",at leidos we deliver innovative solutions through the efforts of our diverse and talented people who are dedicated to our customers success we empower our teams contribute to our communities and operate sustainable practices everything we do is built on a commitment,'built':39 'commit':42 'communiti':30 'contribut':27 'customers’':21 'dedic':18 'deliv':4 'divers':12 'effort':9 'empow':24 'everyth':35 'innov':5 'leido':2 'oper':32 'peopl':15 'practic':34 'solut':6 'success':22 'sustain':33 'talent':14 'team':26,"{built,commit,communiti,contribut,customers’,dedic,deliv,divers,effort,empow,everyth,innov,leido,oper,peopl,practic,solut,success,sustain,talent,team}"
Technical Program Manager,Pano AI,"",Australia,"&nbsp;...running reliably. Your work will directly impact how quickly and effectively Pano brings coverage online across Australia to meet <b>customer </b>needs. 
 Please note: This is a remote contract role. Must be based in Australia. 
 What you’ll do 
 Manage field schedules and...&nbsp;",customer insights analyst,hireskys.com,2026-07-23 09:19:49.740 +0700,part_time,Technical Program Manager,...running reliably. Your work will directly impact how quickly and effectively Pano brings coverage online across Australia to meet customer needs. Please note: This is a remote contract role. Must be based in Australia. What you’ll do Manage field schedules and...,running reliably your work will directly impact how quickly and effectively pano brings coverage online across australia to meet customer needs please note this is a remote contract role must be based in australia what you ll do manage field schedules and,"'across':16 'australia':17,34 'base':32 'bring':13 'contract':28 'coverag':14 'custom':20 'direct':6 'effect':11 'field':39 'impact':7 'manag':38 'meet':19 'must':30 'need':21 'note':23 'onlin':15 'pano':12 'pleas':22 'quick':9 'reliabl':2 'remot':27 'role':29 'run':1 'schedul':40 'work':4 'you’ll':36","{across,australia,base,bring,contract,coverag,custom,direct,effect,field,impact,manag,meet,must,need,note,onlin,pano,pleas,quick,reliabl,remot,role,run,schedul,work,you’ll}"
"Sales Advisor, Cairns",Tesla,"",Australia,"&nbsp;...Tesla Advisors consistently deliver on an incredible educational, immersive, and exciting experience to all of our current and future <b>customers </b>as well as create a memorable experience for our customers on delivery day. They constitute Tesla’s front line and are our brand...&nbsp;",customer insights analyst,ev.careers,2026-07-01 02:27:26.550 +0700,full_time,Sales Advisor,"...Tesla Advisors consistently deliver on an incredible educational, immersive, and exciting experience to all of our current and future customers as well as create a memorable experience for our customers on delivery day. They constitute Tesla’s front line and are our brand...",tesla advisors consistently deliver on an incredible educational immersive and exciting experience to all of our current and future customers as well as create a memorable experience for our customers on delivery day they constitute tesla s front line and are our brand,"'advisor':2 'brand':42 'consist':3 'constitut':35 'creat':24 'current':17 'custom':20,30 'day':33 'deliv':4 'deliveri':32 'educ':8 'excit':11 'experi':12,27 'front':37 'futur':19 'immers':9 'incred':7 'line':38 'memor':26 'tesla':1 'tesla’':36 'well':22","{advisor,brand,consist,constitut,creat,current,custom,day,deliv,deliveri,educ,excit,experi,front,futur,immers,incred,line,memor,tesla,tesla’,well}"
Commercial Account Executive,Dandy,"",Australia,"&nbsp;...role in scaling an international market. 
 Key Responsibilities 
 Own the full sales cycle: qualify, discover, and close new SMB <b>customers </b>
 Proactively prospect and engage dental practices to drive new client acquisition 
 Serve as a founding voice in shaping Dandy’...&nbsp;",customer insights analyst,hireskys.com,2026-07-21 04:08:24.380 +0700,full_time,Commercial Account Executive,"...role in scaling an international market. Key Responsibilities Own the full sales cycle: qualify, discover, and close new SMB customers Proactively prospect and engage dental practices to drive new client acquisition Serve as a founding voice in shaping Dandy’...",role in scaling an international market key responsibilities own the full sales cycle qualify discover and close new smb customers proactively prospect and engage dental practices to drive new client acquisition serve as a founding voice in shaping dandy,"'acquisit':31 'client':30 'close':17 'custom':20 'cycl':13 'dandy’':39 'dental':25 'discov':15 'drive':28 'engag':24 'found':35 'full':11 'intern':5 'key':7 'market':6 'new':18,29 'practic':26 'proactiv':21 'prospect':22 'qualifi':14 'respons':8 'role':1 'sale':12 'scale':3 'serv':32 'shape':38 'smb':19 'voic':36","{acquisit,client,close,custom,cycl,dandy’,dental,discov,drive,engag,found,full,intern,key,market,new,practic,proactiv,prospect,qualifi,respons,role,sale,scale,serv,shape,smb,voic}"
Customer Service Specialist (IAM),efm,$65k - $70k,Australia,"&nbsp;...innovation set us above from the competition. 
 Requirements 
 As a <b>Customer </b>Service Specialist based out of our Pyrmont office, you will be...&nbsp;&nbsp;...of freight within your portfolio 
 Providing valuable <b>insights </b>into the movement of customer freight and potential issues to Account...&nbsp;",customer insights analyst,swooped.co,2025-08-13 00:00:00.000 +0700,not_specified,Customer Service Specialist (IAM),"...innovation set us above from the competition. Requirements As a Customer Service Specialist based out of our Pyrmont office, you will be... ...of freight within your portfolio Providing valuable insights into the movement of customer freight and potential issues to Account...",innovation set us above from the competition requirements as a customer service specialist based out of our pyrmont office you will be of freight within your portfolio providing valuable insights into the movement of customer freight and potential issues to account,"'account':41 'base':14 'competit':7 'custom':11,35 'freight':24,36 'innov':1 'insight':30 'issu':39 'movement':33 'offic':19 'portfolio':27 'potenti':38 'provid':28 'pyrmont':18 'requir':8 'servic':12 'set':2 'specialist':13 'us':3 'valuabl':29 'within':25","{account,base,competit,custom,freight,innov,insight,issu,movement,offic,portfolio,potenti,provid,pyrmont,requir,servic,set,specialist,us,valuabl,within}"
Associate Manager - Supply Planning,Stryker,"",Australia,"&nbsp;...leader to join our high-performing Operations team. As Associate Manager – Supply Planning, you’ll play a pivotal role in ensuring our <b>customers </b>receive the right products, at the right time, in the right place, and at the right cost. 
 This hybrid role offers the...&nbsp;",customer insights analyst,swooped.co,2025-09-05 00:00:00.000 +0700,not_specified,Associate Manager - Supply Planning,"...leader to join our high-performing Operations team. As Associate Manager – Supply Planning, you’ll play a pivotal role in ensuring our customers receive the right products, at the right time, in the right place, and at the right cost. This hybrid role offers the...",leader to join our high performing operations team as associate manager supply planning you ll play a pivotal role in ensuring our customers receive the right products at the right time in the right place and at the right cost this hybrid role offers the,"'associ':11 'cost':41 'custom':24 'ensur':22 'high':6 'high-perform':5 'hybrid':43 'join':3 'leader':1 'manag':12 'offer':45 'oper':8 'perform':7 'pivot':19 'place':36 'plan':15 'play':17 'product':28 'receiv':25 'right':27,31,35,40 'role':20,44 'suppli':14 'team':9 'time':32 'you’ll':16 '–':13","{associ,cost,custom,ensur,high,high-perform,hybrid,join,leader,manag,offer,oper,perform,pivot,place,plan,play,product,receiv,right,role,suppli,team,time,you’ll,–}"
Outbound Sales Development Representative,Remote,$61k - $72k,Australia,"&nbsp;...tirelessly on ambitious problems, asynchronously, around the world. 
 What this job can offer you 
 Sales helps our prospective <b>customers </b>and active customers to fully experience our Global HR Platform. Sales is the team responding to incoming queries and helping customers...&nbsp;",customer insights analyst,hireskys.com,2026-07-20 03:01:25.983 +0700,full_time,Outbound Sales Development Representative,"...tirelessly on ambitious problems, asynchronously, around the world. What this job can offer you Sales helps our prospective customers and active customers to fully experience our Global HR Platform. Sales is the team responding to incoming queries and helping customers...",tirelessly on ambitious problems asynchronously around the world what this job can offer you sales helps our prospective customers and active customers to fully experience our global hr platform sales is the team responding to incoming queries and helping customers,"'activ':21 'ambiti':3 'around':6 'asynchron':5 'custom':19,22,40 'experi':25 'fulli':24 'global':27 'help':16,39 'hr':28 'incom':36 'job':11 'offer':13 'platform':29 'problem':4 'prospect':18 'queri':37 'respond':34 'sale':15,30 'team':33 'tireless':1 'world':8","{activ,ambiti,around,asynchron,custom,experi,fulli,global,help,hr,incom,job,offer,platform,problem,prospect,queri,respond,sale,team,tireless,world}"
Customer Service Consultant,Rentokil Initial,"",Australia,"&nbsp;...We have an excellent opportunity for a  <b>Customer </b>Service Consultant  to join our team based in  Newcastle  on a permanent  full-time basis. 
 In this role, you will be an important member of the Customer Service team reporting directly to the Customer Service Manager...&nbsp;",customer insights analyst,swooped.co,2025-09-24 00:00:00.000 +0700,not_specified,Customer Service Consultant,"...We have an excellent opportunity for a Customer Service Consultant to join our team based in Newcastle on a permanent  full-time basis. In this role, you will be an important member of the Customer Service team reporting directly to the Customer Service Manager...",we have an excellent opportunity for a customer service consultant to join our team based in newcastle on a permanent full time basis in this role you will be an important member of the customer service team reporting directly to the customer service manager,"'base':15 'basi':24 'consult':10 'custom':8,36,43 'direct':40 'excel':4 'full':22 'full-tim':21 'import':32 'join':12 'manag':45 'member':33 'newcastl':17 'opportun':5 'permanent ':20 'report':39 'role':27 'servic':9,37,44 'team':14,38 'time':23","{base,basi,consult,custom,direct,excel,full,full-tim,import,join,manag,member,newcastl,opportun,permanent ,report,role,servic,team,time}"
Technical Account Management II (Edwin Hui),Zé Delivery,"",Australia,"&nbsp;...pipelines for games. 
 Excellent communication (written and verbal) and interpersonal skills with an eye toward providing excellent <b>customer </b>support. 
 Familiarity with development tools and ability to quickly familiarize with new deeply technical projects in...&nbsp;",customer insights analyst,swooped.co,2025-09-27 00:00:00.000 +0700,not_specified,Technical Account Management II (Edwin Hui),...pipelines for games. Excellent communication (written and verbal) and interpersonal skills with an eye toward providing excellent customer support. Familiarity with development tools and ability to quickly familiarize with new deeply technical projects in...,pipelines for games excellent communication written and verbal and interpersonal skills with an eye toward providing excellent customer support familiarity with development tools and ability to quickly familiarize with new deeply technical projects in,"'abil':25 'communic':5 'custom':18 'deepli':31 'develop':22 'excel':4,17 'eye':14 'familiar':20,28 'game':3 'interperson':10 'new':30 'pipelin':1 'project':33 'provid':16 'quick':27 'skill':11 'support':19 'technic':32 'tool':23 'toward':15 'verbal':8 'written':6","{abil,communic,custom,deepli,develop,excel,eye,familiar,game,interperson,new,pipelin,project,provid,quick,skill,support,technic,tool,toward,verbal,written}"
Partner Growth Manager,Mx51,"",Australia,"&nbsp;...and win new partners. You build credibility fast — leading with <b>insight,</b> tailoring solutions to each prospect's needs, and earning...&nbsp;&nbsp;...daily with a variety of our teams, including Product, Technology, <b>Customer </b>Success & Support. To succeed in this position you will need to...&nbsp;",customer insights analyst,hireskys.com,2026-07-17 13:54:24.967 +0700,full_time,Partner Growth Manager,"...and win new partners. You build credibility fast — leading with insight, tailoring solutions to each prospect's needs, and earning... ...daily with a variety of our teams, including Product, Technology, Customer Success & Support. To succeed in this position you will need to...",and win new partners you build credibility fast leading with insight tailoring solutions to each prospect s needs and earning daily with a variety of our teams including product technology customer success support to succeed in this position you will need to,"'build':6 'credibl':7 'custom':32 'daili':22 'earn':21 'fast':8 'includ':29 'insight':12 'lead':10 'need':19,42 'new':3 'partner':4 'posit':39 'product':30 'prospect':17 'solut':14 'succeed':36 'success':33 'support':34 'tailor':13 'team':28 'technolog':31 'varieti':25 'win':2 '—':9","{build,credibl,custom,daili,earn,fast,includ,insight,lead,need,new,partner,posit,product,prospect,solut,succeed,success,support,tailor,team,technolog,varieti,win,—}"
Customer Success Manager,Hosting,"",Australia,"&nbsp;...About The Role  The <b>Customer </b>Success Manager is responsible for managing and developing a portfolio of existing Hosting.com customers....&nbsp;&nbsp;...customer relationship and commercial context. 
6. Reporting and <b>Insights </b>
 Track customer health, churn risk, expansion potential,...&nbsp;",customer insights analyst,hireskys.com,2026-07-21 04:08:24.207 +0700,full_time,Customer Success Manager,"...About The Role The Customer Success Manager is responsible for managing and developing a portfolio of existing Hosting.com customers.... ...customer relationship and commercial context. 6. Reporting and Insights Track customer health, churn risk, expansion potential,...",about the role the customer success manager is responsible for managing and developing a portfolio of existing hosting com customers customer relationship and commercial context reporting and insights track customer health churn risk expansion potential,"'6':25 'churn':32 'commerci':23 'context':24 'custom':5,19,20,30 'develop':13 'exist':17 'expans':34 'health':31 'hosting.com':18 'insight':28 'manag':7,11 'portfolio':15 'potenti':35 'relationship':21 'report':26 'respons':9 'risk':33 'role':3 'success':6 'track':29","{6,churn,commerci,context,custom,develop,exist,expans,health,hosting.com,insight,manag,portfolio,potenti,relationship,report,respons,risk,role,success,track}"
Client Success Manager,"Columbus, GA | Move to Meaningful",$100k - $105k,Australia,"&nbsp;...powering millions of companies around the world, from ambitious startups to enterprise giants. 
 We make a positive impact on our <b>customers </b>and communities through our values of Passion, Care, Accountability, Excellence and Ingenuity. 
 Underpinning our values is an...&nbsp;",customer insights analyst,swooped.co,2025-08-12 00:00:00.000 +0700,not_specified,Client Success Manager,"...powering millions of companies around the world, from ambitious startups to enterprise giants. We make a positive impact on our customers and communities through our values of Passion, Care, Accountability, Excellence and Ingenuity. Underpinning our values is an...",powering millions of companies around the world from ambitious startups to enterprise giants we make a positive impact on our customers and communities through our values of passion care accountability excellence and ingenuity underpinning our values is an,"'account':30 'ambiti':9 'around':5 'care':29 'communiti':23 'compani':4 'custom':21 'enterpris':12 'excel':31 'giant':13 'impact':18 'ingenu':33 'make':15 'million':2 'passion':28 'posit':17 'power':1 'startup':10 'underpin':34 'valu':26,36 'world':7","{account,ambiti,around,care,communiti,compani,custom,enterpris,excel,giant,impact,ingenu,make,million,passion,posit,power,startup,underpin,valu,world}"
"Director, Account Management - Retail",Mastercard,"",Australia,"&nbsp;...in 200+ countries and territories worldwide. Together with our <b>customers,</b> we’re helping build a sustainable economy where everyone can...&nbsp;&nbsp;...of Mastercard's retail partnership strategy by bringing market <b>insights,</b> customer feedback and industry expertise into the business....&nbsp;",customer insights analyst,decentrajobs.com,2026-07-20 08:16:32.763 +0700,full_time,Director,"...in 200+ countries and territories worldwide. Together with our customers, we’re helping build a sustainable economy where everyone can... ...of Mastercard's retail partnership strategy by bringing market insights, customer feedback and industry expertise into the business....",in countries and territories worldwide together with our customers we re helping build a sustainable economy where everyone can of mastercard s retail partnership strategy by bringing market insights customer feedback and industry expertise into the business,"'200':2 'a sustainable economi':14 'bring':25 'build':13 'busi':35 'countri':3 'custom':10,28 'everyon':16 'expertis':32 'feedback':29 'help':12 'industri':31 'insight':27 'market':26 'mastercard':19 'partnership':22 'retail':21 'strategi':23 'territori':5 'togeth':7 'we’r':11 'worldwid':6","{200,a sustainable economi,bring,build,busi,countri,custom,everyon,expertis,feedback,help,industri,insight,market,mastercard,partnership,retail,strategi,territori,togeth,we’r,worldwid}"
National Account Executive,Pierre Fabre Laboratories,"",Australia,"&nbsp;...franchise(s) commercial strategy in synergy with other internal players (Marketing, etc.) and negotiate the marketing of ranges with <b>customers </b>in accordance with the current sales policy 
 Negotiate an agreement that includes compensations 
 Apply and monitor...&nbsp;",customer insights analyst,swooped.co,2025-08-13 00:00:00.000 +0700,not_specified,National Account Executive,"...franchise(s) commercial strategy in synergy with other internal players (Marketing, etc.) and negotiate the marketing of ranges with customers in accordance with the current sales policy Negotiate an agreement that includes compensations Apply and monitor...",franchise s commercial strategy in synergy with other internal players marketing etc and negotiate the marketing of ranges with customers in accordance with the current sales policy negotiate an agreement that includes compensations apply and monitor,"'accord':22 'agreement':30 'appli':34 'commerci':3 'compens':33 'current':25 'custom':20 'etc':12 'franchis':1 'includ':32 'intern':9 'market':11,16 'monitor':36 'negoti':14,28 'player':10 'polici':27 'rang':18 'sale':26 'strategi':4 'synergi':6","{accord,agreement,appli,commerci,compens,current,custom,etc,franchis,includ,intern,market,monitor,negoti,player,polici,rang,sale,strategi,synergi}"
Customer Support Engineer,Salsify,"",Australia,"&nbsp;...being that works here. 
 About the Opportunity 
 About the Role 
 We're looking for a highly motivated and technically adept  <b>Customer </b>Support Engineer  to join our growing team. In this role, you'll be the primary point of contact for our most complex technical support...&nbsp;",customer insights analyst,swooped.co,2025-08-05 00:00:00.000 +0700,not_specified,Customer Support Engineer,"...being that works here.  About the Opportunity About the Role We're looking for a highly motivated and technically adept Customer Support Engineer to join our growing team. In this role, you'll be the primary point of contact for our most complex technical support...",being that works here about the opportunity about the role we re looking for a highly motivated and technically adept customer support engineer to join our growing team in this role you ll be the primary point of contact for our most complex technical support,"'adept':21 'complex':44 'contact':40 'custom':22 'engin':24 'grow':28 'high':17 'join':26 'll':34 'look':14 'motiv':18 'opportun':8 'point':38 'primari':37 're':13 'role':11,32 'support':23,46 'team':29 'technic':20,45 'work':3 ' ':5","{adept,complex,contact,custom,engin,grow,high,join,ll,look,motiv,opportun,point,primari,re,role,support,team,technic,work, }"
Customer Care Executive,Rentokil Initial,"",Australia,"&nbsp;...Our Newcastle team has an exciting opportunity available for an organised, efficient and dedicated <b>Customer </b>Care Executive to join them in a permanent full-time role. 
 Your extraordinary skills will be used for the day-to-day phone based management of our business customers...&nbsp;",customer insights analyst,swooped.co,2025-08-14 00:00:00.000 +0700,not_specified,Customer Care Executive,"...Our Newcastle team has an exciting opportunity available for an organised, efficient and dedicated Customer Care Executive to join them in a permanent full-time role. Your extraordinary skills will be used for the day-to-day phone based management of our business customers...",our newcastle team has an exciting opportunity available for an organised efficient and dedicated customer care executive to join them in a permanent full time role your extraordinary skills will be used for the day to day phone based management of our business customers,"'avail':8 'base':41 'busi':45 'care':16 'custom':15,46 'day':37,39 'day-to-day':36 'dedic':14 'effici':12 'excit':6 'execut':17 'extraordinari':29 'full':25 'full-tim':24 'join':19 'manag':42 'newcastl':2 'opportun':7 'organis':11 'perman':23 'phone':40 'role':27 'skill':30 'team':3 'time':26 'use':33","{avail,base,busi,care,custom,day,day-to-day,dedic,effici,excit,execut,extraordinari,full,full-tim,join,manag,newcastl,opportun,organis,perman,phone,role,skill,team,time,use}"
Facilities Manager,Anduril Industries,"",Australia,"&nbsp;...as the space evolves and changes. 
 Project manage capital improvement projects. From pre-construction, budgeting, execution, to <b>customer </b>handover, you own it end to end. 
 Collaborate with equipment owners on future equipment moves and planning that is inclusive of...&nbsp;",customer insights analyst,swooped.co,2025-07-30 00:00:00.000 +0700,not_specified,Facilities Manager,"...as the space evolves and changes. Project manage capital improvement projects. From pre-construction, budgeting, execution, to customer handover, you own it end to end. Collaborate with equipment owners on future equipment moves and planning that is inclusive of...",as the space evolves and changes project manage capital improvement projects from pre construction budgeting execution to customer handover you own it end to end collaborate with equipment owners on future equipment moves and planning that is inclusive of,"'budget':16 'capit':9 'chang':6 'collabor':27 'construct':15 'custom':19 'end':24,26 'equip':29,33 'evolv':4 'execut':17 'futur':32 'handov':20 'improv':10 'inclus':39 'manag':8 'move':34 'owner':30 'plan':36 'pre':14 'pre-construct':13 'project':7,11 'space':3","{budget,capit,chang,collabor,construct,custom,end,equip,evolv,execut,futur,handov,improv,inclus,manag,move,owner,plan,pre,pre-construct,project,space}"
Forex CFD Account Manager | Malay Speaking,TMGM,"",Australia,"&nbsp;...trading provider. We embody excellence through a commitment to regulatory compliance, technological innovation, and unparalleled <b>customer </b>service. 
 At TMGM, our vision goes beyond providing a platform for trading; we aspire to empower our clients with the best trading...&nbsp;",customer insights analyst,swooped.co,2025-08-12 00:00:00.000 +0700,not_specified,Forex CFD Account Manager | Malay Speaking,"...trading provider. We embody excellence through a commitment to regulatory compliance, technological innovation, and unparalleled customer service.  At TMGM, our vision goes beyond providing a platform for trading; we aspire to empower our clients with the best trading...",trading provider we embody excellence through a commitment to regulatory compliance technological innovation and unparalleled customer service at tmgm our vision goes beyond providing a platform for trading we aspire to empower our clients with the best trading,"'aspir':31 'best':38 'beyond':24 'client':35 'commit':8 'complianc':11 'custom':16 'embodi':4 'empow':33 'excel':5 'goe':23 'innov':13 'platform':27 'provid':2,25 'regulatori':10 'servic':17 'technolog':12 'tmgm':20 'trade':1,29,39 'unparallel':15 'vision':22 ' ':18","{aspir,best,beyond,client,commit,complianc,custom,embodi,empow,excel,goe,innov,platform,provid,regulatori,servic,technolog,tmgm,trade,unparallel,vision, }"
Compliance Officer,CoinJar,"",Australia,"&nbsp;...ensures CoinJar meets its regulatory requirements whilst enabling the business to achieve its strategic objectives and fostering best <b>customer </b>outcomes. As we continue to expand our cryptocurrency business, we're seeking a dedicated Compliance Officer to strengthen our...&nbsp;",customer insights analyst,swooped.co,2025-09-15 00:00:00.000 +0700,not_specified,Compliance Officer,"...ensures CoinJar meets its regulatory requirements whilst enabling the business to achieve its strategic objectives and fostering best customer outcomes. As we continue to expand our cryptocurrency business, we're seeking a dedicated Compliance Officer to strengthen our...",ensures coinjar meets its regulatory requirements whilst enabling the business to achieve its strategic objectives and fostering best customer outcomes as we continue to expand our cryptocurrency business we re seeking a dedicated compliance officer to strengthen our,"'achiev':12 'best':18 'busi':10,28 'coinjar':2 'complianc':34 'continu':23 'cryptocurr':27 'custom':19 'dedic':33 'enabl':8 'ensur':1 'expand':25 'foster':17 'meet':3 'object':15 'offic':35 'outcom':20 're':30 'regulatori':5 'requir':6 'seek':31 'strateg':14 'strengthen':37 'whilst':7","{achiev,best,busi,coinjar,complianc,continu,cryptocurr,custom,dedic,enabl,ensur,expand,foster,meet,object,offic,outcom,re,regulatori,requir,seek,strateg,strengthen,whilst}"
Retail Sales Assistant- Monee Ponds (Full Time),Resmed,"",Australia,"&nbsp;...independently or in a team and has a positive attitude. 

 About the Role 
 The ideal candidate should have a strong retail sales and <b>customer </b>service focus, with empathy, compassion and a drive to deliver the best outcome. 
 Some of the tasks the successful candidate...&nbsp;",customer insights analyst,swooped.co,2025-08-13 00:00:00.000 +0700,not_specified,Retail Sales Assistant- Monee Ponds (Full Time),"...independently or in a team and has a positive attitude.  About the Role The ideal candidate should have a strong retail sales and customer service focus, with empathy, compassion and a drive to deliver the best outcome. Some of the tasks the successful candidate...",independently or in a team and has a positive attitude about the role the ideal candidate should have a strong retail sales and customer service focus with empathy compassion and a drive to deliver the best outcome some of the tasks the successful candidate,"'attitud':10 'best':37 'candid':17,45 'compass':30 'custom':25 'deliv':35 'drive':33 'empathi':29 'focus':27 'ideal':16 'independ':1 'outcom':38 'posit':9 'retail':22 'role':14 'sale':23 'servic':26 'strong':21 'success':44 'task':42 'team':5 ' ':11","{attitud,best,candid,compass,custom,deliv,drive,empathi,focus,ideal,independ,outcom,posit,retail,role,sale,servic,strong,success,task,team, }"
State Sales Manager,XPENG,"",Australia,"&nbsp;...responsible for driving sales performance, supporting dealer partners, building brand presence, and ensuring XPENG delivers a premium <b>customer </b>experience across Western Australia. 

 ROLE SUMMARY 
 As State Manager – WA, you will be responsible for managing and growing...&nbsp;",customer insights analyst,ev.careers,2026-07-22 19:38:38.283 +0700,full_time,State Sales Manager,"...responsible for driving sales performance, supporting dealer partners, building brand presence, and ensuring XPENG delivers a premium customer experience across Western Australia. ROLE SUMMARY As State Manager – WA, you will be responsible for managing and growing...",responsible for driving sales performance supporting dealer partners building brand presence and ensuring xpeng delivers a premium customer experience across western australia role summary as state manager wa you will be responsible for managing and growing,"'across':20 'australia':22 'brand':10 'build':9 'custom':18 'dealer':7 'deliv':15 'drive':3 'ensur':13 'experi':19 'grow':37 'manag':27,35 'partner':8 'perform':5 'premium':17 'presenc':11 'respons':1,33 'role':23 'sale':4 'state':26 'summari':24 'support':6 'wa':29 'western':21 'xpeng':14 '–':28","{across,australia,brand,build,custom,dealer,deliv,drive,ensur,experi,grow,manag,partner,perform,premium,presenc,respons,role,sale,state,summari,support,wa,western,xpeng,–}"
Growth Manager,OKX,"",Australia,"&nbsp;...and in-platform communications. 
 Develop segmentation strategies to acquire, engage, retain, and reactivate users, including VIP <b>customer </b>segments. 
 Build and manage campaigns using internal marketing platforms and tools. 
 Support the planning and execution of...&nbsp;",customer insights analyst,decentrajobs.com,2026-07-02 05:07:58.890 +0700,full_time,Growth Manager,"...and in-platform communications. Develop segmentation strategies to acquire, engage, retain, and reactivate users, including VIP customer segments. Build and manage campaigns using internal marketing platforms and tools. Support the planning and execution of...",and in platform communications develop segmentation strategies to acquire engage retain and reactivate users including vip customer segments build and manage campaigns using internal marketing platforms and tools support the planning and execution of,"'acquir':10 'build':20 'campaign':23 'communic':5 'custom':18 'develop':6 'engag':11 'execut':34 'in-platform':2 'includ':16 'intern':25 'manag':22 'market':26 'plan':32 'platform':4,27 'reactiv':14 'retain':12 'segment':7,19 'strategi':8 'support':30 'tool':29 'use':24 'user':15 'vip':17","{acquir,build,campaign,communic,custom,develop,engag,execut,in-platform,includ,intern,manag,market,plan,platform,reactiv,retain,segment,strategi,support,tool,use,user,vip}"
Trainee/Licenced - Pest Control Technician,Rentokil Initial,"",Australia,"&nbsp;...could be what you’re looking for. 
 As a pest control technician, you’ll be responsible for working with commercial and residential <b>customers </b>in and around the Sydney area to keep their premises pest-free. 
 So, if you are a natural-born problem solver who values...&nbsp;",customer insights analyst,swooped.co,2025-09-03 00:00:00.000 +0700,not_specified,Trainee/Licenced - Pest Control Technician,"...could be what you’re looking for. As a pest control technician, you’ll be responsible for working with commercial and residential customers in and around the Sydney area to keep their premises pest-free. So, if you are a natural-born problem solver who values...",could be what you re looking for as a pest control technician you ll be responsible for working with commercial and residential customers in and around the sydney area to keep their premises pest free so if you are a natural born problem solver who values,"'area':27 'around':24 'born':42 'commerci':18 'control':10 'could':1 'custom':21 'free':34 'keep':29 'look':5 'natur':41 'natural-born':40 'pest':9,33 'pest-fre':32 'premis':31 'problem':43 'residenti':20 'respons':14 'solver':44 'sydney':26 'technician':11 'valu':46 'work':16 'you’ll':12 'you’r':4","{area,around,born,commerci,control,could,custom,free,keep,look,natur,natural-born,pest,pest-fre,premis,problem,residenti,respons,solver,sydney,technician,valu,work,you’ll,you’r}"
CNC Supervisor,Resmed,"",Australia,"&nbsp;...Within the Precision Tooling Department, we are working to deliver high quality LSR injection moulds and automation to our internal <b>customers </b>using the latest industrial technology. 
 The CNC Supervisor is responsible for leading a team of CNC machinists and operators,...&nbsp;",customer insights analyst,swooped.co,2025-09-19 00:00:00.000 +0700,not_specified,CNC Supervisor,"...Within the Precision Tooling Department, we are working to deliver high quality LSR injection moulds and automation to our internal customers using the latest industrial technology. The CNC Supervisor is responsible for leading a team of CNC machinists and operators,...",within the precision tooling department we are working to deliver high quality lsr injection moulds and automation to our internal customers using the latest industrial technology the cnc supervisor is responsible for leading a team of cnc machinists and operators,"'autom':17 'cnc':28,37 'custom':21 'deliv':10 'depart':5 'high':11 'industri':25 'inject':14 'intern':20 'latest':24 'lead':33 'lsr':13 'machinist':38 'mould':15 'oper':40 'precis':3 'qualiti':12 'respons':31 'supervisor':29 'team':35 'technolog':26 'tool':4 'use':22 'within':1 'work':8","{autom,cnc,custom,deliv,depart,high,industri,inject,intern,latest,lead,lsr,machinist,mould,oper,precis,qualiti,respons,supervisor,team,technolog,tool,use,within,work}"
"Director, Account Management - Pacific Islands",Mastercard,"",Australia,"&nbsp;...Our Purpose  Mastercard powers economies and empowers people in 200+ countries and territories worldwide. Together with our <b>customers,</b> we’re helping build a sustainable economy where everyone can prosper. We support a wide range of digital payments choices, making transactions...&nbsp;",customer insights analyst,decentrajobs.com,2026-07-06 02:45:39.307 +0700,full_time,Director,"...Our Purpose Mastercard powers economies and empowers people in 200+ countries and territories worldwide. Together with our customers, we’re helping build a sustainable economy where everyone can prosper. We support a wide range of digital payments choices, making transactions...",our purpose mastercard powers economies and empowers people in countries and territories worldwide together with our customers we re helping build a sustainable economy where everyone can prosper we support a wide range of digital payments choices making transactions,'200':10 'a sustainable economi':22 'build':21 'choic':35 'countri':11 'custom':18 'digit':33 'economi':5 'empow':7 'everyon':24 'help':20 'make':36 'mastercard':3 'payment':34 'peopl':8 'power':4 'prosper':26 'purpos':2 'rang':31 'support':28 'territori':13 'togeth':15 'transact':37 'we’r':19 'wide':30 'worldwid':14,"{200,a sustainable economi,build,choic,countri,custom,digit,economi,empow,everyon,help,make,mastercard,payment,peopl,power,prosper,purpos,rang,support,territori,togeth,transact,we’r,wide,worldwid}"
Workday Consulting Services Manager,"Collaborative Solutions, LLC","",Australia,"&nbsp;...management of a diverse, remote team of consultants supporting Workday applications. 
• Drive team and individuals to achieve high <b>customer </b>satisfaction levels. 
• Ability to establish immediate credibility with clients and within the company; can build consensus and...&nbsp;",customer insights analyst,swooped.co,2025-08-13 00:00:00.000 +0700,not_specified,Workday Consulting Services Manager,"...management of a diverse, remote team of consultants supporting Workday applications. • Drive team and individuals to achieve high customer satisfaction levels. • Ability to establish immediate credibility with clients and within the company; can build consensus and...",management of a diverse remote team of consultants supporting workday applications drive team and individuals to achieve high customer satisfaction levels ability to establish immediate credibility with clients and within the company can build consensus and,"'abil':23 'achiev':18 'applic':11 'build':34 'client':29 'consensus':35 'consult':8 'credibl':27 'custom':20 'divers':4 'drive':13 'establish':25 'high':19 'immedi':26 'individu':16 'manag':1 'satisfaction level':21 'support':9 'team':6,14 'the compani':32 'within':31 'workday':10 ' remot':5 '•':12,22","{abil,achiev,applic,build,client,consensus,consult,credibl,custom,divers,drive,establish,high,immedi,individu,manag,satisfaction level,support,team,the compani,within,workday, remot,•}"
Product & Strategy Director,OKX,"",Australia,"&nbsp;.... Instead, you’ll sit at the intersection of product strategy, <b>customer </b>engagement, and commercial growth, helping ensure our global product...&nbsp;&nbsp;...and influencing global product priorities through customer <b>insights,</b> commercial opportunities, and market trends 
 Develop a deep...&nbsp;",customer insights analyst,decentrajobs.com,2026-07-20 08:16:33.187 +0700,full_time,Product & Strategy Director,".... Instead, you’ll sit at the intersection of product strategy, customer engagement, and commercial growth, helping ensure our global product... ...and influencing global product priorities through customer insights, commercial opportunities, and market trends Develop a deep...",instead you ll sit at the intersection of product strategy customer engagement and commercial growth helping ensure our global product and influencing global product priorities through customer insights commercial opportunities and market trends develop a deep,"'commerci':13,28 'custom':10,26 'deep':35 'develop':33 'engag':11 'ensur':16 'global':18,22 'growth':14 'help':15 'influenc':21 'insight':27 'instead':1 'intersect':6 'market':31 'opportun':29 'prioriti':24 'product':8,19,23 'sit':3 'strategi':9 'trend':32 'you’ll':2","{commerci,custom,deep,develop,engag,ensur,global,growth,help,influenc,insight,instead,intersect,market,opportun,prioriti,product,sit,strategi,trend,you’ll}"
SOC Analyst,Volexity,"",Australia,"&nbsp;...Volexity’s Security Operation Center (SOC) <b>Analysts </b>work to protect organizations from a wide variety of threats, ranging from commodity...&nbsp;&nbsp;..., and other log sources 
 Threat hunting across Volexity’s <b>customer </b>base to look for new or previously undetected threats 
 Creating...&nbsp;",customer insights analyst,hireskys.com,2026-07-25 02:49:37.647 +0700,full_time,SOC Analyst,"...Volexity’s Security Operation Center (SOC) Analysts work to protect organizations from a wide variety of threats, ranging from commodity... ..., and other log sources Threat hunting across Volexity’s customer base to look for new or previously undetected threats Creating...",volexity s security operation center soc analysts work to protect organizations from a wide variety of threats ranging from commodity and other log sources threat hunting across volexity s customer base to look for new or previously undetected threats creating,"'across':26 'analyst':6 'base':29 'center':4 'commod':19 'creat':38 'custom':28 'hunt':25 'log':22 'look':31 'new':33 'oper':3 'organ':10 'previous':35 'protect':9 'rang':17 'secur':2 'soc':5 'sourc':23 'threat':16,24,37 'undetect':36 'varieti':14 'volexity’':1,27 'wide':13 'work':7","{across,analyst,base,center,commod,creat,custom,hunt,log,look,new,oper,organ,previous,protect,rang,secur,soc,sourc,threat,undetect,varieti,volexity’,wide,work}"
"Strategic Sales Director, Australia",Cresta,"",Australia,"&nbsp;...Cresta is on a mission to turn every <b>customer </b>conversation into a competitive advantage by unlocking the true potential of the contact...&nbsp;&nbsp;...and human intelligence to help contact centers discover customer <b>insights </b>and behavioral best practices, automate conversations and...&nbsp;",customer insights analyst,swooped.co,2025-08-30 00:00:00.000 +0700,not_specified,Strategic Sales Director,"...Cresta is on a mission to turn every customer conversation into a competitive advantage by unlocking the true potential of the contact... ...and human intelligence to help contact centers discover customer insights and behavioral best practices, automate conversations and...",cresta is on a mission to turn every customer conversation into a competitive advantage by unlocking the true potential of the contact and human intelligence to help contact centers discover customer insights and behavioral best practices automate conversations and,"'advantag':14 'autom':37 'behavior':34 'best':35 'center':29 'competit':13 'contact':22,28 'convers':10,38 'cresta':1 'custom':9,31 'discov':30 'everi':8 'help':27 'human':24 'insight':32 'intellig':25 'mission':5 'potenti':19 'practic':36 'true':18 'turn':7 'unlock':16","{advantag,autom,behavior,best,center,competit,contact,convers,cresta,custom,discov,everi,help,human,insight,intellig,mission,potenti,practic,true,turn,unlock}"
CFD Equity Account Manager | Mandarin Speaking,TMGM,"",Australia,"&nbsp;...Hong Kong stock markets, conducting in-depth analysis to provide clients with professional <b>insights </b>and trading opportunities. 
 Client Service 
 Deliver outstanding <b>customer </b>service via multiple channels (phone, email, online chat) to ensure high client satisfaction...&nbsp;",customer insights analyst,swooped.co,2025-08-12 00:00:00.000 +0700,not_specified,CFD Equity Account Manager | Mandarin Speaking,"...Hong Kong stock markets, conducting in-depth analysis to provide clients with professional insights and trading opportunities. Client Service Deliver outstanding customer service via multiple channels (phone, email, online chat) to ensure high client satisfaction...",hong kong stock markets conducting in depth analysis to provide clients with professional insights and trading opportunities client service deliver outstanding customer service via multiple channels phone email online chat to ensure high client satisfaction,"'analysi':9 'channel':27 'chat':31 'client':12,19,35 'conduct':5 'custom':23 'deliv':21 'depth':8 'email':29 'ensur':33 'high':34 'hong':1 'in-depth':6 'insight':15 'kong':2 'market':4 'multipl':26 'onlin':30 'opportun':18 'outstand':22 'phone':28 'profession':14 'provid':11 'satisfact':36 'servic':20,24 'stock':3 'trade':17 'via':25","{analysi,channel,chat,client,conduct,custom,deliv,depth,email,ensur,high,hong,in-depth,insight,kong,market,multipl,onlin,opportun,outstand,phone,profession,provid,satisfact,servic,stock,trade,via}"
Civil Engineer,Invictus People,$110k,Australia," A growing multidisciplinary engineering consultancy is looking for a Civil Engineer to take ownership of projects across land development, stormwater, civil infrastructure, and site civils for commercial and residential developments. This is a hands on design and delivery...",workforce analyst,atzcrm.com,2026-05-11 07:46:41.717 +0700,not_specified,Civil Engineer,"A growing multidisciplinary engineering consultancy is looking for a Civil Engineer to take ownership of projects across land development, stormwater, civil infrastructure, and site civils for commercial and residential developments. This is a hands on design and delivery...",a growing multidisciplinary engineering consultancy is looking for a civil engineer to take ownership of projects across land development stormwater civil infrastructure and site civils for commercial and residential developments this is a hands on design and delivery,"'across':17 'civil':10,21,25 'commerci':27 'consult':5 'deliveri':38 'design':36 'develop':19,30 'engin':4,11 'grow':2 'hand':34 'infrastructur':22 'land':18 'look':7 'multidisciplinari':3 'ownership':14 'project':16 'residenti':29 'site':24 'stormwat':20 'take':13","{across,civil,commerci,consult,deliveri,design,develop,engin,grow,hand,infrastructur,land,look,multidisciplinari,ownership,project,residenti,site,stormwat,take}"
"Manager, Accounting",Mastercard,"",Australia,"&nbsp;...in 200+ countries and territories worldwide. Together with our <b>customers,</b> we’re helping build a sustainable economy where everyone can...&nbsp;&nbsp;...Analytical mindset with the ability to interpret data, generate <b>insights,</b> and make data-driven decisions. 
• Strong problem-solving...&nbsp;",customer insights analyst,decentrajobs.com,2026-07-20 08:16:32.503 +0700,full_time,Manager,"...in 200+ countries and territories worldwide. Together with our customers, we’re helping build a sustainable economy where everyone can... ...Analytical mindset with the ability to interpret data, generate insights, and make data-driven decisions. • Strong problem-solving...",in countries and territories worldwide together with our customers we re helping build a sustainable economy where everyone can analytical mindset with the ability to interpret data generate insights and make data driven decisions strong problem solving,"'200':2 'abil':22 'analyt':18 'a sustainable economi':14 'build':13 'countri':3 'custom':10 'data':25,31 'data-driven':30 'decis':33 'driven':32 'everyon':16 'generat':26 'help':12 'insight':27 'interpret':24 'make':29 'mindset':19 'problem':37 'problem-solv':36 'solv':38 'strong':35 'territori':5 'togeth':7 'we’r':11 'worldwid':6 '•':34","{200,abil,analyt,a sustainable economi,build,countri,custom,data,data-driven,decis,driven,everyon,generat,help,insight,interpret,make,mindset,problem,problem-solv,solv,strong,territori,togeth,we’r,worldwid,•}"
Pharmacy Sales Representative,Viatris,"",Australia,"&nbsp;...OTC pharmacy products within a defined territory of supporting <b>customers </b>and acquisition targets; 
 Maintain loyalty of 1st line...&nbsp;&nbsp;...account; 
 Facilitate a 1st class sales experience using business <b>insights,</b> analytics & innovative deal-level strategies; 
 Acknowledge...&nbsp;",customer insights analyst,swooped.co,2025-08-12 00:00:00.000 +0700,not_specified,Pharmacy Sales Representative,"...OTC pharmacy products within a defined territory of supporting customers and acquisition targets; Maintain loyalty of 1st line... ...account; Facilitate a 1st class sales experience using business insights, analytics & innovative deal-level strategies; Acknowledge...",otc pharmacy products within a defined territory of supporting customers and acquisition targets maintain loyalty of st line account facilitate a st class sales experience using business insights analytics innovative deal level strategies acknowledge,"'1st':17,22 'account':19 'acknowledg':35 'acquisit':12 'analyt':29 'busi':27 'class':23 'custom':10 'deal':32 'deal-level':31 'defin':6 'experi':25 'facilit':20 'innov':30 'insight':28 'level':33 'line':18 'loyalti':15 'maintain':14 'otc':1 'pharmaci':2 'product':3 'sale':24 'strategi':34 'support':9 'target':13 'territori':7 'use':26 'within':4","{1st,account,acknowledg,acquisit,analyt,busi,class,custom,deal,deal-level,defin,experi,facilit,innov,insight,level,line,loyalti,maintain,otc,pharmaci,product,sale,strategi,support,target,territori,use,within}"
"Senior Analyst, Business Development (Identity & Security Specialist Sales)",Mastercard,"",Australia,"&nbsp;...territories worldwide. Together with our <b>customers,</b> we’re helping build a sustainable...&nbsp;&nbsp;...greatest potential.  Title and Summary  Senior <b>Analyst,</b> Business Development (Identity &...&nbsp;&nbsp;...unique and proprietary data, technology, <b>insights </b>and expertise into a single organization...&nbsp;",customer insights analyst,decentrajobs.com,2026-06-05 03:50:40.853 +0700,full_time,Senior Analyst,"...territories worldwide. Together with our customers, we’re helping build a sustainable... ...greatest potential. Title and Summary Senior Analyst, Business Development (Identity &... ...unique and proprietary data, technology, insights and expertise into a single organization...",territories worldwide together with our customers we re helping build a sustainable greatest potential title and summary senior analyst business development identity unique and proprietary data technology insights and expertise into a single organization,'analyst':17 'a sustain':10 'build':9 'busi':18 'custom':6 'data':24 'develop':19 'expertis':28 'greatest':11 'help':8 'ident':20 'insight':26 'organ':32 'potenti':12 'proprietari':23 'senior':16 'singl':31 'summari':15 'technolog':25 'territori':1 'titl':13 'togeth':3 'uniqu':21 'we’r':7 'worldwid':2,"{analyst,a sustain,build,busi,custom,data,develop,expertis,greatest,help,ident,insight,organ,potenti,proprietari,senior,singl,summari,technolog,territori,titl,togeth,uniqu,we’r,worldwid}"
Customer Service Representative (Fixed term 12 Months),Resmed,"",Australia,"&nbsp;...Role Overview 
 The primary role of a   <b>Customer </b>Service Representative in the   Customer Care Team is to deliver exceptional customer...&nbsp;&nbsp;...resolutions and follow-ups. 
 Provide performance metrics and <b>insights </b>to management as required. 

 Support Scope 
 Customer Service...&nbsp;",customer insights analyst,swooped.co,2025-09-22 00:00:00.000 +0700,not_specified,Customer Service Representative (Fixed term 12 Months),...Role Overview The primary role of a  Customer Service Representative in the  Customer Care Team is to deliver exceptional customer... ...resolutions and follow-ups. Provide performance metrics and insights to management as required. Support Scope Customer Service...,role overview the primary role of a customer service representative in the customer care team is to deliver exceptional customer resolutions and follow ups provide performance metrics and insights to management as required support scope customer service,"'a ':7 'care':14 'custom':8,13,20,37 'deliv':18 'except':19 'follow':24 'follow-up':23 'insight':30 'manag':32 'metric':28 'overview':2 'perform':27 'primari':4 'provid':26 'repres':10 'requir':34 'resolut':21 'role':1,5 'scope':36 'servic':9,38 'support':35 'team':15 'the ':12 'up':25","{a ,care,custom,deliv,except,follow,follow-up,insight,manag,metric,overview,perform,primari,provid,repres,requir,resolut,role,scope,servic,support,team,the ,up}"
"Vice President, Head of Corporate Solutions Business Development, ANZ",Mastercard,"",Australia,"&nbsp;...Our Purpose  Mastercard powers economies and empowers people in 200+ countries and territories worldwide. Together with our <b>customers,</b> we’re helping build a sustainable economy where everyone can prosper. We support a wide range of digital payments choices, making transactions...&nbsp;",customer insights analyst,decentrajobs.com,2026-07-09 04:44:42.847 +0700,full_time,Vice President,"...Our Purpose Mastercard powers economies and empowers people in 200+ countries and territories worldwide. Together with our customers, we’re helping build a sustainable economy where everyone can prosper. We support a wide range of digital payments choices, making transactions...",our purpose mastercard powers economies and empowers people in countries and territories worldwide together with our customers we re helping build a sustainable economy where everyone can prosper we support a wide range of digital payments choices making transactions,'200':10 'a sustainable economi':22 'build':21 'choic':35 'countri':11 'custom':18 'digit':33 'economi':5 'empow':7 'everyon':24 'help':20 'make':36 'mastercard':3 'payment':34 'peopl':8 'power':4 'prosper':26 'purpos':2 'rang':31 'support':28 'territori':13 'togeth':15 'transact':37 'we’r':19 'wide':30 'worldwid':14,"{200,a sustainable economi,build,choic,countri,custom,digit,economi,empow,everyon,help,make,mastercard,payment,peopl,power,prosper,purpos,rang,support,territori,togeth,transact,we’r,wide,worldwid}"
Forex CFD Account Manager I Mandarin Speaking,TMGM,"",Australia,"&nbsp;...pipelines. 
 Build and nurture relationships with new clients to foster long-term partnerships 
 Client Service: 
 Deliver exceptional <b>customer </b>service across various communication channels to ensure client satisfaction. 
 Please respond quickly and professionally to...&nbsp;",customer insights analyst,swooped.co,2025-08-12 00:00:00.000 +0700,not_specified,Forex CFD Account Manager I Mandarin Speaking,...pipelines. Build and nurture relationships with new clients to foster long-term partnerships Client Service: Deliver exceptional customer service across various communication channels to ensure client satisfaction. Please respond quickly and professionally to...,pipelines build and nurture relationships with new clients to foster long term partnerships client service deliver exceptional customer service across various communication channels to ensure client satisfaction please respond quickly and professionally to,"'across':21 'build':2 'channel':24 'client':8,15,27 'communic':23 'custom':19 'deliv':17 'ensur':26 'except':18 'foster':10 'long':12 'long-term':11 'new':7 'nurtur':4 'partnership':14 'pipelin':1 'pleas':29 'profession':33 'quick':31 'relationship':5 'respond':30 'satisfact':28 'servic':16,20 'term':13 'various':22","{across,build,channel,client,communic,custom,deliv,ensur,except,foster,long,long-term,new,nurtur,partnership,pipelin,pleas,profession,quick,relationship,respond,satisfact,servic,term,various}"
Enterprise Operations Analyst II,Mastercard,"",Australia,"&nbsp;...in 200+ countries and territories worldwide. Together with our <b>customers,</b> we’re helping build a sustainable economy where everyone can prosper...&nbsp;&nbsp;...greatest potential.  Title and Summary  Enterprise Operations <b>Analyst </b>II 
 Job Overview: Provide technical support for MasterCard’s...&nbsp;",customer insights analyst,decentrajobs.com,2026-07-08 03:06:03.293 +0700,full_time,Enterprise Operations Analyst II,"...in 200+ countries and territories worldwide. Together with our customers, we’re helping build a sustainable economy where everyone can prosper... ...greatest potential. Title and Summary Enterprise Operations Analyst II Job Overview: Provide technical support for MasterCard’s...",in countries and territories worldwide together with our customers we re helping build a sustainable economy where everyone can prosper greatest potential title and summary enterprise operations analyst ii job overview provide technical support for mastercard s,'200':2 'analyst':26 'a sustainable economi':14 'build':13 'countri':3 'custom':10 'enterpris':24 'everyon':16 'greatest':19 'help':12 'ii':27 'job':28 'mastercard’':34 'oper':25 'overview':29 'potenti':20 'prosper':18 'provid':30 'summari':23 'support':32 'technic':31 'territori':5 'titl':21 'togeth':7 'we’r':11 'worldwid':6,"{200,analyst,a sustainable economi,build,countri,custom,enterpris,everyon,greatest,help,ii,job,mastercard’,oper,overview,potenti,prosper,provid,summari,support,technic,territori,titl,togeth,we’r,worldwid}"
Affiliate BD Manager,OKX,"",Australia,"&nbsp;...leaders, influencers, trading groups, websites, event organisers, professionals in relevant industries, and other companies serving <b>customer </b>bases with related interests. 
 Build the business case for signing affiliates and partners to work with OKX online and at in...&nbsp;",customer insights analyst,decentrajobs.com,2026-07-23 09:24:54.673 +0700,full_time,Affiliate BD Manager,"...leaders, influencers, trading groups, websites, event organisers, professionals in relevant industries, and other companies serving customer bases with related interests.  Build the business case for signing affiliates and partners to work with OKX online and at in...",leaders influencers trading groups websites event organisers professionals in relevant industries and other companies serving customer bases with related interests build the business case for signing affiliates and partners to work with okx online and at in,'affili':28 'base':17 'build':22 'busi':24 'case':25 'compani':14 'custom':16 'event':6 'group':4 'industri':11 'influenc':2 'interest':20 'leader':1 'okx':34 'onlin':35 'organis':7 'partner':30 'profession':8 'relat':19 'relev':10 'serv':15 'sign':27 'trade':3 'websit':5 'work':32 ' ':21,"{affili,base,build,busi,case,compani,custom,event,group,industri,influenc,interest,leader,okx,onlin,organis,partner,profession,relat,relev,serv,sign,trade,websit,work, }"
IT Security Analyst,Fender,"",Australia,"&nbsp;...Instruments Corporation (""FMIC"") is seeking an experienced IT Security <b>Analyst </b>to join our team in Sydney, Australia. Working within the...&nbsp;&nbsp;...threats and technologies. 
~ Team-oriented with strong <b>customer </b>service focus and willingness to work flexible hours where required...&nbsp;",customer insights analyst,swooped.co,2025-09-06 00:00:00.000 +0700,not_specified,IT Security Analyst,"...Instruments Corporation (""FMIC"") is seeking an experienced IT Security Analyst  to join our team in Sydney, Australia. Working within the... ...threats and technologies. ~ Team-oriented with strong customer service focus and willingness to work flexible hours where required...",instruments corporation fmic is seeking an experienced it security analyst to join our team in sydney australia working within the threats and technologies team oriented with strong customer service focus and willingness to work flexible hours where required,"'analyst ':9 'australia':15 'corpor':2 'custom':27 'experienced it':7 'flexibl':34 'fmic':3 'focus':29 'hour':35 'instrument':1 'in sydney':14 'join':11 'orient':24 'requir':37 'secur':8 'seek':5 'servic':28 'strong':26 'team':13,23 'team-ori':22 'technolog':21 'threat':19 'willing':31 'within':17 'work':16,33","{analyst ,australia,corpor,custom,experienced it,flexibl,fmic,focus,hour,instrument,in sydney,join,orient,requir,secur,seek,servic,strong,team,team-ori,technolog,threat,willing,within,work}"
Regional Partner Manager - MSP,Lastpass,"",Australia,"&nbsp;...Focused on execution and impact, we work closely with MSP partners to grow adoption, accelerate revenue, and deliver outstanding <b>customer </b>outcomes. Collaboration is core - across Sales, Marketing, and Product - and we move with urgency to turn partnership into competitive...&nbsp;",customer insights analyst,hireskys.com,2026-07-23 19:54:25.597 +0700,full_time,Regional Partner Manager - MSP,"...Focused on execution and impact, we work closely with MSP partners to grow adoption, accelerate revenue, and deliver outstanding customer outcomes. Collaboration is core - across Sales, Marketing, and Product - and we move with urgency to turn partnership into competitive...",focused on execution and impact we work closely with msp partners to grow adoption accelerate revenue and deliver outstanding customer outcomes collaboration is core across sales marketing and product and we move with urgency to turn partnership into competitive,'acceler':15 'across':25 'adopt':14 'close':8 'collabor':22 'competit':39 'core':24 'custom':20 'deliv':18 'execut':3 'focus':1 'grow':13 'impact':5 'market':27 'move':32 'msp':10 'outcom':21 'outstand':19 'partner':11 'partnership':37 'product':29 'revenu':16 'sale':26 'turn':36 'urgenc':34 'work':7,"{acceler,across,adopt,close,collabor,competit,core,custom,deliv,execut,focus,grow,impact,market,move,msp,outcom,outstand,partner,partnership,product,revenu,sale,turn,urgenc,work}"
Leading Hand,SD Guthrie Berhad,"",Australia,"&nbsp;...facilitate regular communication sessions and promote a positive, collaborative team culture. 
 Liaise across departments and keep <b>customers </b>informed – coordinate with internal stakeholders to ensure efficient workflow and smooth progression of jobs and involve customers...&nbsp;",customer insights analyst,swooped.co,2026-02-27 00:00:00.000 +0700,not_specified,Leading Hand,"...facilitate regular communication sessions and promote a positive, collaborative team culture. Liaise across departments and keep customers informed – coordinate with internal stakeholders to ensure efficient workflow and smooth progression of jobs and involve customers...",facilitate regular communication sessions and promote a positive collaborative team culture liaise across departments and keep customers informed coordinate with internal stakeholders to ensure efficient workflow and smooth progression of jobs and involve customers,"'across':13 'collabor':9 'communic':3 'coordin':20 'cultur':11 'custom':17,35 'depart':14 'effici':26 'ensur':25 'facilit':1 'inform':18 'intern':22 'involv':34 'job':32 'keep':16 'liais':12 'posit':8 'progress':30 'promot':6 'regular':2 'session':4 'smooth':29 'stakehold':23 'team':10 'workflow':27 '–':19","{across,collabor,communic,coordin,cultur,custom,depart,effici,ensur,facilit,inform,intern,involv,job,keep,liais,posit,progress,promot,regular,session,smooth,stakehold,team,workflow,–}"
Regional Technical Specialist,BYD,"",Australia,"&nbsp;...ensuring continuous improvement in both technical performance and <b>customer </b>satisfaction. 

 Key Responsibilities 
 Respond promptly to...&nbsp;&nbsp;...as the ""eyes and ears"" in the field, providing feedback and <b>insights </b>to the Aftersales team. 
 Monitor technician competency levels...&nbsp;",customer insights analyst,ev.careers,2026-06-30 19:38:38.017 +0700,full_time,Regional Technical Specialist,"...ensuring continuous improvement in both technical performance and customer satisfaction. Key Responsibilities Respond promptly to... ...as the ""eyes and ears"" in the field, providing feedback and insights to the Aftersales team. Monitor technician competency levels...",ensuring continuous improvement in both technical performance and customer satisfaction key responsibilities respond promptly to as the eyes and ears in the field providing feedback and insights to the aftersales team monitor technician competency levels,'aftersal':30 'compet':34 'continu':2 'custom':9 'ear':20 'ensur':1 'eye':18 'feedback':25 'field':23 'improv':3 'insight':27 'key':11 'level':35 'monitor':32 'perform':7 'prompt':14 'provid':24 'respond':13 'respons':12 'satisfact':10 'team':31 'technic':6 'technician':33,"{aftersal,compet,continu,custom,ear,ensur,eye,feedback,field,improv,insight,key,level,monitor,perform,prompt,provid,respond,respons,satisfact,team,technic,technician}"
Account Manager,Podium,$600 per month,Australia,"&nbsp;...mission is to arm every local business with a complete platform and outcome-driven AI employees that convert leads into real, paying <b>customers.</b> Every day, millions of workers use our AI lead conversion and communication platform to help them get more leads and make more...&nbsp;",customer insights analyst,swooped.co,2025-08-01 00:00:00.000 +0700,not_specified,Account Manager,"...mission is to arm every local business with a complete platform and outcome-driven AI employees that convert leads into real, paying customers. Every day, millions of workers use our AI lead conversion and communication platform to help them get more leads and make more...",mission is to arm every local business with a complete platform and outcome driven ai employees that convert leads into real paying customers every day millions of workers use our ai lead conversion and communication platform to help them get more leads and make more,"'ai':16,32 'arm':4 'busi':7 'communic':36 'complet':10 'convers':34 'convert':19 'custom':24 'day':26 'driven':15 'employe':17 'everi':5,25 'get':41 'help':39 'lead':20,33,43 'local':6 'make':45 'million':27 'mission':1 'outcom':14 'outcome-driven':13 'pay':23 'platform':11,37 'real':22 'use':30 'worker':29","{ai,arm,busi,communic,complet,convers,convert,custom,day,driven,employe,everi,get,help,lead,local,make,million,mission,outcom,outcome-driven,pay,platform,real,use,worker}"
"Senior Underwriter, Property",Arch Insurance Group Inc.,"",Australia,"&nbsp;...contribution to tangible book value for Arch. 
 Maintain and develop key broker relationships through consistent visitation, ensuring that <b>customer </b>service is provided on high level. 
 Provide timely service of requests and ensure administration of tasks in timely manner....&nbsp;",customer insights analyst,swooped.co,2025-08-13 00:00:00.000 +0700,not_specified,Senior Underwriter,"...contribution to tangible book value for Arch. Maintain and develop key broker relationships through consistent visitation, ensuring that customer service is provided on high level. Provide timely service of requests and ensure administration of tasks in timely manner....",contribution to tangible book value for arch maintain and develop key broker relationships through consistent visitation ensuring that customer service is provided on high level provide timely service of requests and ensure administration of tasks in timely manner,"'administr':33 'arch':7 'book':4 'broker':12 'consist':15 'contribut':1 'custom':19 'develop':10 'ensur':17,32 'high':24 'key':11 'level':25 'maintain':8 'manner':38 'provid':22,26 'relationship':13 'request':30 'servic':20,28 'tangibl':3 'task':35 'time':27,37 'valu':5 'visit':16","{administr,arch,book,broker,consist,contribut,custom,develop,ensur,high,key,level,maintain,manner,provid,relationship,request,servic,tangibl,task,time,valu,visit}"
VIP Relationship Manager,OKX,"",Australia,"&nbsp;...any partnership negotiations 
 Manage relationships with high net worth individuals and key clients in Australia ensuring positive <b>customer </b>experience 
 Build long lasting client relationships to obtain referrals and new sales channels - origination of new prospective...&nbsp;",customer insights analyst,decentrajobs.com,2026-07-24 08:16:33.743 +0700,full_time,VIP Relationship Manager,...any partnership negotiations Manage relationships with high net worth individuals and key clients in Australia ensuring positive customer experience Build long lasting client relationships to obtain referrals and new sales channels - origination of new prospective...,any partnership negotiations manage relationships with high net worth individuals and key clients in australia ensuring positive customer experience build long lasting client relationships to obtain referrals and new sales channels origination of new prospective,"'australia':15 'build':20 'channel':31 'client':13,23 'custom':18 'ensur':16 'experi':19 'high':7 'individu':10 'key':12 'last':22 'long':21 'manag':4 'negoti':3 'net':8 'new':29,34 'obtain':26 'origin':32 'partnership':2 'posit':17 'prospect':35 'referr':27 'relationship':5,24 'sale':30 'worth':9","{australia,build,channel,client,custom,ensur,experi,high,individu,key,last,long,manag,negoti,net,new,obtain,origin,partnership,posit,prospect,referr,relationship,sale,worth}"
Senior Project Engineer,Lendlease,"",Australia," Lendlease is a globally integrated real estate group with core expertise in Investment Management, Development, and Construction. For more than 60 years, we have created thriving places around the globe.  
 About the Role: 
 With a national delivery capability, Lendlease...",workforce analyst,swooped.co,2026-02-27 00:00:00.000 +0700,not_specified,Senior Project Engineer,"Lendlease is a globally integrated real estate group with core expertise in Investment Management, Development, and Construction. For more than 60 years, we have created thriving places around the globe.   About the Role: With a national delivery capability, Lendlease...",lendlease is a globally integrated real estate group with core expertise in investment management development and construction for more than years we have created thriving places around the globe about the role with a national delivery capability lendlease,"'60':21 'around':28 'capabl':39 'construct':17 'core':10 'creat':25 'deliveri':38 'develop':15 'estat':7 'expertis':11 'global':4 'globe':30 'group':8 'integr':5 'invest':13 'lendleas':1,40 'manag':14 'nation':37 'place':27 'real':6 'role':34 'thrive':26 'year':22 ' ':31","{60,around,capabl,construct,core,creat,deliveri,develop,estat,expertis,global,globe,group,integr,invest,lendleas,manag,nation,place,real,role,thrive,year, }"
Technical Solutions Executive,Autodesk,"",Australia,"&nbsp;...achieve their goals through the use of our technology. Coming from industry, you'll use your experience to identify and uncover our <b>customer'</b>s needs, develop a strategy, prove value, with the ultimate goal of delivering outcomes for our customers 
 This is a remote role...&nbsp;",customer insights analyst,swooped.co,2025-08-12 00:00:00.000 +0700,not_specified,Technical Solutions Executive,"...achieve their goals through the use of our technology. Coming from industry, you'll use your experience to identify and uncover our customer' s needs, develop a strategy, prove value, with the ultimate goal of delivering outcomes for our customers This is a remote role...",achieve their goals through the use of our technology coming from industry you ll use your experience to identify and uncover our customer s needs develop a strategy prove value with the ultimate goal of delivering outcomes for our customers this is a remote role,"'achiev':1 'come':10 'custom':23,40 'deliv':36 'develop':26 'experi':17 'goal':3,34 'identifi':19 'industri':12 'll':14 'need':25 'outcom':37 'prove':29 'remot':44 'role':45 'strategi':28 'technolog':9 'ultim':33 'uncov':21 'use':6,15 'valu':30","{achiev,come,custom,deliv,develop,experi,goal,identifi,industri,ll,need,outcom,prove,remot,role,strategi,technolog,ultim,uncov,use,valu}"
Training Coordinator,Clough AMEC.,"",Australia,"&nbsp;...related matters 
 What you will bring to the team 
 Highly developed communication skills to motivate, inspire and persuade      
 <b>Customer </b>focus through providing timely advice and assistance and proactive to stakeholder needs 
 Demonstrated leadership capability...&nbsp;",customer insights analyst,swooped.co,2025-08-13 00:00:00.000 +0700,not_specified,Training Coordinator,"...related matters What you will bring to the team Highly developed communication skills to motivate, inspire and persuade       Customer focus through providing timely advice and assistance and proactive to stakeholder needs  Demonstrated leadership capability...",related matters what you will bring to the team highly developed communication skills to motivate inspire and persuade customer focus through providing timely advice and assistance and proactive to stakeholder needs demonstrated leadership capability,'advic':25 'assist':27 'bring':6 'capabl':35 'communic':12 'custom':20 'demonstr':33 'develop':11 'focus':21 'high':10 'inspir':16 'leadership':34 'matter':2 'motiv':15 'needs ':32 'persuade   ':18 'proactiv':29 'provid':23 'relat':1 'skill':13 'stakehold':31 'team':9 'time':24 '  ':19,"{advic,assist,bring,capabl,communic,custom,demonstr,develop,focus,high,inspir,leadership,matter,motiv,needs ,persuade   ,proactiv,provid,relat,skill,stakehold,team,time,  }"
Senior Structures Design Engineer,Northrop Grumman,"",Australia," AUSTRALIAN CITIZENSHIP REQUIRED FOR THIS POSITION: Yes 
 RELOCATION ASSISTANCE: No relocation assistance available 
 CLEARANCE TYPE: AU- Secret (NV1)
 TRAVEL: Yes, 10% of the Time 
 Description 
 We’re building a reputation as the place to be in Defence. Uniquely ...",workforce analyst,swooped.co,2025-08-14 00:00:00.000 +0700,not_specified,Senior Structures Design Engineer,"AUSTRALIAN CITIZENSHIP REQUIRED FOR THIS POSITION: Yes RELOCATION ASSISTANCE: No relocation assistance available CLEARANCE TYPE: AU- Secret (NV1) TRAVEL: Yes, 10% of the Time Description We’re building a reputation as the place to be in Defence. Uniquely ...",australian citizenship required for this position yes relocation assistance no relocation assistance available clearance type au secret nv travel yes of the time description we re building a reputation as the place to be in defence uniquely,"'10':21 'assist':9,12 'au':16 'australian':1 'avail':13 'build':27 'citizenship':2 'clearanc':14 'defenc':36 'descript':25 'nv1':18 'place':32 'posit':6 'reloc':8,11 'reput':29 'requir':3 'secret':17 'time':24 'travel':19 'type':15 'uniqu':37 'we’r':26 'yes':7,20","{10,assist,au,australian,avail,build,citizenship,clearanc,defenc,descript,nv1,place,posit,reloc,reput,requir,secret,time,travel,type,uniqu,we’r,yes}"
"Senior Backend Engineer, Cashalo",Tilt,"",Australia,"&nbsp;...credit models look beyond credit scores, using over 250 real-time financial signals to recognize real potential. With millions of <b>customers </b>worldwide, we're not just changing how people access financial products — we're creating a new credit system that backs the working...&nbsp;",customer insights analyst,hireskys.com,2026-07-16 04:12:10.580 +0700,full_time,Senior Backend Engineer,"...credit models look beyond credit scores, using over 250 real-time financial signals to recognize real potential. With millions of customers worldwide, we're not just changing how people access financial products — we're creating a new credit system that backs the working...",credit models look beyond credit scores using over real time financial signals to recognize real potential with millions of customers worldwide we re not just changing how people access financial products we re creating a new credit system that backs the working,"'250':9 'access':31 'back':43 'beyond':4 'chang':28 'creat':37 'credit':1,5,40 'custom':22 'financi':13,32 'look':3 'million':20 'model':2 'new':39 'peopl':30 'potenti':18 'product':33 're':25,36 'real':11,17 'real-tim':10 'recogn':16 'score':6 'signal':14 'system':41 'time':12 'use':7 'work':45 'worldwid':23 '—':34","{250,access,back,beyond,chang,creat,credit,custom,financi,look,million,model,new,peopl,potenti,product,re,real,real-tim,recogn,score,signal,system,time,use,work,worldwid,—}"
"Senior Account Executive, Specialization",HUbspot,"",Australia,"&nbsp;...Who are we? HubSpot is a leading <b>customer </b>platform that brings marketing, sales, service, and operations tools together to help businesses attract, engage, and delight customers. It's our mission to not just help them grow, but to help them grow better. Our global team...&nbsp;",customer insights analyst,hireskys.com,2026-07-22 03:20:45.573 +0700,full_time,Senior Account Executive,"...Who are we? HubSpot is a leading customer platform that brings marketing, sales, service, and operations tools together to help businesses attract, engage, and delight customers. It's our mission to not just help them grow, but to help them grow better. Our global team...",who are we hubspot is a leading customer platform that brings marketing sales service and operations tools together to help businesses attract engage and delight customers it s our mission to not just help them grow but to help them grow better our global team,"'attract':22 'better':42 'bring':11 'busi':21 'custom':8,26 'delight':25 'engag':23 'global':44 'grow':36,41 'help':20,34,39 'hubspot':4 'lead':7 'market':12 'mission':30 'oper':16 'platform':9 'sale':13 'servic':14 'team':45 'togeth':18 'tool':17","{attract,better,bring,busi,custom,delight,engag,global,grow,help,hubspot,lead,market,mission,oper,platform,sale,servic,team,togeth,tool}"
"Manager, Contracts Management",Remote,"",Australia,"&nbsp;...maintaining the gold standard in HR practices; it’s about elevating it, integrating cutting-edge technology solutions, and enriching <b>customer </b>experiences in over 80+ countries  . On this team, your work directly influences our ability to sustain and extend our compliance...&nbsp;",customer insights analyst,hireskys.com,2026-07-24 13:54:28.233 +0700,full_time,Manager,"...maintaining the gold standard in HR practices; it’s about elevating it, integrating cutting-edge technology solutions, and enriching customer experiences in over 80+ countries . On this team, your work directly influences our ability to sustain and extend our compliance...",maintaining the gold standard in hr practices it s about elevating it integrating cutting edge technology solutions and enriching customer experiences in over countries on this team your work directly influences our ability to sustain and extend our compliance,'80':24 'abil':34 'complianc':40 'countri':25 'custom':20 'cut':14 'cutting-edg':13 'direct':31 'edg':15 'elev':10 'enrich':19 'experi':21 'extend':38 'gold':3 'hr':6 'influenc':32 'integr':12 'it’':8 'maintain':1 'practic':7 'solut':17 'standard':4 'sustain':36 'team':28 'technolog':16 'work':30,"{80,abil,complianc,countri,custom,cut,cutting-edg,direct,edg,elev,enrich,experi,extend,gold,hr,influenc,integr,it’,maintain,practic,solut,standard,sustain,team,technolog,work}"
"AU Product Support Specialist (Remote, Philippines)",Podium,"",Australia,"&nbsp;...mission is to arm every local business with a complete platform and outcome-driven AI employees that convert leads into real, paying <b>customers.</b> Every day, millions of workers use our AI lead conversion and communication platform to help them get more leads and make more...&nbsp;",customer insights analyst,swooped.co,2025-08-06 00:00:00.000 +0700,not_specified,AU Product Support Specialist (Remote,"...mission is to arm every local business with a complete platform and outcome-driven AI employees that convert leads into real, paying customers. Every day, millions of workers use our AI lead conversion and communication platform to help them get more leads and make more...",mission is to arm every local business with a complete platform and outcome driven ai employees that convert leads into real paying customers every day millions of workers use our ai lead conversion and communication platform to help them get more leads and make more,"'ai':16,32 'arm':4 'busi':7 'communic':36 'complet':10 'convers':34 'convert':19 'custom':24 'day':26 'driven':15 'employe':17 'everi':5,25 'get':41 'help':39 'lead':20,33,43 'local':6 'make':45 'million':27 'mission':1 'outcom':14 'outcome-driven':13 'pay':23 'platform':11,37 'real':22 'use':30 'worker':29","{ai,arm,busi,communic,complet,convers,convert,custom,day,driven,employe,everi,get,help,lead,local,make,million,mission,outcom,outcome-driven,pay,platform,real,use,worker}"
Engineering Delivery Lead,Leidos,"",Australia," Life Days  are the Leidos way of recognising that we all need extra time to take care of life. By working slightly more than the minimum weekly hours (2 hours per week for full-timers), you can accrue up to  12 days of leave  per year. 
 Due to the nature of the role,...",analytics consultant,swooped.co,2025-09-16 00:00:00.000 +0700,not_specified,Engineering Delivery Lead,"Life Days are the Leidos way of recognising that we all need extra time to take care of life. By working slightly more than the minimum weekly hours (2 hours per week for full-timers), you can accrue up to  12 days of leave per year. Due to the nature of the role,...",life days are the leidos way of recognising that we all need extra time to take care of life by working slightly more than the minimum weekly hours hours per week for full timers you can accrue up to days of leave per year due to the nature of the role,"'12':42 '2':29 'accru':39 'care':17 'day':2,43 'due':48 'extra':13 'full':35 'full-tim':34 'hour':28,30 'leav':45 'leido':5 'life':1,19 'minimum':26 'natur':51 'need':12 'per':31,46 'recognis':8 'role':54 'slight':22 'take':16 'time':14 'timer':36 'to ':41 'way':6 'week':27,32 'work':21 'year':47","{12,2,accru,care,day,due,extra,full,full-tim,hour,leav,leido,life,minimum,natur,need,per,recognis,role,slight,take,time,timer,to ,way,week,work,year}"
Sales Manager,BYD,"",Australia,"&nbsp;...energy storage regulations. 
3.Collaboration & Leadership: 
 Work closely with engineering, operations, and R&D teams to deliver <b>customer-</b>focused solutions. 
 Qualifications: 
1.Electrical Engineering, Energy Systems, Mechanical Engineering, or a related technical...&nbsp;",customer insights analyst,ev.careers,2026-07-20 19:38:37.427 +0700,full_time,Sales Manager,"...energy storage regulations. 3.Collaboration & Leadership: Work closely with engineering, operations, and R&D teams to deliver customer- focused solutions. Qualifications: 1.Electrical Engineering, Energy Systems, Mechanical Engineering, or a related technical...",energy storage regulations collaboration leadership work closely with engineering operations and r d teams to deliver customer focused solutions qualifications electrical engineering energy systems mechanical engineering or a related technical,"'1.electrical':21 '3.collaboration':4 'close':7 'custom':17 'd':13 'deliv':16 'energi':1,23 'engin':9,22,26 'focus':18 'leadership':5 'mechan':25 'oper':10 'qualif':20 'r':12 'regul':3 'relat':29 'solut':19 'storag':2 'system':24 'team':14 'technic':30 'work':6","{1.electrical,3.collaboration,close,custom,d,deliv,energi,engin,focus,leadership,mechan,oper,qualif,r,regul,relat,solut,storag,system,team,technic,work}"
Senior Engineer Service Management,Unisys,"",Australia," What success looks like in this role: 
 This role oversees, facilitates and administers ITIL based service support and requires a strong understanding of Service Management practices, with a particular emphasis on Service Request Management and Service Level Management...",workforce analyst,swooped.co,2025-09-11 00:00:00.000 +0700,not_specified,Senior Engineer Service Management,"What success looks like in this role: This role oversees, facilitates and administers ITIL based service support and requires a strong understanding of Service Management practices, with a particular emphasis on Service Request Management and Service Level Management...",what success looks like in this role this role oversees facilitates and administers itil based service support and requires a strong understanding of service management practices with a particular emphasis on service request management and service level management,"'administ':13 'base':15 'emphasi':30 'facilit':11 'itil':14 'level':37 'like':4 'look':3 'manag':25,34,38 'overse':10 'particular':29 'practic':26 'request':33 'requir':19 'role':7,9 'servic':16,24,32,36 'strong':21 'success':2 'support':17 'understand':22","{administ,base,emphasi,facilit,itil,level,like,look,manag,overse,particular,practic,request,requir,role,servic,strong,success,support,understand}"
Quality Engineer,Invictus People,$110k,Australia," Position Description 
 Quality Engineer 
 About the Opportunity 
 An exciting opportunity is available for an experienced Quality Engineer to join a growing advanced manufacturing organisation delivering high precision components and systems for highly regulated industries...",workforce analyst,atzcrm.com,2026-07-15 03:11:10.827 +0700,not_specified,Quality Engineer,Position Description Quality Engineer About the Opportunity An exciting opportunity is available for an experienced Quality Engineer to join a growing advanced manufacturing organisation delivering high precision components and systems for highly regulated industries...,position description quality engineer about the opportunity an exciting opportunity is available for an experienced quality engineer to join a growing advanced manufacturing organisation delivering high precision components and systems for highly regulated industries,"'advanc':22 'avail':12 'compon':28 'deliv':25 'descript':2 'engin':4,17 'excit':9 'experienc':15 'grow':21 'high':26,32 'industri':34 'join':19 'manufactur':23 'opportun':7,10 'organis':24 'posit':1 'precis':27 'qualiti':3,16 'regul':33 'system':30","{advanc,avail,compon,deliv,descript,engin,excit,experienc,grow,high,industri,join,manufactur,opportun,organis,posit,precis,qualiti,regul,system}"
Customer Service Representitive,Resmed,"",Australia,"&nbsp;...Full-Time Hybrid role Working Hours are Monday – Friday between 8am and 5pm 
 The primary role of <b>Customer </b>Support function is to provide exceptional customer service, sales and marketing support via different channels of communication. Key deliverables include addressing...&nbsp;",customer insights analyst,swooped.co,2025-08-13 00:00:00.000 +0700,not_specified,Customer Service Representitive,"...Full-Time Hybrid role Working Hours are Monday – Friday between 8am and 5pm The primary role of Customer Support function is to provide exceptional customer service, sales and marketing support via different channels of communication. Key deliverables include addressing...",full time hybrid role working hours are monday friday between am and pm the primary role of customer support function is to provide exceptional customer service sales and marketing support via different channels of communication key deliverables include addressing,"'5pm':15 '8am':13 'address':41 'channel':35 'communic':37 'custom':20,27 'deliver':39 'differ':34 'except':26 'friday':11 'full':2 'full-tim':1 'function':22 'hour':7 'hybrid':4 'includ':40 'key':38 'market':31 'monday':9 'primari':17 'provid':25 'role':5,18 'sale':29 'servic':28 'support':21,32 'time':3 'via':33 'work':6 '–':10","{5pm,8am,address,channel,communic,custom,deliver,differ,except,friday,full,full-tim,function,hour,hybrid,includ,key,market,monday,primari,provid,role,sale,servic,support,time,via,work,–}"
Network Systems Engineer,Northrop Grumman,"",Australia,"&nbsp;...you will be responsible for:   
 Identifying and managing the Triton Network integration risks, through close engagement with the <b>customer </b>to mitigate the impact on safety and capability.   
 Work closely with US counterparts to grow and develop a deep technical...&nbsp;",customer insights analyst,swooped.co,2025-08-14 00:00:00.000 +0700,not_specified,Network Systems Engineer,"...you will be responsible for:    Identifying and managing the Triton Network integration risks, through close engagement with the customer to mitigate the impact on safety and capability.    Work closely with US counterparts to grow and develop a deep technical...",you will be responsible for identifying and managing the triton network integration risks through close engagement with the customer to mitigate the impact on safety and capability work closely with us counterparts to grow and develop a deep technical,"'capabl':28 'close':16,31 'counterpart':34 'custom':20 'deep':40 'develop':38 'engag':17 'grow':36 'identifi':7 'impact':24 'integr':13 'manag':9 'mitig':22 'network':12 'respons':4 'risk':14 'safeti':26 'technic':41 'triton':11 'us':33 'work':30 '   ':6,29","{capabl,close,counterpart,custom,deep,develop,engag,grow,identifi,impact,integr,manag,mitig,network,respons,risk,safeti,technic,triton,us,work,   }"
"Technical Support Representative, In-Store",DoorDash Australia,"",Australia,"&nbsp;...Technical Support Team at SevenRooms is part of DoorDash’s broader <b>Customer </b>Experience and Support Ops organization. We partner directly...&nbsp;&nbsp;...to their goals, showing both technical knowledge and strategic <b>insight.</b> 
 Master the SevenRooms Platform  . Build and maintain deep...&nbsp;",customer insights analyst,swooped.co,2025-08-02 00:00:00.000 +0700,not_specified,Technical Support Representative,"...Technical Support Team at SevenRooms is part of DoorDash’s broader Customer Experience and Support Ops organization. We partner directly... ...to their goals, showing both technical knowledge and strategic insight. Master the SevenRooms Platform . Build and maintain deep...",technical support team at sevenrooms is part of doordash s broader customer experience and support ops organization we partner directly to their goals showing both technical knowledge and strategic insight master the sevenrooms platform build and maintain deep,"'broader':10 'build':34 'custom':11 'deep':37 'direct':19 'doordash’':9 'experi':12 'goal':22 'insight':29 'knowledg':26 'maintain':36 'master':30 'op':15 'organ':16 'part':7 'partner':18 'platform':33 'sevenroom':5,32 'show':23 'strateg':28 'support':2,14 'team':3 'technic':1,25","{broader,build,custom,deep,direct,doordash’,experi,goal,insight,knowledg,maintain,master,op,organ,part,partner,platform,sevenroom,show,strateg,support,team,technic}"
"Vice President, Business Development, Australasia",Mastercard,"",Australia,"&nbsp;...in 200+ countries and territories worldwide. Together with our <b>customers,</b> we’re helping build a sustainable economy where everyone can prosper...&nbsp;&nbsp;...senior executives. 
 Apply strong business acumen and market <b>insight </b>to anticipate client needs and create opportunities for...&nbsp;",customer insights analyst,decentrajobs.com,2026-06-16 03:21:38.803 +0700,full_time,Vice President,"...in 200+ countries and territories worldwide. Together with our customers, we’re helping build a sustainable economy where everyone can prosper... ...senior executives. Apply strong business acumen and market insight to anticipate client needs and create opportunities for...",in countries and territories worldwide together with our customers we re helping build a sustainable economy where everyone can prosper senior executives apply strong business acumen and market insight to anticipate client needs and create opportunities for,'200':2 'acumen':24 'anticip':29 'appli':21 'a sustainable economi':14 'build':13 'busi':23 'client':30 'countri':3 'creat':33 'custom':10 'everyon':16 'execut':20 'help':12 'insight':27 'market':26 'need':31 'opportun':34 'prosper':18 'senior':19 'strong':22 'territori':5 'togeth':7 'we’r':11 'worldwid':6,"{200,acumen,anticip,appli,a sustainable economi,build,busi,client,countri,creat,custom,everyon,execut,help,insight,market,need,opportun,prosper,senior,strong,territori,togeth,we’r,worldwid}"
Manufacturing Engineer - Sydney,Anduril Industries,"",Australia," Anduril Industries is a defense technology company with a mission to transform U.S. and allied military capabilities with advanced technology. By bringing the expertise, technology, and business model of the 21st century’s most innovative companies to the defense industry...",workforce analyst,swooped.co,2026-02-27 00:00:00.000 +0700,not_specified,Manufacturing Engineer - Sydney,"Anduril Industries is a defense technology company with a mission to transform U.S. and allied military capabilities with advanced technology. By bringing the expertise, technology, and business model of the 21st century’s most innovative companies to the defense industry...",anduril industries is a defense technology company with a mission to transform u s and allied military capabilities with advanced technology by bringing the expertise technology and business model of the st century s most innovative companies to the defense industry,"'21st':31 'advanc':19 'alli':15 'anduril':1 'bring':22 'busi':27 'capabl':17 'century’':32 'compani':7,35 'defens':5,38 'expertis':24 'industri':2,39 'innov':34 'militari':16 'mission':10 'model':28 'technolog':6,20,25 'transform':12 'u.s':13","{21st,advanc,alli,anduril,bring,busi,capabl,century’,compani,defens,expertis,industri,innov,militari,mission,model,technolog,transform,u.s}"
Commercial Account Executive - Australia,GitLab,"",Australia,"&nbsp;...mid-market accounts across your Australia territory, guiding <b>customers </b>through their digital and  DevSecOps  journeys and driving pipeline...&nbsp;&nbsp;...Account Executives, sharing sales strategies, customer <b>insights,</b> and lessons learned to help elevate team performance and contribute...&nbsp;",customer insights analyst,hireskys.com,2026-07-13 07:54:26.980 +0700,full_time,Commercial Account Executive - Australia,"...mid-market accounts across your Australia territory, guiding customers through their digital and DevSecOps journeys and driving pipeline... ...Account Executives, sharing sales strategies, customer insights, and lessons learned to help elevate team performance and contribute...",mid market accounts across your australia territory guiding customers through their digital and devsecops journeys and driving pipeline account executives sharing sales strategies customer insights and lessons learned to help elevate team performance and contribute,"'account':4,20 'across':5 'australia':7 'contribut':36 'custom':10,25 'devsecop':15 'digit':13 'drive':18 'elev':32 'execut':21 'guid':9 'help':31 'insight':26 'journey':16 'learn':29 'lesson':28 'market':3 'mid':2 'mid-market':1 'perform':34 'pipelin':19 'sale':23 'share':22 'strategi':24 'team':33 'territori':8","{account,across,australia,contribut,custom,devsecop,digit,drive,elev,execut,guid,help,insight,journey,learn,lesson,market,mid,mid-market,perform,pipelin,sale,share,strategi,team,territori}"
Senior Enterprise Account Executive - APAC,LaunchDarkly,"",Australia,"&nbsp;...new business, using stakeholder development, business acumen, a <b>customer-</b>centric approach, and the self-motivation to thrive with...&nbsp;&nbsp;...effectiveness and productivity of engineering teams, by providing <b>insights </b>into engineering cadence and stability 
 At LaunchDarkly, we believe...&nbsp;",customer insights analyst,swooped.co,2025-09-12 00:00:00.000 +0700,not_specified,Senior Enterprise Account Executive - APAC,"...new business, using stakeholder development, business acumen, a customer- centric approach, and the self-motivation to thrive with... ...effectiveness and productivity of engineering teams, by providing insights into engineering cadence and stability At LaunchDarkly, we believe...",new business using stakeholder development business acumen a customer centric approach and the self motivation to thrive with effectiveness and productivity of engineering teams by providing insights into engineering cadence and stability at launchdarkly we believe,"'acumen':7 'approach':11 'believ':37 'busi':2,6 'cadenc':31 'centric':10 'custom':9 'develop':5 'effect':20 'engin':24,30 'insight':28 'launchdark':35 'motiv':16 'new':1 'product':22 'provid':27 'self':15 'self-motiv':14 'stabil':33 'stakehold':4 'team':25 'thrive':18 'use':3","{acumen,approach,believ,busi,cadenc,centric,custom,develop,effect,engin,insight,launchdark,motiv,new,product,provid,self,self-motiv,stabil,stakehold,team,thrive,use}"
"Lead, Platform Engineering",Mastercard,"",Australia,"&nbsp;...Our Purpose  Mastercard powers economies and empowers people in 200+ countries and territories worldwide. Together with our <b>customers,</b> we’re helping build a sustainable economy where everyone can prosper. We support a wide range of digital payments choices, making transactions...&nbsp;",customer insights analyst,decentrajobs.com,2026-07-21 08:16:28.973 +0700,full_time,Lead,"...Our Purpose Mastercard powers economies and empowers people in 200+ countries and territories worldwide. Together with our customers, we’re helping build a sustainable economy where everyone can prosper. We support a wide range of digital payments choices, making transactions...",our purpose mastercard powers economies and empowers people in countries and territories worldwide together with our customers we re helping build a sustainable economy where everyone can prosper we support a wide range of digital payments choices making transactions,'200':10 'a sustainable economi':22 'build':21 'choic':35 'countri':11 'custom':18 'digit':33 'economi':5 'empow':7 'everyon':24 'help':20 'make':36 'mastercard':3 'payment':34 'peopl':8 'power':4 'prosper':26 'purpos':2 'rang':31 'support':28 'territori':13 'togeth':15 'transact':37 'we’r':19 'wide':30 'worldwid':14,"{200,a sustainable economi,build,choic,countri,custom,digit,economi,empow,everyon,help,make,mastercard,payment,peopl,power,prosper,purpos,rang,support,territori,togeth,transact,we’r,wide,worldwid}"
"Senior Analyst, Account Management",Mastercard,"",Australia,"&nbsp;...in 200+ countries and territories worldwide. Together with our <b>customers,</b> we’re helping build a sustainable economy where everyone can prosper...&nbsp;&nbsp;...realize their greatest potential.  Title and Summary  Senior <b>Analyst,</b> Account Management 
 Overview 
 This role will drive sales...&nbsp;",customer insights analyst,decentrajobs.com,2026-06-10 03:11:53.880 +0700,full_time,Senior Analyst,"...in 200+ countries and territories worldwide. Together with our customers, we’re helping build a sustainable economy where everyone can prosper... ...realize their greatest potential. Title and Summary Senior Analyst, Account Management Overview This role will drive sales...",in countries and territories worldwide together with our customers we re helping build a sustainable economy where everyone can prosper realize their greatest potential title and summary senior analyst account management overview this role will drive sales,'200':2 'account':28 'analyst':27 'a sustainable economi':14 'build':13 'countri':3 'custom':10 'drive':34 'everyon':16 'greatest':21 'help':12 'manag':29 'overview':30 'potenti':22 'prosper':18 'realiz':19 'role':32 'sale':35 'senior':26 'summari':25 'territori':5 'titl':23 'togeth':7 'we’r':11 'worldwid':6,"{200,account,analyst,a sustainable economi,build,countri,custom,drive,everyon,greatest,help,manag,overview,potenti,prosper,realiz,role,sale,senior,summari,territori,titl,togeth,we’r,worldwid}"
Veterinary Clinical Pathologist,IDEXX,"",Australia,"&nbsp;...healthy and happy, to ensure safe drinking water for billions, and to help farmers protect livestock and poultry from disease. We have <b>customers </b>in over 175 countries and a global workforce of over 10,000 talented people. 
 So, what does that mean for you? We enrich the...&nbsp;",customer insights analyst,swooped.co,2025-08-13 00:00:00.000 +0700,not_specified,Veterinary Clinical Pathologist,"...healthy and happy, to ensure safe drinking water for billions, and to help farmers protect livestock and poultry from disease. We have customers in over 175 countries and a global workforce of over 10,000 talented people. So, what does that mean for you? We enrich the...",healthy and happy to ensure safe drinking water for billions and to help farmers protect livestock and poultry from disease we have customers in over countries and a global workforce of over talented people so what does that mean for you we enrich the,'000':35 '10':34 '175':26 'billion':10 'countri':27 'custom':23 'diseas':20 'drink':7 'enrich':46 'ensur':5 'farmer':14 'global':30 'happi':3 'healthi':1 'help':13 'livestock':16 'mean':42 'peopl':37 'poultri':18 'protect':15 'safe':6 'talent':36 'water':8 'workforc':31,"{000,10,175,billion,countri,custom,diseas,drink,enrich,ensur,farmer,global,happi,healthi,help,livestock,mean,peopl,poultri,protect,safe,talent,water,workforc}"
Foreman,SD Guthrie Berhad,"",Australia,"&nbsp;...costs across all workshop activities. 
 Maintain strong communication  – foster effective communication with internal teams and <b>customers </b>to support project delivery. 
 Champion safety  – promote and reinforce a strong safety‑first culture across all tasks and team activities...&nbsp;",customer insights analyst,swooped.co,2026-02-27 00:00:00.000 +0700,not_specified,Foreman,...costs across all workshop activities. Maintain strong communication – foster effective communication with internal teams and customers to support project delivery. Champion safety – promote and reinforce a strong safety‑first culture across all tasks and team activities...,costs across all workshop activities maintain strong communication foster effective communication with internal teams and customers to support project delivery champion safety promote and reinforce a strong safety first culture across all tasks and team activities,"'across':2,32 'activ':5,37 'champion':22 'communic':8,12 'cost':1 'cultur':31 'custom':17 'deliveri':21 'effect':11 'foster':10 'intern':14 'maintain':6 'project':20 'promot':25 'reinforc':27 'safeti':23 'safety‑first':30 'strong':7,29 'support':19 'task':34 'team':15,36 'workshop':4 '–':9,24","{across,activ,champion,communic,cost,cultur,custom,deliveri,effect,foster,intern,maintain,project,promot,reinforc,safeti,safety‑first,strong,support,task,team,workshop,–}"
Engineering Delivery Lead,Leidos,"",Australia,"&nbsp;...Delivery Lead will: 
 Drive engineering outcomes, allocate technical resources, and set the team’s tempo. 
 Serve as the primary <b>customer-</b>facing technical lead, fostering confidence and alignment with the Commonwealth of Australia (CoA). 
 Apply structured approaches...&nbsp;",customer insights analyst,swooped.co,2025-09-16 00:00:00.000 +0700,not_specified,Engineering Delivery Lead,"...Delivery Lead will: Drive engineering outcomes, allocate technical resources, and set the team’s tempo. Serve as the primary customer- facing technical lead, fostering confidence and alignment with the Commonwealth of Australia (CoA). Apply structured approaches...",delivery lead will drive engineering outcomes allocate technical resources and set the team s tempo serve as the primary customer facing technical lead fostering confidence and alignment with the commonwealth of australia coa apply structured approaches,"'align':26 'alloc':7 'appli':33 'approach':35 'australia':31 'coa':32 'commonwealth':29 'confid':24 'custom':19 'deliveri':1 'drive':4 'engin':5 'face':20 'foster':23 'lead':2,22 'outcom':6 'primari':18 'resourc':9 'serv':15 'set':11 'structur':34 'team’':13 'technic':8,21 'tempo':14","{align,alloc,appli,approach,australia,coa,commonwealth,confid,custom,deliveri,drive,engin,face,foster,lead,outcom,primari,resourc,serv,set,structur,team’,technic,tempo}"
Senior Finance Operations Manager,Ofload,$500 per month,Australia,"&nbsp;...bringing it into the digital world. We leverage technology, data, and strategic partnerships to connect a growing roster of blue-chip <b>customers </b>with smaller, highly efficient transport operators. By reducing empty truck miles, improving visibility, and optimising supply...&nbsp;",customer insights analyst,swooped.co,2026-02-27 00:00:00.000 +0700,not_specified,Senior Finance Operations Manager,"...bringing it into the digital world. We leverage technology, data, and strategic partnerships to connect a growing roster of blue-chip customers with smaller, highly efficient transport operators. By reducing empty truck miles, improving visibility, and optimising supply...",bringing it into the digital world we leverage technology data and strategic partnerships to connect a growing roster of blue chip customers with smaller highly efficient transport operators by reducing empty truck miles improving visibility and optimising supply,'blue':21 'blue-chip':20 'bring':1 'chip':22 'connect':15 'custom':23 'data':10 'digit':5 'effici':27 'empti':32 'grow':17 'high':26 'improv':35 'leverag':8 'mile':34 'oper':29 'optimis':38 'partnership':13 'reduc':31 'roster':18 'smaller':25 'strateg':12 'suppli':39 'technolog':9 'transport':28 'truck':33 'visibl':36 'world':6,"{blue,blue-chip,bring,chip,connect,custom,data,digit,effici,empti,grow,high,improv,leverag,mile,oper,optimis,partnership,reduc,roster,smaller,strateg,suppli,technolog,transport,truck,visibl,world}"
"Strategic Sales Director, Australia",Cresta,"",Australia,"&nbsp;...Bain Consulting as one of the top private AI companies in the world. 

 Join us on this thrilling journey to revolutionize the <b>workforce </b>with AI. The future of work is here, and it's at Cresta. 
 About the role: 
 As a Strategic Sales Director you will focus on some...&nbsp;",workforce analyst,swooped.co,2025-08-30 00:00:00.000 +0700,not_specified,Strategic Sales Director,"...Bain Consulting as one of the top private AI companies in the world. Join us on this thrilling journey to revolutionize the workforce with AI. The future of work is here, and it's at Cresta. About the role: As a Strategic Sales Director you will focus on some...",bain consulting as one of the top private ai companies in the world join us on this thrilling journey to revolutionize the workforce with ai the future of work is here and it s at cresta about the role as a strategic sales director you will focus on some,"'ai':9,25 'bain':1 'compani':10 'consult':2 'cresta':36 'director':44 'focus':47 'futur':27 'join':14 'journey':19 'one':4 'privat':8 'revolution':21 'role':39 'sale':43 'strateg':42 'thrill':18 'top':7 'us':15 'work':29 'workforc':23 'world':13","{ai,bain,compani,consult,cresta,director,focus,futur,join,journey,one,privat,revolution,role,sale,strateg,thrill,top,us,work,workforc,world}"
"Senior Manager/ Manager, Business Development (Institutional/ VIP Sales) - APAC & EMEA",Crypto Com,$100k - $150k,Australia,"&nbsp;...from onboarding a client to their first crypto instrument, to <b>customizing </b>a crypto product for your client that the market has never seen...&nbsp;&nbsp;...-sell RWA instruments and new exchange products. 
 Market <b>Insights:</b>  Provide ""boots on the ground"" feedback to the Product and Strategy...&nbsp;",customer insights analyst,decentrajobs.com,2026-06-17 03:29:16.973 +0700,full_time,Senior Manager/ Manager,"...from onboarding a client to their first crypto instrument, to customizing a crypto product for your client that the market has never seen... ...-sell RWA instruments and new exchange products. Market Insights: Provide ""boots on the ground"" feedback to the Product and Strategy...",from onboarding a client to their first crypto instrument to customizing a crypto product for your client that the market has never seen sell rwa instruments and new exchange products market insights provide boots on the ground feedback to the product and strategy,"'boot':34 'client':4,17 'crypto':8,13 'custom':11 'exchang':29 'feedback':38 'first':7 'ground':37 'insight':32 'instrument':9,26 'market':20,31 'never':22 'new':28 'onboard':2 'product':14,30,41 'provid':33 'rwa':25 'seen':23 'sell':24 'strategi':43","{boot,client,crypto,custom,exchang,feedback,first,ground,insight,instrument,market,never,new,onboard,product,provid,rwa,seen,sell,strategi}"
Senior Strategy & Operations Manager,OKX,"",Australia,"&nbsp;...Lead high-impact, cross-functional initiatives that improve <b>customer </b>experience, operational efficiency and commercial outcomes....&nbsp;&nbsp;...visibility into business performance. 
 Produce clear, actionable <b>insights </b>that support prioritisation and executive decision-making. 
 Conduct...&nbsp;",customer insights analyst,decentrajobs.com,2026-07-02 05:07:58.617 +0700,full_time,Senior Strategy & Operations Manager,"...Lead high-impact, cross-functional initiatives that improve customer experience, operational efficiency and commercial outcomes.... ...visibility into business performance. Produce clear, actionable insights that support prioritisation and executive decision-making. Conduct...",lead high impact cross functional initiatives that improve customer experience operational efficiency and commercial outcomes visibility into business performance produce clear actionable insights that support prioritisation and executive decision making conduct,'action':24 'busi':20 'clear':23 'commerci':16 'conduct':34 'cross':6 'cross-funct':5 'custom':11 'decis':32 'decision-mak':31 'effici':14 'execut':30 'experi':12 'function':7 'high':3 'high-impact':2 'impact':4 'improv':10 'initi':8 'insight':25 'lead':1 'make':33 'oper':13 'outcom':17 'perform':21 'prioritis':28 'produc':22 'support':27 'visibl':18,"{action,busi,clear,commerci,conduct,cross,cross-funct,custom,decis,decision-mak,effici,execut,experi,function,high,high-impact,impact,improv,initi,insight,lead,make,oper,outcom,perform,prioritis,produc,support,visibl}"
"Manager, Technical Product Enablement and Specialist Sales (Digital and Agentic)",Mastercard,"",Australia,"&nbsp;...Our Purpose  Mastercard powers economies and empowers people in 200+ countries and territories worldwide. Together with our <b>customers,</b> we’re helping build a sustainable economy where everyone can prosper. We support a wide range of digital payments choices, making transactions...&nbsp;",customer insights analyst,decentrajobs.com,2026-07-16 04:20:36.963 +0700,full_time,Manager,"...Our Purpose Mastercard powers economies and empowers people in 200+ countries and territories worldwide. Together with our customers, we’re helping build a sustainable economy where everyone can prosper. We support a wide range of digital payments choices, making transactions...",our purpose mastercard powers economies and empowers people in countries and territories worldwide together with our customers we re helping build a sustainable economy where everyone can prosper we support a wide range of digital payments choices making transactions,'200':10 'a sustainable economi':22 'build':21 'choic':35 'countri':11 'custom':18 'digit':33 'economi':5 'empow':7 'everyon':24 'help':20 'make':36 'mastercard':3 'payment':34 'peopl':8 'power':4 'prosper':26 'purpos':2 'rang':31 'support':28 'territori':13 'togeth':15 'transact':37 'we’r':19 'wide':30 'worldwid':14,"{200,a sustainable economi,build,choic,countri,custom,digit,economi,empow,everyon,help,make,mastercard,payment,peopl,power,prosper,purpos,rang,support,territori,togeth,transact,we’r,wide,worldwid}"
Technical Support Advisor,Ada,"",Australia,"&nbsp;...About Us 
 Ada is an AI <b>customer </b>service company whose mission is to make customer service extraordinary for everyone. We're driven to raise a new standard of quality customer service at scale, enabling enterprise companies to deliver experiences that people love–instant...&nbsp;",customer insights analyst,swooped.co,2025-09-25 00:00:00.000 +0700,not_specified,Technical Support Advisor,"...About Us Ada is an AI customer service company whose mission is to make customer service extraordinary for everyone. We're driven to raise a new standard of quality customer service at scale, enabling enterprise companies to deliver experiences that people love–instant...",about us ada is an ai customer service company whose mission is to make customer service extraordinary for everyone we re driven to raise a new standard of quality customer service at scale enabling enterprise companies to deliver experiences that people love instant,"'ada':3 'ai':6 'compani':9,36 'custom':7,15,30 'deliv':38 'driven':22 'enabl':34 'enterpris':35 'everyon':19 'experi':39 'extraordinari':17 'love–inst':42 'make':14 'mission':11 'new':26 'peopl':41 'qualiti':29 'rais':24 're':21 'scale':33 'servic':8,16,31 'standard':27 'us':2 'whose':10","{ada,ai,compani,custom,deliv,driven,enabl,enterpris,everyon,experi,extraordinari,love–inst,make,mission,new,peopl,qualiti,rais,re,scale,servic,standard,us,whose}"
Sales Development Representative,Carta,"",Australia,"&nbsp;...Carta’s growth in private markets. You’ll work closely with Sales, <b>Customer </b>Experience, Marketing, and Product to deliver exceptional value...&nbsp;&nbsp;...Build and manage sizable lead lists in order to glean unique <b>insights </b>and drive desirable business outcomes 
 Ensure data integrity...&nbsp;",customer insights analyst,swooped.co,2025-08-29 00:00:00.000 +0700,not_specified,Sales Development Representative,"...Carta’s growth in private markets. You’ll work closely with Sales, Customer Experience, Marketing, and Product to deliver exceptional value... ...Build and manage sizable lead lists in order to glean unique insights and drive desirable business outcomes Ensure data integrity...",carta s growth in private markets you ll work closely with sales customer experience marketing and product to deliver exceptional value build and manage sizable lead lists in order to glean unique insights and drive desirable business outcomes ensure data integrity,"'build':20 'busi':35 'carta’':1 'close':8 'custom':11 'data':38 'deliv':17 'desir':34 'drive':33 'ensur':37 'except':18 'experi':12 'glean':29 'growth':2 'insight':31 'integr':39 'lead':24 'list':25 'manag':22 'market':5,13 'order':27 'outcom':36 'privat':4 'product':15 'sale':10 'sizabl':23 'uniqu':30 'valu':19 'work':7 'you’ll':6","{build,busi,carta’,close,custom,data,deliv,desir,drive,ensur,except,experi,glean,growth,insight,integr,lead,list,manag,market,order,outcom,privat,product,sale,sizabl,uniqu,valu,work,you’ll}"
Threat Response Technology and Capabilities Product Owner,Mastercard,"",Australia,"&nbsp;...in 200+ countries and territories worldwide. Together with our <b>customers,</b> we’re helping build a sustainable economy where everyone can prosper...&nbsp;&nbsp;...services, promptbook-based investigation notebooks, and <b>analyst-</b>facing tooling. 
• Establish and maintain centralized libraries...&nbsp;",customer insights analyst,decentrajobs.com,2026-06-26 03:04:42.150 +0700,full_time,Threat Response Technology and Capabilities Product Owner,"...in 200+ countries and territories worldwide. Together with our customers, we’re helping build a sustainable economy where everyone can prosper... ...services, promptbook-based investigation notebooks, and analyst- facing tooling. • Establish and maintain centralized libraries...",in countries and territories worldwide together with our customers we re helping build a sustainable economy where everyone can prosper services promptbook based investigation notebooks and analyst facing tooling establish and maintain centralized libraries,'200':2 'analyst':26 'a sustainable economi':14 'base':22 'build':13 'central':33 'countri':3 'custom':10 'establish':30 'everyon':16 'face':27 'help':12 'investig':23 'librari':34 'maintain':32 'notebook':24 'promptbook':21 'promptbook-bas':20 'prosper':18 'servic':19 'territori':5 'togeth':7 'tool':28 'we’r':11 'worldwid':6 '•':29,"{200,analyst,a sustainable economi,base,build,central,countri,custom,establish,everyon,face,help,investig,librari,maintain,notebook,promptbook,promptbook-bas,prosper,servic,territori,togeth,tool,we’r,worldwid,•}"
Expression of Interest | Residential Property & Communities | Adelaide,Greystar,"",Australia,"&nbsp;...Services & Front of House 
 Front desk and concierge professionals 
 Resident experience and community engagement coordinators 
 <b>Customer </b>service professionals from residential or hospitality settings 

 Events, Wellbeing & Community Activation 
 Events...&nbsp;",customer insights analyst,jobs.greystar.com,2026-07-06 07:35:16.107 +0700,not_specified,Expression of Interest | Residential Property & Communities | Adelaide,"...Services & Front of House Front desk and concierge professionals Resident experience and community engagement coordinators Customer service professionals from residential or hospitality settings Events, Wellbeing & Community Activation Events...",services front of house front desk and concierge professionals resident experience and community engagement coordinators customer service professionals from residential or hospitality settings events wellbeing community activation events,"'activ':27 'communiti':13,26 'concierg':8 'coordin':15 'custom':16 'desk':6 'engag':14 'event':24,28 'experi':11 'front':2,5 'hospit':22 'hous':4 'profession':9,18 'resid':10 'residenti':20 'servic':1,17 'set':23 'wellb':25","{activ,communiti,concierg,coordin,custom,desk,engag,event,experi,front,hospit,hous,profession,resid,residenti,servic,set,wellb}"
"Senior Specialist, Technical Product Enablement and Sales",Mastercard,"",Australia,"&nbsp;...Our Purpose  Mastercard powers economies and empowers people in 200+ countries and territories worldwide. Together with our <b>customers,</b> we’re helping build a sustainable economy where everyone can prosper. We support a wide range of digital payments choices, making transactions...&nbsp;",customer insights analyst,decentrajobs.com,2026-07-07 03:05:09.240 +0700,full_time,Senior Specialist,"...Our Purpose Mastercard powers economies and empowers people in 200+ countries and territories worldwide. Together with our customers, we’re helping build a sustainable economy where everyone can prosper. We support a wide range of digital payments choices, making transactions...",our purpose mastercard powers economies and empowers people in countries and territories worldwide together with our customers we re helping build a sustainable economy where everyone can prosper we support a wide range of digital payments choices making transactions,'200':10 'a sustainable economi':22 'build':21 'choic':35 'countri':11 'custom':18 'digit':33 'economi':5 'empow':7 'everyon':24 'help':20 'make':36 'mastercard':3 'payment':34 'peopl':8 'power':4 'prosper':26 'purpos':2 'rang':31 'support':28 'territori':13 'togeth':15 'transact':37 'we’r':19 'wide':30 'worldwid':14,"{200,a sustainable economi,build,choic,countri,custom,digit,economi,empow,everyon,help,make,mastercard,payment,peopl,power,prosper,purpos,rang,support,territori,togeth,transact,we’r,wide,worldwid}"
Internal Sales Representative,"Columbus, GA | Move to Meaningful","",Australia,"&nbsp;...Payments, a world leader in payments and software solutions and a Fortune 500® brand with a worldwide footprint to accelerate our <b>customers'</b> full potential.  
 As pioneers within the Australia and New Zealand payments landscape,   Eway is a leading business-to-business...&nbsp;",customer insights analyst,swooped.co,2025-08-12 00:00:00.000 +0700,not_specified,Internal Sales Representative,"...Payments, a world leader in payments and software solutions and a Fortune 500® brand with a worldwide footprint to accelerate our customers' full potential.   As pioneers within the Australia and New Zealand payments landscape,  Eway is a leading business-to-business...",payments a world leader in payments and software solutions and a fortune brand with a worldwide footprint to accelerate our customers full potential as pioneers within the australia and new zealand payments landscape eway is a leading business to business,"'500®':13 'acceler':20 'australia':30 'brand':14 'busi':42,44 'business-to-busi':41 'custom':22 'eway':37 'footprint':18 'fortun':12 'full':23 'landscap':35 'lead':40 'leader':4 'new':32 'payment':1,6,34 'pioneer':27 'potenti':24 'softwar':8 'solut':9 'within':28 'world':3 'worldwid':17 'zealand':33 ' ':25,36","{500®,acceler,australia,brand,busi,business-to-busi,custom,eway,footprint,fortun,full,landscap,lead,leader,new,payment,pioneer,potenti,softwar,solut,within,world,worldwid,zealand, }"
Developer Engagement Representative,Roblox,"",Australia,"&nbsp;...will act as the principal face and bridge for the Roblox creator community across the ANZ region. Shifting entirely away from basic <b>customer </b>support desks, isolated text moderating, or data entry logs, you will direct a lively regional studio sourcing, technical workshop...&nbsp;",customer insights analyst,hireskys.com,2026-07-07 07:54:26.193 +0700,part_time,Developer Engagement Representative,"...will act as the principal face and bridge for the Roblox creator community across the ANZ region. Shifting entirely away from basic customer support desks, isolated text moderating, or data entry logs, you will direct a lively regional studio sourcing, technical workshop...",will act as the principal face and bridge for the roblox creator community across the anz region shifting entirely away from basic customer support desks isolated text moderating or data entry logs you will direct a lively regional studio sourcing technical workshop,"'across':14 'act':2 'anz':16 'away':20 'basic':22 'bridg':8 'communiti':13 'creator':12 'custom':23 'data':30 'desk':25 'direct':35 'entir':19 'entri':31 'face':6 'isol':26 'live':37 'log':32 'moder':28 'princip':5 'region':17,38 'roblox':11 'shift':18 'sourc':40 'studio':39 'support':24 'technic':41 'text':27 'workshop':42","{across,act,anz,away,basic,bridg,communiti,creator,custom,data,desk,direct,entir,entri,face,isol,live,log,moder,princip,region,roblox,shift,sourc,studio,support,technic,text,workshop}"
"Technical Support Engineer 2, Premier",Datadog,"",Australia,&nbsp;...experts. The Technical Solutions team enables Datadog's worldwide growth by educating potential clients and ensuring that existing <b>customers </b>are happy and successful. Premier Support Engineers (PSEs) are primarily focused on assisting prospects and customers with any...&nbsp;,customer insights analyst,swooped.co,2025-09-19 00:00:00.000 +0700,not_specified,Technical Support Engineer 2,...experts. The Technical Solutions team enables Datadog's worldwide growth by educating potential clients and ensuring that existing customers are happy and successful. Premier Support Engineers (PSEs) are primarily focused on assisting prospects and customers with any...,experts the technical solutions team enables datadog s worldwide growth by educating potential clients and ensuring that existing customers are happy and successful premier support engineers pses are primarily focused on assisting prospects and customers with any,"'assist':32 'client':14 'custom':19,35 'datadog':7 'educ':12 'enabl':6 'engin':26 'ensur':16 'exist':18 'expert':1 'focus':30 'growth':10 'happi':21 'potenti':13 'premier':24 'primarili':29 'prospect':33 'pses':27 'solut':4 'success':23 'support':25 'team':5 'technic':3 'worldwid':9","{assist,client,custom,datadog,educ,enabl,engin,ensur,exist,expert,focus,growth,happi,potenti,premier,primarili,prospect,pses,solut,success,support,team,technic,worldwid}"
"Managing Consultant, Commercial Cards, Advisors & Consulting Services, Deploy",Mastercard,"",Australia,"&nbsp;...territories worldwide. Together with our <b>customers,</b> we’re helping build a sustainable...&nbsp;&nbsp;...provide our clients with powerful strategic <b>insights </b>and recommendations. Centered on data-driven...&nbsp;&nbsp;...are seeking a skilled Senior Business <b>Analyst/</b>Project Manager with credit cards/...&nbsp;",customer insights analyst,decentrajobs.com,2026-07-20 08:16:32.897 +0700,full_time,Managing Consultant,"...territories worldwide. Together with our customers, we’re helping build a sustainable... ...provide our clients with powerful strategic insights and recommendations. Centered on data-driven... ...are seeking a skilled Senior Business Analyst/ Project Manager with credit cards/...",territories worldwide together with our customers we re helping build a sustainable provide our clients with powerful strategic insights and recommendations centered on data driven are seeking a skilled senior business analyst project manager with credit cards,'analyst':31 'a sustain':10 'build':9 'busi':30 'card':36 'center':20 'client':13 'credit':35 'custom':6 'data':23 'data-driven':22 'driven':24 'help':8 'insight':17 'manag':33 'power':15 'project':32 'provid':11 'recommend':19 'seek':26 'senior':29 'skill':28 'strateg':16 'territori':1 'togeth':3 'we’r':7 'worldwid':2,"{analyst,a sustain,build,busi,card,center,client,credit,custom,data,data-driven,driven,help,insight,manag,power,project,provid,recommend,seek,senior,skill,strateg,territori,togeth,we’r,worldwid}"
"Sr. Business Analyst, Advisors & Consulting Services (12 months fixed term)",Mastercard,"",Australia,"&nbsp;...territories worldwide. Together with our <b>customers,</b> we’re helping build a sustainable...&nbsp;&nbsp;...potential.  Title and Summary  Sr. Business <b>Analyst,</b> Advisors & Consulting Services (12 months...&nbsp;&nbsp;...data analysis and identify trends, <b>insights,</b> and opportunities that inform decision-...&nbsp;",customer insights analyst,decentrajobs.com,2026-07-23 09:24:54.283 +0700,full_time,Sr. Business Analyst,"...territories worldwide. Together with our customers, we’re helping build a sustainable... ...potential. Title and Summary Sr. Business Analyst, Advisors & Consulting Services (12 months... ...data analysis and identify trends, insights, and opportunities that inform decision-...",territories worldwide together with our customers we re helping build a sustainable potential title and summary sr business analyst advisors consulting services months data analysis and identify trends insights and opportunities that inform decision,'12':21 'advisor':18 'analysi':24 'analyst':17 'a sustain':10 'build':9 'busi':16 'consult':19 'custom':6 'data':23 'decis':33 'help':8 'identifi':26 'inform':32 'insight':28 'month':22 'opportun':30 'potenti':11 'servic':20 'sr':15 'summari':14 'territori':1 'titl':12 'togeth':3 'trend':27 'we’r':7 'worldwid':2,"{12,advisor,analysi,analyst,a sustain,build,busi,consult,custom,data,decis,help,identifi,inform,insight,month,opportun,potenti,servic,sr,summari,territori,titl,togeth,trend,we’r,worldwid}"
Technical Officer,Jet Aviation,$62.13k - $93.19k,Australia,"&nbsp;...Office applications. 
 Strong communication skills and the ability to coordinate effectively across multiple stakeholders. 
 A <b>customer </b>service and safety-first mindset. 
 Strong planning, prioritisation and problem-solving skills. 
 A high level of accountability...&nbsp;",customer insights analyst,gd.com,2026-07-16 00:00:00.000 +0700,full_time,Technical Officer,"...Office applications. Strong communication skills and the ability to coordinate effectively across multiple stakeholders. A customer service and safety-first mindset. Strong planning, prioritisation and problem-solving skills. A high level of accountability...",office applications strong communication skills and the ability to coordinate effectively across multiple stakeholders a customer service and safety first mindset strong planning prioritisation and problem solving skills a high level of accountability,"'abil':8 'account':35 'across':12 'applic':2 'communic':4 'coordin':10 'custom':16 'effect':11 'first':21 'high':32 'level':33 'mindset':22 'multipl':13 'offic':1 'plan':24 'prioritis':25 'problem':28 'problem-solv':27 'safeti':20 'safety-first':19 'servic':17 'skill':5,30 'solv':29 'stakehold':14 'strong':3,23","{abil,account,across,applic,communic,coordin,custom,effect,first,high,level,mindset,multipl,offic,plan,prioritis,problem,problem-solv,safeti,safety-first,servic,skill,solv,stakehold,strong}"
"Account Executive, Corporate Sales",Docker,$30k,Australia,"&nbsp;...Partner with Strategic AEs to identify and triage small opportunities within their accounts, ensuring seamless handoffs and consistent <b>customer </b>experience 
 Collaborate with Technical Account Managers and Solutions Engineers to navigate technical requirements and...&nbsp;",customer insights analyst,hireskys.com,2026-07-22 03:20:46.243 +0700,full_time,Account Executive,"...Partner with Strategic AEs to identify and triage small opportunities within their accounts, ensuring seamless handoffs and consistent customer experience Collaborate with Technical Account Managers and Solutions Engineers to navigate technical requirements and...",partner with strategic aes to identify and triage small opportunities within their accounts ensuring seamless handoffs and consistent customer experience collaborate with technical account managers and solutions engineers to navigate technical requirements and,"'account':13,24 'ae':4 'collabor':21 'consist':18 'custom':19 'engin':28 'ensur':14 'experi':20 'handoff':16 'identifi':6 'manag':25 'navig':30 'opportun':10 'partner':1 'requir':32 'seamless':15 'small':9 'solut':27 'strateg':3 'technic':23,31 'triag':8 'within':11","{account,ae,collabor,consist,custom,engin,ensur,experi,handoff,identifi,manag,navig,opportun,partner,requir,seamless,small,solut,strateg,technic,triag,within}"
Senior Service Reliability Engineer,Zé Delivery,"",Australia,&nbsp;...Site Reliability Engineering team plays a significant role in delivering on the promise of a great cloud gaming experience to our <b>customers.</b>  We do this by influencing design and operational decisions towards the overall stability of the gaming service. Our SREs focus on...&nbsp;,customer insights analyst,swooped.co,2025-08-21 00:00:00.000 +0700,not_specified,Senior Service Reliability Engineer,...Site Reliability Engineering team plays a significant role in delivering on the promise of a great cloud gaming experience to our customers.   We do this by influencing design and operational decisions towards the overall stability of the gaming service. Our SREs focus on...,site reliability engineering team plays a significant role in delivering on the promise of a great cloud gaming experience to our customers we do this by influencing design and operational decisions towards the overall stability of the gaming service our sres focus on,"'cloud':17 'custom':22 'decis':32 'deliv':10 'design':29 'engin':3 'experi':19 'focus':43 'game':18,39 'great':16 'influenc':28 'oper':31 'overal':35 'play':5 'promis':13 'reliabl':2 'role':8 'servic':40 'signific':7 'site':1 'sres':42 'stabil':36 'team':4 'toward':33 ' ':23","{cloud,custom,decis,deliv,design,engin,experi,focus,game,great,influenc,oper,overal,play,promis,reliabl,role,servic,signific,site,sres,stabil,team,toward, }"
Senior Structures Design Engineer,Northrop Grumman,"",Australia,"&nbsp;...process and analysis methods  
 Effective engagement with the broader NGA Engineering and Technical Services Community, as well as the <b>customer </b>organisations including the Air Lift Systems Program Office (ALSPO), 35 Squadron, Air Mobility Group (AMG) and the Defence...&nbsp;",customer insights analyst,swooped.co,2025-08-14 00:00:00.000 +0700,not_specified,Senior Structures Design Engineer,"...process and analysis methods   Effective engagement with the broader NGA Engineering and Technical Services Community, as well as the customer organisations including the Air Lift Systems Program Office (ALSPO), 35 Squadron, Air Mobility Group (AMG) and the Defence...",process and analysis methods effective engagement with the broader nga engineering and technical services community as well as the customer organisations including the air lift systems program office alspo squadron air mobility group amg and the defence,"'35':30 'air':24,32 'alspo':29 'amg':35 'analysi':3 'broader':9 'communiti':15 'custom':20 'defenc':38 'effect':5 'engag':6 'engin':11 'group':34 'includ':22 'lift':25 'methods  ':4 'mobil':33 'nga':10 'offic':28 'organis':21 'process':1 'program':27 'servic':14 'squadron':31 'system':26 'technic':13 'well':17","{35,air,alspo,amg,analysi,broader,communiti,custom,defenc,effect,engag,engin,group,includ,lift,methods  ,mobil,nga,offic,organis,process,program,servic,squadron,system,technic,well}"
Client Solutions Project Manager,ServiceRocket,"",Australia,"&nbsp;...committed to the development of every Rocketeer and the trust of every <b>customer.</b> 
 Twenty years on and counting, we’ve got your back. 
 Why...&nbsp;&nbsp;...and present reports that track performance and give meaningful <b>insights </b>into our capacity and commitments 
 Partner closely with...&nbsp;",customer insights analyst,swooped.co,2025-08-04 00:00:00.000 +0700,not_specified,Client Solutions Project Manager,"...committed to the development of every Rocketeer and the trust of every customer. Twenty years on and counting, we’ve got your back.  Why... ...and present reports that track performance and give meaningful insights into our capacity and commitments Partner closely with...",committed to the development of every rocketeer and the trust of every customer twenty years on and counting we ve got your back why and present reports that track performance and give meaningful insights into our capacity and commitments partner closely with,"'back':22 'capac':37 'close':41 'commit':1,39 'count':18 'custom':13 'develop':4 'everi':6,12 'give':32 'got':20 'insight':34 'meaning':33 'partner':40 'perform':30 'present':26 'report':27 'rocket':7 'track':29 'trust':10 'twenti':14 'we’v':19 'year':15 ' ':23","{back,capac,close,commit,count,custom,develop,everi,give,got,insight,meaning,partner,perform,present,report,rocket,track,trust,twenti,we’v,year, }"
Software Engineer,Appian Corporation,"",Australia,"&nbsp;..., and Constructive Dissent & Resolution define who we are. In short, this means we constantly seek to understand the best for our <b>customers,</b> we go beyond completion in our work, we strive for excellence with intensity, and we embrace candid communication. These values guide...&nbsp;",customer insights analyst,swooped.co,2025-08-25 00:00:00.000 +0700,not_specified,Software Engineer,"..., and Constructive Dissent & Resolution define who we are. In short, this means we constantly seek to understand the best for our customers, we go beyond completion in our work, we strive for excellence with intensity, and we embrace candid communication. These values guide...",and constructive dissent resolution define who we are in short this means we constantly seek to understand the best for our customers we go beyond completion in our work we strive for excellence with intensity and we embrace candid communication these values guide,'best':19 'beyond':25 'candid':39 'communic':40 'complet':26 'constant':14 'construct':2 'custom':22 'defin':5 'dissent':3 'embrac':38 'excel':33 'go':24 'guid':43 'intens':35 'mean':12 'resolut':4 'seek':15 'short':10 'strive':31 'understand':17 'valu':42 'work':29,"{best,beyond,candid,communic,complet,constant,construct,custom,defin,dissent,embrac,excel,go,guid,intens,mean,resolut,seek,short,strive,understand,valu,work}"
"Consultant, Advisors & Consulting Services, Business Experimentation",Mastercard,"",Australia,"&nbsp;...territories worldwide. Together with our <b>customers,</b> we’re helping build a sustainable...&nbsp;&nbsp;...services and leverage expertise, data-driven <b>insights,</b> and execution. Our Advisors & Consulting...&nbsp;&nbsp;...working relationship with client <b>analysts/</b>managers, and act as trusted and reliable...&nbsp;",customer insights analyst,decentrajobs.com,2026-07-06 02:45:39.380 +0700,full_time,Consultant,"...territories worldwide. Together with our customers, we’re helping build a sustainable... ...services and leverage expertise, data-driven insights, and execution. Our Advisors & Consulting... ...working relationship with client analysts/ managers, and act as trusted and reliable...",territories worldwide together with our customers we re helping build a sustainable services and leverage expertise data driven insights and execution our advisors consulting working relationship with client analysts managers and act as trusted and reliable,'act':31 'advisor':22 'analyst':28 'a sustain':10 'build':9 'client':27 'consult':23 'custom':6 'data':16 'data-driven':15 'driven':17 'execut':20 'expertis':14 'help':8 'insight':18 'leverag':13 'manag':29 'relationship':25 'reliabl':35 'servic':11 'territori':1 'togeth':3 'trust':33 'we’r':7 'work':24 'worldwid':2,"{act,advisor,analyst,a sustain,build,client,consult,custom,data,data-driven,driven,execut,expertis,help,insight,leverag,manag,relationship,reliabl,servic,territori,togeth,trust,we’r,work,worldwid}"
Engineering Delivery Lead,Leidos,"",Australia," Life Days  are the Leidos way of recognising that we all need extra time to take care of life. By working slightly more than the minimum weekly hours (2 hours per week for full-timers), you can accrue up to  12 days of leave  per year. 
 Due to the nature of the role,...",workforce analyst,swooped.co,2025-09-16 00:00:00.000 +0700,not_specified,Engineering Delivery Lead,"Life Days are the Leidos way of recognising that we all need extra time to take care of life. By working slightly more than the minimum weekly hours (2 hours per week for full-timers), you can accrue up to  12 days of leave per year. Due to the nature of the role,...",life days are the leidos way of recognising that we all need extra time to take care of life by working slightly more than the minimum weekly hours hours per week for full timers you can accrue up to days of leave per year due to the nature of the role,"'12':42 '2':29 'accru':39 'care':17 'day':2,43 'due':48 'extra':13 'full':35 'full-tim':34 'hour':28,30 'leav':45 'leido':5 'life':1,19 'minimum':26 'natur':51 'need':12 'per':31,46 'recognis':8 'role':54 'slight':22 'take':16 'time':14 'timer':36 'to ':41 'way':6 'week':27,32 'work':21 'year':47","{12,2,accru,care,day,due,extra,full,full-tim,hour,leav,leido,life,minimum,natur,need,per,recognis,role,slight,take,time,timer,to ,way,week,work,year}"
Resident Services Coordinator,Greystar,"",Australia,"&nbsp;...Accolade on Gray and play a key role in creating a supportive, welcoming student community. 
 Perfect for someone with demonstrated <b>customer </b>service experience in a face-to-face setting, looking to establish a career with a rapidly growing global organisation. 
 JOB...&nbsp;",customer insights analyst,jobs.greystar.com,2026-07-14 08:26:30.723 +0700,not_specified,Resident Services Coordinator,"...Accolade on Gray and play a key role in creating a supportive, welcoming student community. Perfect for someone with demonstrated customer service experience in a face-to-face setting, looking to establish a career with a rapidly growing global organisation. JOB...",accolade on gray and play a key role in creating a supportive welcoming student community perfect for someone with demonstrated customer service experience in a face to face setting looking to establish a career with a rapidly growing global organisation job,"'accolad':1 'career':35 'communiti':15 'creat':10 'custom':21 'demonstr':20 'establish':33 'experi':23 'face':27,29 'face-to-fac':26 'global':40 'gray':3 'grow':39 'job':42 'key':7 'look':31 'organis':41 'perfect':16 'play':5 'rapid':38 'role':8 'servic':22 'set':30 'someon':18 'student':14 'support':12 'welcom':13","{accolad,career,communiti,creat,custom,demonstr,establish,experi,face,face-to-fac,global,gray,grow,job,key,look,organis,perfect,play,rapid,role,servic,set,someon,student,support,welcom}"
"Head of Marketing, Australia",Nexo,"",Australia,"&nbsp;...We are a team of builders, strategists, <b>analysts,</b> creatives, and operators united by a shared...&nbsp;&nbsp;...into local impact and surface AU <b>insight </b>back to HQ. 
 Market Intelligence & Channel...&nbsp;&nbsp;...moments to engage them effectively. 
 <b>Customer </b>Experience Optimization  : Audit key customer...&nbsp;",customer insights analyst,decentrajobs.com,2026-06-04 05:49:08.627 +0700,full_time,"Head of Marketing, Australia","...We are a team of builders, strategists, analysts, creatives, and operators united by a shared... ...into local impact and surface AU insight back to HQ. Market Intelligence & Channel... ...moments to engage them effectively. Customer Experience Optimization : Audit key customer...",we are a team of builders strategists analysts creatives and operators united by a shared into local impact and surface au insight back to hq market intelligence channel moments to engage them effectively customer experience optimization audit key customer,"'analyst':8 'au':21 'audit':37 'back':23 'builder':6 'channel':28 'creativ':9 'custom':34,39 'effect':33 'engag':31 'experi':35 'hq':25 'impact':18 'insight':22 'intellig':27 'key':38 'local':17 'market':26 'moment':29 'oper':11 'optim':36 'share':15 'strategist':7 'surfac':20 'team':4 'unit':12","{analyst,au,audit,back,builder,channel,creativ,custom,effect,engag,experi,hq,impact,insight,intellig,key,local,market,moment,oper,optim,share,strategist,surfac,team,unit}"
Customer Success Manager,Triple Whale,"",Australia,"&nbsp;...About Triple Whale:  Triple Whale is the definitive AI operating system <b>custom-</b>built for the global e-commerce ecosystem. We centralize every operational signal, marketplace metric, and performance data point into the industry’s most trusted attribution and measurement...&nbsp;",customer insights analyst,hireskys.com,2026-07-07 07:54:39.527 +0700,full_time,Customer Success Manager,"...About Triple Whale: Triple Whale is the definitive AI operating system custom- built for the global e-commerce ecosystem. We centralize every operational signal, marketplace metric, and performance data point into the industry’s most trusted attribution and measurement...",about triple whale triple whale is the definitive ai operating system custom built for the global e commerce ecosystem we centralize every operational signal marketplace metric and performance data point into the industry s most trusted attribution and measurement,"'ai':9 'attribut':37 'built':13 'central':22 'commerc':19 'custom':12 'data':30 'definit':8 'e':18 'e-commerc':17 'ecosystem':20 'everi':23 'global':16 'industry’':34 'marketplac':26 'measur':39 'metric':27 'oper':10,24 'perform':29 'point':31 'signal':25 'system':11 'tripl':2,4 'trust':36 'whale':3,5","{ai,attribut,built,central,commerc,custom,data,definit,e,e-commerc,ecosystem,everi,global,industry’,marketplac,measur,metric,oper,perform,point,signal,system,tripl,trust,whale}"
Sales Development Representative (Growth),Immutable,$75 per hour,Australia,"&nbsp;...and relevant responses. 
 Convert the right prospects into qualified meetings for Immutable’s Commercial team, including BD and <b>Customer </b>Growth. 
 Prioritise leads based on profile quality, company context, seniority, commercial fit and intent, so the highest value...&nbsp;",customer insights analyst,decentrajobs.com,2026-05-29 02:16:33.140 +0700,full_time,Sales Development Representative (Growth),"...and relevant responses. Convert the right prospects into qualified meetings for Immutable’s Commercial team, including BD and Customer Growth. Prioritise leads based on profile quality, company context, seniority, commercial fit and intent, so the highest value...",and relevant responses convert the right prospects into qualified meetings for immutable s commercial team including bd and customer growth prioritise leads based on profile quality company context seniority commercial fit and intent so the highest value,"'base':22 'bd':16 'commerci':13,29 'compani':26 'context':27 'convert':4 'custom':18 'fit':30 'growth':19 'highest':35 'immutable’':12 'includ':15 'intent':32 'lead':21 'meet':10 'prioritis':20 'profil':24 'prospect':7 'qualifi':9 'qualiti':25 'relev':2 'respons':3 'right':6 'senior':28 'team':14 'valu':36","{base,bd,commerci,compani,context,convert,custom,fit,growth,highest,immutable’,includ,intent,lead,meet,prioritis,profil,prospect,qualifi,qualiti,relev,respons,right,senior,team,valu}"
Expert Software Engineer - Data Orchestration,Feedzai,"",Australia,"&nbsp;...protect trillions of dollars and manage risk while improving the <b>customer </b>experience for everyday users, without compromising privacy....&nbsp;&nbsp;...and ultra-low latencies, solving UI/UX problems to help fraud <b>analysts </b>to fight fraud more efficiently. In addition, designing extensive...&nbsp;",customer insights analyst,swooped.co,2025-09-27 00:00:00.000 +0700,not_specified,Expert Software Engineer - Data Orchestration,"...protect trillions of dollars and manage risk while improving the customer experience for everyday users, without compromising privacy.... ...and ultra-low latencies, solving UI/UX problems to help fraud analysts to fight fraud more efficiently. In addition, designing extensive...",protect trillions of dollars and manage risk while improving the customer experience for everyday users without compromising privacy and ultra low latencies solving ui ux problems to help fraud analysts to fight fraud more efficiently in addition designing extensive,"'addit':37 'analyst':30 'compromis':17 'custom':11 'design':38 'dollar':4 'effici':35 'everyday':14 'experi':12 'extens':39 'fight':32 'fraud':29,33 'help':28 'improv':9 'latenc':23 'low':22 'manag':6 'privaci':18 'problem':26 'protect':1 'risk':7 'solv':24 'trillion':2 'ui/ux':25 'ultra':21 'ultra-low':20 'user':15 'without':16","{addit,analyst,compromis,custom,design,dollar,effici,everyday,experi,extens,fight,fraud,help,improv,latenc,low,manag,privaci,problem,protect,risk,solv,trillion,ui/ux,ultra,ultra-low,user,without}"
"Senior Project Manager, Deploy | Card Migration - FTC 20 Months",Mastercard,"",Australia,"&nbsp;...in 200+ countries and territories worldwide. Together with our <b>customers,</b> we’re helping build a sustainable economy where everyone can...&nbsp;&nbsp;...provide value-added services and leverage expertise, data-driven <b>insights,</b> and execution. Our Advisors & Consulting Services team...&nbsp;",customer insights analyst,decentrajobs.com,2026-06-24 04:42:59.507 +0700,full_time,Senior Project Manager,"...in 200+ countries and territories worldwide. Together with our customers, we’re helping build a sustainable economy where everyone can... ...provide value-added services and leverage expertise, data-driven insights, and execution. Our Advisors & Consulting Services team...",in countries and territories worldwide together with our customers we re helping build a sustainable economy where everyone can provide value added services and leverage expertise data driven insights and execution our advisors consulting services team,"'200':2 'add':21 'advisor':33 'a sustainable economi':14 'build':13 'consult':34 'countri':3 'custom':10 'data':27 'data-driven':26 'driven':28 'everyon':16 'execut':31 'expertis':25 'help':12 'insight':29 'leverag':24 'provid':18 'servic':22,35 'team':36 'territori':5 'togeth':7 'valu':20 'value-ad':19 'we’r':11 'worldwid':6","{200,add,advisor,a sustainable economi,build,consult,countri,custom,data,data-driven,driven,everyon,execut,expertis,help,insight,leverag,provid,servic,team,territori,togeth,valu,value-ad,we’r,worldwid}"
Senior Marketing Manager (16 months fixed term),Mastercard,"",Australia,"&nbsp;...in 200+ countries and territories worldwide. Together with our <b>customers,</b> we’re helping build a sustainable economy where everyone can...&nbsp;&nbsp;...provide value-added services and leverage expertise, data-driven <b>insights,</b> and execution. Our Advisors & Consulting Services team...&nbsp;",customer insights analyst,decentrajobs.com,2026-06-22 04:00:58.060 +0700,full_time,Senior Marketing Manager (16 months fixed term),"...in 200+ countries and territories worldwide. Together with our customers, we’re helping build a sustainable economy where everyone can... ...provide value-added services and leverage expertise, data-driven insights, and execution. Our Advisors & Consulting Services team...",in countries and territories worldwide together with our customers we re helping build a sustainable economy where everyone can provide value added services and leverage expertise data driven insights and execution our advisors consulting services team,"'200':2 'add':21 'advisor':33 'a sustainable economi':14 'build':13 'consult':34 'countri':3 'custom':10 'data':27 'data-driven':26 'driven':28 'everyon':16 'execut':31 'expertis':25 'help':12 'insight':29 'leverag':24 'provid':18 'servic':22,35 'team':36 'territori':5 'togeth':7 'valu':20 'value-ad':19 'we’r':11 'worldwid':6","{200,add,advisor,a sustainable economi,build,consult,countri,custom,data,data-driven,driven,everyon,execut,expertis,help,insight,leverag,provid,servic,team,territori,togeth,valu,value-ad,we’r,worldwid}"
Site Reliability Engineer II,Mastercard,"",Australia,"&nbsp;...Our Purpose  Mastercard powers economies and empowers people in 200+ countries and territories worldwide. Together with our <b>customers,</b> we’re helping build a sustainable economy where everyone can prosper. We support a wide range of digital payments choices, making transactions...&nbsp;",customer insights analyst,decentrajobs.com,2026-06-26 03:04:41.757 +0700,full_time,Site Reliability Engineer II,"...Our Purpose Mastercard powers economies and empowers people in 200+ countries and territories worldwide. Together with our customers, we’re helping build a sustainable economy where everyone can prosper. We support a wide range of digital payments choices, making transactions...",our purpose mastercard powers economies and empowers people in countries and territories worldwide together with our customers we re helping build a sustainable economy where everyone can prosper we support a wide range of digital payments choices making transactions,'200':10 'a sustainable economi':22 'build':21 'choic':35 'countri':11 'custom':18 'digit':33 'economi':5 'empow':7 'everyon':24 'help':20 'make':36 'mastercard':3 'payment':34 'peopl':8 'power':4 'prosper':26 'purpos':2 'rang':31 'support':28 'territori':13 'togeth':15 'transact':37 'we’r':19 'wide':30 'worldwid':14,"{200,a sustainable economi,build,choic,countri,custom,digit,economi,empow,everyon,help,make,mastercard,payment,peopl,power,prosper,purpos,rang,support,territori,togeth,transact,we’r,wide,worldwid}"
Google Ads / PPC Strategist (eCommerce/DTC),Right Hook Digital,$90k,Australia,"&nbsp;...shopping engines. Shifting completely away from routine non-regulated <b>customer </b>service queues, entry-level social media posting, or standard...&nbsp;&nbsp;...high-converting digital assets and short-form video hooks. 
 <b>Insight-</b>Led Strategy Reporting:  Prepare clear, scannable performance...&nbsp;",customer insights analyst,hireskys.com,2026-07-07 07:54:29.717 +0700,full_time,Google Ads / PPC Strategist (eCommerce/DTC),"...shopping engines. Shifting completely away from routine non-regulated customer service queues, entry-level social media posting, or standard... ...high-converting digital assets and short-form video hooks. Insight- Led Strategy Reporting: Prepare clear, scannable performance...",shopping engines shifting completely away from routine non regulated customer service queues entry level social media posting or standard high converting digital assets and short form video hooks insight led strategy reporting prepare clear scannable performance,'asset':26 'away':5 'clear':38 'complet':4 'convert':24 'custom':11 'digit':25 'engin':2 'entri':15 'entry-level':14 'form':30 'high':23 'high-convert':22 'hook':32 'insight':33 'led':34 'level':16 'media':18 'non':9 'non-regul':8 'perform':40 'post':19 'prepar':37 'queue':13 'regul':10 'report':36 'routin':7 'scannabl':39 'servic':12 'shift':3 'shop':1 'short':29 'short-form':28 'social':17 'standard':21 'strategi':35 'video':31,"{asset,away,clear,complet,convert,custom,digit,engin,entri,entry-level,form,high,high-convert,hook,insight,led,level,media,non,non-regul,perform,post,prepar,queue,regul,report,routin,scannabl,servic,shift,shop,short,short-form,social,standard,strategi,video}"
Technical Customer Support Specialist,ElevenLabs,"",Australia,"&nbsp;...conventional corporate titles.  Position Overview 
 We are seeking a highly autonomous, code-fluent, and systems-minded Technical <b>Customer </b>Support Specialist to serve as our premier frontline authority for enterprise and B2B clients under a permanent, full-time remote...&nbsp;",customer insights analyst,hireskys.com,2026-07-07 07:54:30.737 +0700,part_time,Technical Customer Support Specialist,"...conventional corporate titles. Position Overview We are seeking a highly autonomous, code-fluent, and systems-minded Technical Customer Support Specialist to serve as our premier frontline authority for enterprise and B2B clients under a permanent, full-time remote...",conventional corporate titles position overview we are seeking a highly autonomous code fluent and systems minded technical customer support specialist to serve as our premier frontline authority for enterprise and b b clients under a permanent full time remote,'author':29 'autonom':11 'b2b':33 'client':34 'code':13 'code-flu':12 'convent':1 'corpor':2 'custom':20 'enterpris':31 'fluent':14 'frontlin':28 'full':39 'full-tim':38 'high':10 'mind':18 'overview':5 'perman':37 'posit':4 'premier':27 'remot':41 'seek':8 'serv':24 'specialist':22 'support':21 'system':17 'systems-mind':16 'technic':19 'time':40 'titl':3,"{author,autonom,b2b,client,code,code-flu,convent,corpor,custom,enterpris,fluent,frontlin,full,full-tim,high,mind,overview,perman,posit,premier,remot,seek,serv,specialist,support,system,systems-mind,technic,time,titl}"
Senior Site Reliability Engineer,Mastercard,"",Australia,"&nbsp;...Our Purpose  Mastercard powers economies and empowers people in 200+ countries and territories worldwide. Together with our <b>customers,</b> we’re helping build a sustainable economy where everyone can prosper. We support a wide range of digital payments choices, making transactions...&nbsp;",customer insights analyst,decentrajobs.com,2026-06-26 03:04:41.713 +0700,full_time,Senior Site Reliability Engineer,"...Our Purpose Mastercard powers economies and empowers people in 200+ countries and territories worldwide. Together with our customers, we’re helping build a sustainable economy where everyone can prosper. We support a wide range of digital payments choices, making transactions...",our purpose mastercard powers economies and empowers people in countries and territories worldwide together with our customers we re helping build a sustainable economy where everyone can prosper we support a wide range of digital payments choices making transactions,'200':10 'a sustainable economi':22 'build':21 'choic':35 'countri':11 'custom':18 'digit':33 'economi':5 'empow':7 'everyon':24 'help':20 'make':36 'mastercard':3 'payment':34 'peopl':8 'power':4 'prosper':26 'purpos':2 'rang':31 'support':28 'territori':13 'togeth':15 'transact':37 'we’r':19 'wide':30 'worldwid':14,"{200,a sustainable economi,build,choic,countri,custom,digit,economi,empow,everyon,help,make,mastercard,payment,peopl,power,prosper,purpos,rang,support,territori,togeth,transact,we’r,wide,worldwid}"
Consultant,Appian Corporation,"",Australia,"&nbsp;...things, together. 

 Are you looking to combine your passion for technology with your penchant for strategic problem solving? Appian <b>Customer </b>success is obsessed with great customer outcomes. We deliver mission-critical business impact fast, and are directly responsible...&nbsp;",customer insights analyst,swooped.co,2026-02-27 00:00:00.000 +0700,not_specified,Consultant,"...things, together. Are you looking to combine your passion for technology with your penchant for strategic problem solving? Appian Customer success is obsessed with great customer outcomes. We deliver mission-critical business impact fast, and are directly responsible...",things together are you looking to combine your passion for technology with your penchant for strategic problem solving appian customer success is obsessed with great customer outcomes we deliver mission critical business impact fast and are directly responsible,"'appian':19 'busi':33 'combin':7 'critic':32 'custom':20,26 'deliv':29 'direct':38 'fast':35 'great':25 'impact':34 'look':5 'mission':31 'mission-crit':30 'obsess':23 'outcom':27 'passion':9 'penchant':14 'problem':17 'respons':39 'solv':18 'strateg':16 'success':21 'technolog':11 'thing':1 'togeth':2","{appian,busi,combin,critic,custom,deliv,direct,fast,great,impact,look,mission,mission-crit,obsess,outcom,passion,penchant,problem,respons,solv,strateg,success,technolog,thing,togeth}"
"Sr. Business Analyst, Advisors & Consulting Services (12 months fixed term)",Mastercard,"",Australia,"&nbsp;...products and services that help people, businesses and governments realize their greatest potential.  Title and Summary  Sr. Business <b>Analyst,</b> Advisors & Consulting Services (12 months fixed term)
 Role Context 
 This is a hands-on fixed term role based in Port Moresby,...&nbsp;",workforce analyst,decentrajobs.com,2026-07-23 09:24:54.283 +0700,full_time,Sr. Business Analyst,"...products and services that help people, businesses and governments realize their greatest potential. Title and Summary Sr. Business Analyst, Advisors & Consulting Services (12 months fixed term) Role Context This is a hands-on fixed term role based in Port Moresby,...",products and services that help people businesses and governments realize their greatest potential title and summary sr business analyst advisors consulting services months fixed term role context this is a hands on fixed term role based in port moresby,"'12':23 'advisor':20 'analyst':19 'base':38 'busi':7,18 'consult':21 'context':28 'fix':25,35 'govern':9 'greatest':12 'hand':33 'hands-on':32 'help':5 'month':24 'moresbi':41 'peopl':6 'port':40 'potenti':13 'product':1 'realiz':10 'role':27,37 'servic':3,22 'sr':17 'summari':16 'term':26,36 'titl':14","{12,advisor,analyst,base,busi,consult,context,fix,govern,greatest,hand,hands-on,help,month,moresbi,peopl,port,potenti,product,realiz,role,servic,sr,summari,term,titl}"
ESG Junior Data Analyst (Mandarin Speaker),ISS | Institutional Shareholder Services,"",Australia," Let’s be #BrilliantTogether 
 OVERVIEW 
 ISS ESG offers expertise across a full range of environmental, social and governance (ESG) issues – having worked with leading asset owners and asset managers to develop solutions to integrate Responsible Investment (RI) into ...",workforce analyst,swooped.co,2026-02-27 00:00:00.000 +0700,not_specified,ESG Junior Data Analyst (Mandarin Speaker),"Let’s be #BrilliantTogether OVERVIEW ISS ESG offers expertise across a full range of environmental, social and governance (ESG) issues – having worked with leading asset owners and asset managers to develop solutions to integrate Responsible Investment (RI) into ...",let s be brillianttogether overview iss esg offers expertise across a full range of environmental social and governance esg issues having worked with leading asset owners and asset managers to develop solutions to integrate responsible investment ri into,"'across':9 'asset':25,28 'brillianttogeth':3 'develop':31 'environment':14 'esg':6,18 'expertis':8 'full':11 'govern':17 'integr':34 'invest':36 'iss':5 'issu':19 'lead':24 'let’':1 'manag':29 'offer':7 'overview':4 'owner':26 'rang':12 'respons':35 'ri':37 'social':15 'solut':32 'work':22 '–':20","{across,asset,brillianttogeth,develop,environment,esg,expertis,full,govern,integr,invest,iss,issu,lead,let’,manag,offer,overview,owner,rang,respons,ri,social,solut,work,–}"
"Senior Analyst, Business Development (Identity & Security Specialist Sales)",Mastercard,"",Australia,"&nbsp;...of products and services that help people, businesses and governments realize their greatest potential.  Title and Summary  Senior <b>Analyst,</b> Business Development (Identity & Security Specialist Sales)
 Overview 
 Mastercard is a global technology company in the payments...&nbsp;",workforce analyst,decentrajobs.com,2026-06-05 03:50:40.853 +0700,full_time,Senior Analyst,"...of products and services that help people, businesses and governments realize their greatest potential. Title and Summary Senior Analyst, Business Development (Identity & Security Specialist Sales) Overview Mastercard is a global technology company in the payments...",of products and services that help people businesses and governments realize their greatest potential title and summary senior analyst business development identity security specialist sales overview mastercard is a global technology company in the payments,"'analyst':19 'busi':8,20 'compani':32 'develop':21 'global':30 'govern':10 'greatest':13 'help':6 'ident':22 'mastercard':27 'overview':26 'payment':35 'peopl':7 'potenti':14 'product':2 'realiz':11 'sale':25 'secur':23 'senior':18 'servic':4 'specialist':24 'summari':17 'technolog':31 'titl':15","{analyst,busi,compani,develop,global,govern,greatest,help,ident,mastercard,overview,payment,peopl,potenti,product,realiz,sale,secur,senior,servic,specialist,summari,technolog,titl}"
SOC Analyst,Volexity,"",Australia,"&nbsp;...Volexity’s Security Operation Center (SOC) <b>Analysts </b>work to protect organizations from a wide variety of threats, ranging from commodity phishing and malware campaigns to highly targeted attacks involving zero-day exploits.  Candidates applying for this role should expect...&nbsp;",workforce analyst,hireskys.com,2026-07-25 02:49:37.647 +0700,full_time,SOC Analyst,"...Volexity’s Security Operation Center (SOC) Analysts work to protect organizations from a wide variety of threats, ranging from commodity phishing and malware campaigns to highly targeted attacks involving zero-day exploits. Candidates applying for this role should expect...",volexity s security operation center soc analysts work to protect organizations from a wide variety of threats ranging from commodity phishing and malware campaigns to highly targeted attacks involving zero day exploits candidates applying for this role should expect,'analyst':6 'appli':34 'attack':27 'campaign':23 'candid':33 'center':4 'commod':19 'day':31 'expect':39 'exploit':32 'high':25 'involv':28 'malwar':22 'oper':3 'organ':10 'phish':20 'protect':9 'rang':17 'role':37 'secur':2 'soc':5 'target':26 'threat':16 'varieti':14 'volexity’':1 'wide':13 'work':7 'zero':30 'zero-day':29,"{analyst,appli,attack,campaign,candid,center,commod,day,expect,exploit,high,involv,malwar,oper,organ,phish,protect,rang,role,secur,soc,target,threat,varieti,volexity’,wide,work,zero,zero-day}"
"Senior Analyst, Account Management",Mastercard,"",Australia,"&nbsp;...of products and services that help people, businesses and governments realize their greatest potential.  Title and Summary  Senior <b>Analyst,</b> Account Management 
 Overview 
 This role will drive sales effectiveness for one of Mastercard’s Global Key Accounts across both...&nbsp;",workforce analyst,decentrajobs.com,2026-06-10 03:11:53.880 +0700,full_time,Senior Analyst,"...of products and services that help people, businesses and governments realize their greatest potential. Title and Summary Senior Analyst, Account Management Overview This role will drive sales effectiveness for one of Mastercard’s Global Key Accounts across both...",of products and services that help people businesses and governments realize their greatest potential title and summary senior analyst account management overview this role will drive sales effectiveness for one of mastercard s global key accounts across both,"'account':20,35 'across':36 'analyst':19 'busi':8 'drive':26 'effect':28 'global':33 'govern':10 'greatest':13 'help':6 'key':34 'manag':21 'mastercard’':32 'one':30 'overview':22 'peopl':7 'potenti':14 'product':2 'realiz':11 'role':24 'sale':27 'senior':18 'servic':4 'summari':17 'titl':15","{account,across,analyst,busi,drive,effect,global,govern,greatest,help,key,manag,mastercard’,one,overview,peopl,potenti,product,realiz,role,sale,senior,servic,summari,titl}"
IT Security Analyst,Fender,"",Australia,"&nbsp;...cultural symbol that resonates globally. 
 Fender Musical Instruments Corporation (""FMIC"") is seeking an experienced IT Security <b>Analyst </b>to join our team in Sydney, Australia. Working within the Global IT Security, you will play a key role in maintaining the integrity...&nbsp;",workforce analyst,swooped.co,2025-09-06 00:00:00.000 +0700,not_specified,IT Security Analyst,"...cultural symbol that resonates globally. Fender Musical Instruments Corporation (""FMIC"") is seeking an experienced IT Security Analyst  to join our team in Sydney, Australia. Working within the Global IT Security, you will play a key role in maintaining the integrity...",cultural symbol that resonates globally fender musical instruments corporation fmic is seeking an experienced it security analyst to join our team in sydney australia working within the global it security you will play a key role in maintaining the integrity,"'analyst ':16 'australia':22 'corpor':9 'cultur':1 'experienced it':14 'fender':6 'fmic':10 'global':5,26 'instrument':8 'integr':38 'in sydney':21 'join':18 'key':33 'maintain':36 'music':7 'play':31 'reson':4 'role':34 'secur':15,28 'seek':12 'symbol':2 'team':20 'within':24 'work':23","{analyst ,australia,corpor,cultur,experienced it,fender,fmic,global,instrument,integr,in sydney,join,key,maintain,music,play,reson,role,secur,seek,symbol,team,within,work}"
Enterprise Operations Analyst II,Mastercard,"",Australia,"&nbsp;...services that help people, businesses and governments realize their greatest potential.  Title and Summary  Enterprise Operations <b>Analyst </b>II 
 Job Overview: Provide technical support for MasterCard’s operations environment. Analyze information to determine MasterCard...&nbsp;",workforce analyst,decentrajobs.com,2026-07-08 03:06:03.317 +0700,full_time,Enterprise Operations Analyst II,"...services that help people, businesses and governments realize their greatest potential. Title and Summary Enterprise Operations Analyst II Job Overview: Provide technical support for MasterCard’s operations environment. Analyze information to determine MasterCard...",services that help people businesses and governments realize their greatest potential title and summary enterprise operations analyst ii job overview provide technical support for mastercard s operations environment analyze information to determine mastercard,"'analyst':17 'analyz':28 'busi':5 'determin':31 'enterpris':15 'environ':27 'govern':7 'greatest':10 'help':3 'ii':18 'inform':29 'job':19 'mastercard':32 'mastercard’':25 'oper':16,26 'overview':20 'peopl':4 'potenti':11 'provid':21 'realiz':8 'servic':1 'summari':14 'support':23 'technic':22 'titl':12","{analyst,analyz,busi,determin,enterpris,environ,govern,greatest,help,ii,inform,job,mastercard,mastercard’,oper,overview,peopl,potenti,provid,realiz,servic,summari,support,technic,titl}"
"Product and Sales Analyst, Specialist - Core Consumer",Mastercard,"",Australia,"&nbsp;...and services that help people, businesses and governments realize their greatest potential.  Title and Summary  Product and Sales <b>Analyst,</b> Specialist – Core Consumer 
 Overview 
 Specialist, Product and Sales Analyst – Core Consumer supports the execution, adoption,...&nbsp;",workforce analyst,decentrajobs.com,2026-05-29 02:16:31.753 +0700,full_time,Product and Sales Analyst,"...and services that help people, businesses and governments realize their greatest potential. Title and Summary Product and Sales Analyst, Specialist – Core Consumer Overview Specialist, Product and Sales Analyst – Core Consumer supports the execution, adoption,...",and services that help people businesses and governments realize their greatest potential title and summary product and sales analyst specialist core consumer overview specialist product and sales analyst core consumer supports the execution adoption,"'adopt':36 'analyst':19,29 'busi':6 'consum':23,32 'core':22,31 'execut':35 'govern':8 'greatest':11 'help':4 'overview':24 'peopl':5 'potenti':12 'product':16,26 'realiz':9 'sale':18,28 'servic':2 'specialist':20,25 'summari':15 'support':33 'titl':13 '–':21,30","{adopt,analyst,busi,consum,core,execut,govern,greatest,help,overview,peopl,potenti,product,realiz,sale,servic,specialist,summari,support,titl,–}"
"Consultant, Advisors & Consulting Services, Business Experimentation",Mastercard,"",Australia,"&nbsp;...· Collaborate with Mastercard team to understand clients’ needs, agenda, and risks 
· Develop working relationship with client <b>analysts/</b>managers, and act as trusted and reliable partner 
· Provide analytical and technical subject matter guidance and drive client success...&nbsp;",workforce analyst,decentrajobs.com,2026-07-06 02:45:39.380 +0700,full_time,Consultant,"...· Collaborate with Mastercard team to understand clients’ needs, agenda, and risks · Develop working relationship with client analysts/ managers, and act as trusted and reliable partner · Provide analytical and technical subject matter guidance and drive client success...",collaborate with mastercard team to understand clients needs agenda and risks develop working relationship with client analysts managers and act as trusted and reliable partner provide analytical and technical subject matter guidance and drive client success,"'act':22 'agenda':10 'analyst':19 'analyt':30 'client':18,38 'clients’':8 'collabor':2 'develop':14 'drive':37 'guidanc':35 'manag':20 'mastercard':4 'matter':34 'need':9 'partner':27 'provid':29 'relationship':16 'reliabl':26 'risk':12 'subject':33 'success':39 'team':5 'technic':32 'trust':24 'understand':7 'work':15 '·':1,13,28","{act,agenda,analyst,analyt,client,clients’,collabor,develop,drive,guidanc,manag,mastercard,matter,need,partner,provid,relationship,reliabl,risk,subject,success,team,technic,trust,understand,work,·}"
Compliance Officer,CoinJar,"",Australia," Position Overview 
 Compliance is a key team that ensures CoinJar meets its regulatory requirements whilst enabling the business to achieve its strategic objectives and fostering best customer outcomes. As we continue to expand our cryptocurrency business, we're seeking...",workforce analyst,swooped.co,2025-09-15 00:00:00.000 +0700,not_specified,Compliance Officer,"Position Overview Compliance is a key team that ensures CoinJar meets its regulatory requirements whilst enabling the business to achieve its strategic objectives and fostering best customer outcomes. As we continue to expand our cryptocurrency business, we're seeking...",position overview compliance is a key team that ensures coinjar meets its regulatory requirements whilst enabling the business to achieve its strategic objectives and fostering best customer outcomes as we continue to expand our cryptocurrency business we re seeking,"'achiev':20 'best':26 'busi':18,36 'coinjar':10 'complianc':3 'continu':31 'cryptocurr':35 'custom':27 'enabl':16 'ensur':9 'expand':33 'foster':25 'key':6 'meet':11 'object':23 'outcom':28 'overview':2 'posit':1 're':38 'regulatori':13 'requir':14 'seek':39 'strateg':22 'team':7 'whilst':15","{achiev,best,busi,coinjar,complianc,continu,cryptocurr,custom,enabl,ensur,expand,foster,key,meet,object,outcom,overview,posit,re,regulatori,requir,seek,strateg,team,whilst}"
Senior Compliance Officer & MRLO,Nuvei,"",Australia," The world of payment processing is rapidly evolving, and businesses are looking for loyal and strategic partners to help them grow. 
 WE ARE NUVEI. A Canadian fintech company accelerating the business of clients around the world. Nuvei’s modular, flexible and scalable...",workforce analyst,swooped.co,2025-09-04 00:00:00.000 +0700,not_specified,Senior Compliance Officer & MRLO,"The world of payment processing is rapidly evolving, and businesses are looking for loyal and strategic partners to help them grow. WE ARE NUVEI. A Canadian fintech company accelerating the business of clients around the world. Nuvei’s modular, flexible and scalable...",the world of payment processing is rapidly evolving and businesses are looking for loyal and strategic partners to help them grow we are nuvei a canadian fintech company accelerating the business of clients around the world nuvei s modular flexible and scalable,"'acceler':29 'around':34 'busi':10,31 'canadian':26 'client':33 'compani':28 'evolv':8 'fintech':27 'flexibl':39 'grow':21 'help':19 'look':12 'loyal':14 'modular':38 'nuvei':24 'nuvei’':37 'partner':17 'payment':4 'process':5 'rapid':7 'scalabl':41 'strateg':16 'world':2,36","{acceler,around,busi,canadian,client,compani,evolv,fintech,flexibl,grow,help,look,loyal,modular,nuvei,nuvei’,partner,payment,process,rapid,scalabl,strateg,world}"
"Senior Project Manager, Deploy | Card Migration - FTC 20 Months",Mastercard,"",Australia," Our Purpose  Mastercard powers economies and empowers people in 200+ countries and territories worldwide. Together with our customers, we’re helping build a sustainable economy where everyone can prosper. We support a wide range of digital payments choices, making transactions...",workforce analyst,decentrajobs.com,2026-06-24 04:42:59.507 +0700,full_time,Senior Project Manager,"Our Purpose Mastercard powers economies and empowers people in 200+ countries and territories worldwide. Together with our customers, we’re helping build a sustainable economy where everyone can prosper. We support a wide range of digital payments choices, making transactions...",our purpose mastercard powers economies and empowers people in countries and territories worldwide together with our customers we re helping build a sustainable economy where everyone can prosper we support a wide range of digital payments choices making transactions,'200':10 'a sustainable economi':22 'build':21 'choic':35 'countri':11 'custom':18 'digit':33 'economi':5 'empow':7 'everyon':24 'help':20 'make':36 'mastercard':3 'payment':34 'peopl':8 'power':4 'prosper':26 'purpos':2 'rang':31 'support':28 'territori':13 'togeth':15 'transact':37 'we’r':19 'wide':30 'worldwid':14,"{200,a sustainable economi,build,choic,countri,custom,digit,economi,empow,everyon,help,make,mastercard,payment,peopl,power,prosper,purpos,rang,support,territori,togeth,transact,we’r,wide,worldwid}"
Expert Software Engineer - Data Orchestration,Feedzai,"",Australia,"&nbsp;...challenges. Such as building distributed systems that need to operate 24/7 and ultra-low latencies, solving UI/UX problems to help fraud <b>analysts </b>to fight fraud more efficiently. In addition, designing extensive databases from relational, NoSQL and graphs, validate and...&nbsp;",workforce analyst,swooped.co,2025-09-27 00:00:00.000 +0700,not_specified,Expert Software Engineer - Data Orchestration,"...challenges. Such as building distributed systems that need to operate 24/7 and ultra-low latencies, solving UI/UX problems to help fraud analysts to fight fraud more efficiently. In addition, designing extensive databases from relational, NoSQL and graphs, validate and...",challenges such as building distributed systems that need to operate and ultra low latencies solving ui ux problems to help fraud analysts to fight fraud more efficiently in addition designing extensive databases from relational nosql and graphs validate and,"'24/7':11 'addit':30 'analyst':23 'build':4 'challeng':1 'databas':33 'design':31 'distribut':5 'effici':28 'extens':32 'fight':25 'fraud':22,26 'graph':38 'help':21 'latenc':16 'low':15 'need':8 'nosql':36 'oper':10 'problem':19 'relat':35 'solv':17 'system':6 'ui/ux':18 'ultra':14 'ultra-low':13 'valid':39","{24/7,addit,analyst,build,challeng,databas,design,distribut,effici,extens,fight,fraud,graph,help,latenc,low,need,nosql,oper,problem,relat,solv,system,ui/ux,ultra,ultra-low,valid}"
Marine Engineers (3rd OOW Engineers),DOF,"",Australia,"&nbsp;...results and solve problems, but not without showing integrity and focusing on communication along the way. 
 With a multi-national <b>workforce </b>of around 3,800 personnel, DOF is an international group of companies which owns and operates a fleet of modern offshore/subsea...&nbsp;",workforce analyst,swooped.co,2025-09-22 00:00:00.000 +0700,not_specified,Marine Engineers (3rd OOW Engineers),"...results and solve problems, but not without showing integrity and focusing on communication along the way. With a multi-national workforce of around 3,800 personnel, DOF is an international group of companies which owns and operates a fleet of modern offshore/subsea...",results and solve problems but not without showing integrity and focusing on communication along the way with a multi national workforce of around personnel dof is an international group of companies which owns and operates a fleet of modern offshore subsea,'3':25 '800':26 'along':14 'around':24 'communic':13 'compani':34 'dof':28 'fleet':40 'focus':11 'group':32 'integr':9 'intern':31 'modern':42 'multi':20 'multi-n':19 'nation':21 'offshore/subsea':43 'oper':38 'own':36 'personnel':27 'problem':4 'result':1 'show':8 'solv':3 'way':16 'without':7 'workforc':22,"{3,800,along,around,communic,compani,dof,fleet,focus,group,integr,intern,modern,multi,multi-n,nation,offshore/subsea,oper,own,personnel,problem,result,show,solv,way,without,workforc}"
Senior or Lead Analytics Engineer,Insight Timer,"",Australia," We’re looking for a Senior or Lead Analytics Engineer to help Insight Timer learn from its data. Insight Timer is the world’s largest meditation and wellness community, with over 30 million users. You’ll work closely with product, engineering and company leaders, turning...",workforce analyst,hireskys.com,2026-07-16 07:54:32.603 +0700,full_time,Senior or Lead Analytics Engineer,"We’re looking for a Senior or Lead Analytics Engineer to help Insight Timer learn from its data. Insight Timer is the world’s largest meditation and wellness community, with over 30 million users. You’ll work closely with product, engineering and company leaders, turning...",we re looking for a senior or lead analytics engineer to help insight timer learn from its data insight timer is the world s largest meditation and wellness community with over million users you ll work closely with product engineering and company leaders turning,"'30':30 'analyt':8 'close':35 'communiti':27 'compani':40 'data':17 'engin':9,38 'help':11 'insight':12,18 'largest':23 'lead':7 'leader':41 'learn':14 'look':2 'medit':24 'million':31 'product':37 'senior':5 'timer':13,19 'turn':42 'user':32 'well':26 'we’r':1 'work':34 'world’':22 'you’ll':33","{30,analyt,close,communiti,compani,data,engin,help,insight,largest,lead,leader,learn,look,medit,million,product,senior,timer,turn,user,well,we’r,work,world’,you’ll}"
Fire Technicians - Test / Service or Install Roles,Network Recruitment,$65 per hour,Australia," I have a few Clients that are looking for experienced Testers, Install/Program & Service Techies (Alarms/Panels & other roles for Portables/Sprinklers etc) for various roles across Sydney. 
 
 
 Tester - Monthly / Annuals - Wet & Dry + Experience $'s Negotiable 
 Panel...",workforce analyst,atzcrm.com,2026-05-23 00:00:00.000 +0700,not_specified,Fire Technicians - Test / Service or Install Roles,"I have a few Clients that are looking for experienced Testers, Install/Program & Service Techies (Alarms/Panels & other roles for Portables/Sprinklers etc) for various roles across Sydney.   Tester - Monthly / Annuals - Wet & Dry + Experience $'s Negotiable Panel...",i have a few clients that are looking for experienced testers install program service techies alarms panels other roles for portables sprinklers etc for various roles across sydney tester monthly annuals wet dry experience s negotiable panel,"'across':23 'alarms/panels':14 'annual':28 'client':5 'dri':30 'experi':31 'experienc':9 'install/program':11 'looking for':8 'month':27 'negoti':33 'panel':34 'portables/sprinklers':18 'role':16,22 'servic':12 'sydney':24 'techi':13 'tester':10,26 'various':21 'wet':29 ' ':25 ' etc':19","{across,alarms/panels,annual,client,dri,experi,experienc,install/program,looking for,month,negoti,panel,portables/sprinklers,role,servic,sydney,techi,tester,various,wet, , etc}"
"Senior Specialist, Technical Product Enablement and Sales",Mastercard,"",Australia," Our Purpose  Mastercard powers economies and empowers people in 200+ countries and territories worldwide. Together with our customers, we’re helping build a sustainable economy where everyone can prosper. We support a wide range of digital payments choices, making transactions...",workforce analyst,decentrajobs.com,2026-07-07 03:05:09.240 +0700,full_time,Senior Specialist,"Our Purpose Mastercard powers economies and empowers people in 200+ countries and territories worldwide. Together with our customers, we’re helping build a sustainable economy where everyone can prosper. We support a wide range of digital payments choices, making transactions...",our purpose mastercard powers economies and empowers people in countries and territories worldwide together with our customers we re helping build a sustainable economy where everyone can prosper we support a wide range of digital payments choices making transactions,'200':10 'a sustainable economi':22 'build':21 'choic':35 'countri':11 'custom':18 'digit':33 'economi':5 'empow':7 'everyon':24 'help':20 'make':36 'mastercard':3 'payment':34 'peopl':8 'power':4 'prosper':26 'purpos':2 'rang':31 'support':28 'territori':13 'togeth':15 'transact':37 'we’r':19 'wide':30 'worldwid':14,"{200,a sustainable economi,build,choic,countri,custom,digit,economi,empow,everyon,help,make,mastercard,payment,peopl,power,prosper,purpos,rang,support,territori,togeth,transact,we’r,wide,worldwid}"
Influencer Specialist,White Fox Boutique,"",Australia," White Fox is a globally recognised fashion brand loved by babes and celebs worldwide. 
 Established in 2013 and based in Sydney, Australia, White Fox has quickly become the go-to online fashion destination and is continuing to take over wardrobes everywhere. 
 An exciting...",workforce analyst,swooped.co,2025-08-12 00:00:00.000 +0700,not_specified,Influencer Specialist,"White Fox is a globally recognised fashion brand loved by babes and celebs worldwide. Established in 2013 and based in Sydney, Australia, White Fox has quickly become the go-to online fashion destination and is continuing to take over wardrobes everywhere. An exciting...",white fox is a globally recognised fashion brand loved by babes and celebs worldwide established in and based in sydney australia white fox has quickly become the go to online fashion destination and is continuing to take over wardrobes everywhere an exciting,"'2013':17 'australia':22 'babe':11 'base':19 'becom':27 'brand':8 'celeb':13 'continu':37 'destin':34 'establish':15 'everywher':42 'excit':44 'fashion':7,33 'fox':2,24 'global':5 'go':30 'go-to':29 'love':9 'onlin':32 'quick':26 'recognis':6 'sydney':21 'take':39 'wardrob':41 'white':1,23 'worldwid':14","{2013,australia,babe,base,becom,brand,celeb,continu,destin,establish,everywher,excit,fashion,fox,global,go,go-to,love,onlin,quick,recognis,sydney,take,wardrob,white,worldwid}"
Client Solutions Project Manager,ServiceRocket,"",Australia," G'day!
 We are  ServiceRocket &##128640; , a global tech-enabled services company headquartered in Palo Alto, California. Our purpose is to be the single most reliable partner in the acceleration of your growth. At ServiceRocket, we are committed to the development of...",workforce analyst,swooped.co,2025-08-04 00:00:00.000 +0700,not_specified,Client Solutions Project Manager,"G'day! We are ServiceRocket &##128640; , a global tech-enabled services company headquartered in Palo Alto, California. Our purpose is to be the single most reliable partner in the acceleration of your growth. At ServiceRocket, we are committed to the development of...",g day we are servicerocket a global tech enabled services company headquartered in palo alto california our purpose is to be the single most reliable partner in the acceleration of your growth at servicerocket we are committed to the development of,"'128640':6 'acceler':31 'alto':17 'california':18 'commit':39 'compani':13 'day':2 'develop':42 'enabl':11 'g':1 'global':8 'growth':34 'headquart':14 'palo':16 'partner':28 'purpos':20 'reliabl':27 'servic':12 'servicerocket':5,36 'singl':25 'tech':10 'tech-en':9","{128640,acceler,alto,california,commit,compani,day,develop,enabl,g,global,growth,headquart,palo,partner,purpos,reliabl,servic,servicerocket,singl,tech,tech-en}"
Staff Data Scientist,Tilt,"",Australia," The Opportunity: Staff Data Scientist  We’re hiring for a  Staff Data Scientist  to help expand Tilt’s credit modeling and risk analytics capability for our Philippines-based business, Cashalo. 
 This is a high impact role with a direct mandate to  build and refine underwriting...",workforce analyst,hireskys.com,2026-07-17 03:33:25.740 +0700,full_time,Staff Data Scientist,"The Opportunity: Staff Data Scientist We’re hiring for a Staff Data Scientist to help expand Tilt’s credit modeling and risk analytics capability for our Philippines-based business, Cashalo. This is a high impact role with a direct mandate to build and refine underwriting...",the opportunity staff data scientist we re hiring for a staff data scientist to help expand tilt s credit modeling and risk analytics capability for our philippines based business cashalo this is a high impact role with a direct mandate to build and refine underwriting,"'analyt':21 'base':27 'build':41 'busi':28 'capabl':22 'cashalo':29 'credit':17 'data':4,11 'direct':38 'expand':15 'help':14 'high':33 'hire':7 'impact':34 'mandat':39 'model':18 'opportun':2 'philippin':26 'philippines-bas':25 'refin':43 'risk':20 'role':35 'scientist':5,12 'staff':3,10 'tilt’':16 'underwrit':44 'we’r':6","{analyt,base,build,busi,capabl,cashalo,credit,data,direct,expand,help,high,hire,impact,mandat,model,opportun,philippin,philippines-bas,refin,risk,role,scientist,staff,tilt’,underwrit,we’r}"
QA Engineer,Keypath Education,"",Australia,"&nbsp;...Demonstrated professional software development track record operating as a Quality Assurance Engineer, Automated Tester, SDET, Test <b>Analyst,</b> or closely matching tech-enabled quality verification capacity. 
 Expert Quality Suite Command:  Meticulous hands-on background...&nbsp;",workforce analyst,hireskys.com,2026-07-07 07:54:24.497 +0700,full_time,QA Engineer,"...Demonstrated professional software development track record operating as a Quality Assurance Engineer, Automated Tester, SDET, Test Analyst, or closely matching tech-enabled quality verification capacity. Expert Quality Suite Command: Meticulous hands-on background...",demonstrated professional software development track record operating as a quality assurance engineer automated tester sdet test analyst or closely matching tech enabled quality verification capacity expert quality suite command meticulous hands on background,"'analyst':17 'assur':11 'autom':13 'background':35 'capac':26 'close':19 'command':30 'demonstr':1 'develop':4 'enabl':23 'engin':12 'expert':27 'hand':33 'hands-on':32 'match':20 'meticul':31 'oper':7 'profession':2 'qualiti':10,24,28 'record':6 'sdet':15 'softwar':3 'suit':29 'tech':22 'tech-en':21 'test':16 'tester':14 'track':5 'verif':25","{analyst,assur,autom,background,capac,close,command,demonstr,develop,enabl,engin,expert,hand,hands-on,match,meticul,oper,profession,qualiti,record,sdet,softwar,suit,tech,tech-en,test,tester,track,verif}"
Service Centre Supervisor - Night Shift,CHEP,"",Australia,"&nbsp;...Stakeholder Engagement, Strategic Thinking {+ 1 more}
 We are an Equal Opportunity Employer, and we are committed to developing a diverse <b>workforce </b>in which everyone is treated fairly, with respect, and has the opportunity to contribute to business success while realizing his...&nbsp;",workforce analyst,swooped.co,2025-09-30 00:00:00.000 +0700,not_specified,Service Centre Supervisor - Night Shift,"...Stakeholder Engagement, Strategic Thinking {+ 1 more} We are an Equal Opportunity Employer, and we are committed to developing a diverse workforce in which everyone is treated fairly, with respect, and has the opportunity to contribute to business success while realizing his...",stakeholder engagement strategic thinking more we are an equal opportunity employer and we are committed to developing a diverse workforce in which everyone is treated fairly with respect and has the opportunity to contribute to business success while realizing his,"'1':5 'busi':37 'commit':16 'contribut':35 'develop':18 'divers':20 'employ':12 'engag':2 'equal':10 'everyon':24 'fair':27 'opportun':11,33 'realiz':40 'respect':29 'stakehold':1 'strateg':3 'success':38 'think':4 'treat':26 'workforc':21","{1,busi,commit,contribut,develop,divers,employ,engag,equal,everyon,fair,opportun,realiz,respect,stakehold,strateg,success,think,treat,workforc}"
Affiliate BD Manager,OKX,"",Australia," Who We Are  At OKX, we believe that the future will be reshaped by crypto, and ultimately contribute to every individual's freedom. 
 OKX is a leading crypto exchange, and the developer of OKX Wallet, giving millions access to crypto trading and decentralized crypto applications...",workforce analyst,decentrajobs.com,2026-07-23 09:24:54.673 +0700,full_time,Affiliate BD Manager,"Who We Are At OKX, we believe that the future will be reshaped by crypto, and ultimately contribute to every individual's freedom. OKX is a leading crypto exchange, and the developer of OKX Wallet, giving millions access to crypto trading and decentralized crypto applications...",who we are at okx we believe that the future will be reshaped by crypto and ultimately contribute to every individual s freedom okx is a leading crypto exchange and the developer of okx wallet giving millions access to crypto trading and decentralized crypto applications,"'access':38 'applic':45 'believ':7 'contribut':18 'crypto':15,28,40,44 'decentr':43 'develop':32 'everi':20 'exchang':29 'freedom':23 'futur':10 'give':36 'individu':21 'lead':27 'million':37 'okx':5,24,34 'reshap':13 'trade':41 'ultim':17 'wallet':35","{access,applic,believ,contribut,crypto,decentr,develop,everi,exchang,freedom,futur,give,individu,lead,million,okx,reshap,trade,ultim,wallet}"
Incident Manager,Leidos,"",Australia," At Leidos, we deliver innovative solutions through the efforts of our diverse and talented people who are dedicated to our customers’ success. We empower our teams, contribute to our communities, and operate sustainable practices. Everything we do is built on a commitment...",workforce analyst,swooped.co,2025-09-10 00:00:00.000 +0700,not_specified,Incident Manager,"At Leidos, we deliver innovative solutions through the efforts of our diverse and talented people who are dedicated to our customers’ success. We empower our teams, contribute to our communities, and operate sustainable practices. Everything we do is built on a commitment...",at leidos we deliver innovative solutions through the efforts of our diverse and talented people who are dedicated to our customers success we empower our teams contribute to our communities and operate sustainable practices everything we do is built on a commitment,'built':39 'commit':42 'communiti':30 'contribut':27 'customers’':21 'dedic':18 'deliv':4 'divers':12 'effort':9 'empow':24 'everyth':35 'innov':5 'leido':2 'oper':32 'peopl':15 'practic':34 'solut':6 'success':22 'sustain':33 'talent':14 'team':26,"{built,commit,communiti,contribut,customers’,dedic,deliv,divers,effort,empow,everyth,innov,leido,oper,peopl,practic,solut,success,sustain,talent,team}"
Lodge Manager | Outback Spirit Tours,Journey Beyond,"",Australia,"
 ABOUT US: 
 Australia’s leading experiential tourism group,  Journey Beyond  , is privileged to operate 17 brands spanning the country, connecting guests to the land, and to each other. Headquartered in Adelaide, Journey Beyond formed in 2016 and now comprises tourism...",workforce analyst,swooped.co,2025-09-29 00:00:00.000 +0700,not_specified,Lodge Manager | Outback Spirit Tours,"ABOUT US: Australia’s leading experiential tourism group, Journey Beyond , is privileged to operate 17 brands spanning the country, connecting guests to the land, and to each other. Headquartered in Adelaide, Journey Beyond formed in 2016 and now comprises tourism...",about us australia s leading experiential tourism group journey beyond is privileged to operate brands spanning the country connecting guests to the land and to each other headquartered in adelaide journey beyond formed in and now comprises tourism,"'17':14 '2016':35 'adelaid':30 'australia’':3 'beyond':9,32 'brand':15 'compris':38 'connect':19 'countri':18 'experienti':5 'form':33 'group':7 'guest':20 'headquart':28 'journey':8,31 'land':23 'lead':4 'oper':13 'privileg':11 'span':16 'tourism':6,39 'us':2","{17,2016,adelaid,australia’,beyond,brand,compris,connect,countri,experienti,form,group,guest,headquart,journey,land,lead,oper,privileg,span,tourism,us}"
Senior Service Reliability Engineer,Zé Delivery,"",Australia," Why PlayStation?
 PlayStation isn’t just the Best Place to Play — it’s also the Best Place to Work. Today, we’re recognized as a global leader in entertainment producing The PlayStation family of products and services including PlayStation®5, PlayStation®4, PlayStation...",workforce analyst,swooped.co,2025-08-21 00:00:00.000 +0700,not_specified,Senior Service Reliability Engineer,"Why PlayStation? PlayStation isn’t just the Best Place to Play — it’s also the Best Place to Work. Today, we’re recognized as a global leader in entertainment producing The PlayStation family of products and services including PlayStation®5, PlayStation®4, PlayStation...",why playstation playstation isn t just the best place to play it s also the best place to work today we re recognized as a global leader in entertainment producing the playstation family of products and services including playstation playstation playstation,"'also':13 'best':7,15 'entertain':27 'famili':31 'global':24 'includ':36 'isn’t':4 'it’':12 'leader':25 'place':8,16 'play':10 'playstat':2,3,30,39 'playstation®4':38 'playstation®5':37 'produc':28 'product':33 'recogn':21 'servic':35 'today':19 'we’r':20 'work':18 '—':11","{also,best,entertain,famili,global,includ,isn’t,it’,leader,place,play,playstat,playstation®4,playstation®5,produc,product,recogn,servic,today,we’r,work,—}"
Field Service Fitter,SD Guthrie Berhad,"",Australia," Company : 
 Hastings Deering (Australia) Ltd 
 About the Role 
 Whether you’re kicking off your career or looking to take the next big step, we offer opportunities for our team to  start something BIG  (along with some seriously good perks). We are on the hunt for experienced...",workforce analyst,swooped.co,2025-08-13 00:00:00.000 +0700,not_specified,Field Service Fitter,"Company : Hastings Deering (Australia) Ltd About the Role Whether you’re kicking off your career or looking to take the next big step, we offer opportunities for our team to start something BIG (along with some seriously good perks). We are on the hunt for experienced...",company hastings deering australia ltd about the role whether you re kicking off your career or looking to take the next big step we offer opportunities for our team to start something big along with some seriously good perks we are on the hunt for experienced,"'along':33 'australia':4 'big':21,32 'career':14 'compani':1 'deer':3 'experienc':45 'good':37 'hast':2 'hunt':43 'kick':11 'look':16 'ltd':5 'next':20 'offer':24 'opportun':25 'perk':38 'role':8 'serious':36 'someth':31 'start':30 'step':22 'take':18 'team':28 'whether':9 'you’r':10","{along,australia,big,career,compani,deer,experienc,good,hast,hunt,kick,look,ltd,next,offer,opportun,perk,role,serious,someth,start,step,take,team,whether,you’r}"
Account Manager,Podium,$600 per month,Australia," At Podium, our mission is to arm every local business with a complete platform and outcome-driven AI employees that convert leads into real, paying customers. Every day, millions of workers use our AI lead conversion and communication platform to help them get more leads...",workforce analyst,swooped.co,2025-08-01 00:00:00.000 +0700,not_specified,Account Manager,"At Podium, our mission is to arm every local business with a complete platform and outcome-driven AI employees that convert leads into real, paying customers. Every day, millions of workers use our AI lead conversion and communication platform to help them get more leads...",at podium our mission is to arm every local business with a complete platform and outcome driven ai employees that convert leads into real paying customers every day millions of workers use our ai lead conversion and communication platform to help them get more leads,"'ai':19,35 'arm':7 'busi':10 'communic':39 'complet':13 'convers':37 'convert':22 'custom':27 'day':29 'driven':18 'employe':20 'everi':8,28 'get':44 'help':42 'lead':23,36,46 'local':9 'million':30 'mission':4 'outcom':17 'outcome-driven':16 'pay':26 'platform':14,40 'podium':2 'real':25 'use':33 'worker':32","{ai,arm,busi,communic,complet,convers,convert,custom,day,driven,employe,everi,get,help,lead,local,million,mission,outcom,outcome-driven,pay,platform,podium,real,use,worker}"
Commercial Account Executive - Australia,GitLab,"",Australia," GitLab  is the intelligent orchestration platform for  DevSecOps  .  GitLab  enables organizations to increase developer productivity, improve operational efficiency, reduce security and compliance risk, and accelerate digital transformation. More than 50 million registered...",workforce analyst,hireskys.com,2026-07-13 07:54:26.980 +0700,full_time,Commercial Account Executive - Australia,"GitLab is the intelligent orchestration platform for DevSecOps . GitLab enables organizations to increase developer productivity, improve operational efficiency, reduce security and compliance risk, and accelerate digital transformation. More than 50 million registered...",gitlab is the intelligent orchestration platform for devsecops gitlab enables organizations to increase developer productivity improve operational efficiency reduce security and compliance risk and accelerate digital transformation more than million registered,"'50':30 'acceler':25 'complianc':22 'develop':14 'devsecop':8 'digit':26 'effici':18 'enabl':10 'gitlab':1,9 'improv':16 'increas':13 'intellig':4 'million':31 'oper':17 'orchestr':5 'organ':11 'platform':6 'product':15 'reduc':19 'regist':32 'risk':23 'secur':20 'transform':27","{50,acceler,complianc,develop,devsecop,digit,effici,enabl,gitlab,improv,increas,intellig,million,oper,orchestr,organ,platform,product,reduc,regist,risk,secur,transform}"
Commercial Account Executive,Dandy,"",Australia," About Us  Dandy is transforming the massive and antiquated dental industry—an industry worth over $400B. Backed by some of the world’s leading venture capital firms, we’re on an ambitious mission to simplify and modernize every function of the dental practice through technology...",workforce analyst,hireskys.com,2026-07-21 04:08:24.380 +0700,full_time,Commercial Account Executive,"About Us Dandy is transforming the massive and antiquated dental industry—an industry worth over $400B. Backed by some of the world’s leading venture capital firms, we’re on an ambitious mission to simplify and modernize every function of the dental practice through technology...",about us dandy is transforming the massive and antiquated dental industry an industry worth over b backed by some of the world s leading venture capital firms we re on an ambitious mission to simplify and modernize every function of the dental practice through technology,"'400b':15 'ambiti':29 'antiqu':9 'back':16 'capit':24 'dandi':3 'dental':10,39 'everi':35 'firm':25 'function':36 'industri':12 'industry—an':11 'lead':22 'massiv':7 'mission':30 'modern':34 'practic':40 'simplifi':32 'technolog':42 'transform':5 'us':2 'ventur':23 'we’r':26 'world’':21 'worth':13","{400b,ambiti,antiqu,back,capit,dandi,dental,everi,firm,function,industri,industry—an,lead,massiv,mission,modern,practic,simplifi,technolog,transform,us,ventur,we’r,world’,worth}"
Maintenance Support Manager,Northrop Grumman,"",Australia," AUSTRALIAN CITIZENSHIP REQUIRED FOR THIS POSITION: Yes 
 RELOCATION ASSISTANCE: Relocation assistance may be available 
 CLEARANCE TYPE: AU- Secret (NV1)
 TRAVEL: Yes, 10% of the Time 
 Description 
 We’re building a reputation as the place to be in Defence. Uniquely...",workforce analyst,swooped.co,2025-08-14 00:00:00.000 +0700,not_specified,Maintenance Support Manager,"AUSTRALIAN CITIZENSHIP REQUIRED FOR THIS POSITION: Yes RELOCATION ASSISTANCE: Relocation assistance may be available CLEARANCE TYPE: AU- Secret (NV1) TRAVEL: Yes, 10% of the Time Description We’re building a reputation as the place to be in Defence. Uniquely...",australian citizenship required for this position yes relocation assistance relocation assistance may be available clearance type au secret nv travel yes of the time description we re building a reputation as the place to be in defence uniquely,"'10':22 'assist':9,11 'au':17 'australian':1 'avail':14 'build':28 'citizenship':2 'clearanc':15 'defenc':37 'descript':26 'may':12 'nv1':19 'place':33 'posit':6 'reloc':8,10 'reput':30 'requir':3 'secret':18 'time':25 'travel':20 'type':16 'uniqu':38 'we’r':27 'yes':7,21","{10,assist,au,australian,avail,build,citizenship,clearanc,defenc,descript,may,nv1,place,posit,reloc,reput,requir,secret,time,travel,type,uniqu,we’r,yes}"
State Sales Manager,XPENG,"",Australia," ABOUT XPENG  XPENG is entering an exciting stage of growth in Australia, and we are seeking an experienced State Manager – Western Australia to lead our WA market operations. 
 This is a key leadership role responsible for driving sales performance, supporting dealer ...",workforce analyst,ev.careers,2026-07-22 19:38:38.283 +0700,full_time,State Sales Manager,"ABOUT XPENG XPENG is entering an exciting stage of growth in Australia, and we are seeking an experienced State Manager – Western Australia to lead our WA market operations. This is a key leadership role responsible for driving sales performance, supporting dealer ...",about xpeng xpeng is entering an exciting stage of growth in australia and we are seeking an experienced state manager western australia to lead our wa market operations this is a key leadership role responsible for driving sales performance supporting dealer,"'australia':12,23 'dealer':42 'drive':38 'enter':5 'excit':7 'experienc':18 'growth':10 'key':33 'lead':25 'leadership':34 'manag':20 'market':28 'oper':29 'perform':40 'respons':36 'role':35 'sale':39 'seek':16 'stage':8 'state':19 'support':41 'wa':27 'western':22 'xpeng':2,3 '–':21","{australia,dealer,drive,enter,excit,experienc,growth,key,lead,leadership,manag,market,oper,perform,respons,role,sale,seek,stage,state,support,wa,western,xpeng,–}"
Workday Consulting Services Manager,"Collaborative Solutions, LLC","",Australia," The Manager, Consulting Services is a “go to” practice leader that provides expert guidance, advice, and development support to the Consulting management team and their subsequent team members. This individual will assist the sales team with sales activities such as orals...",workforce analyst,swooped.co,2025-08-13 00:00:00.000 +0700,not_specified,Workday Consulting Services Manager,"The Manager, Consulting Services is a “go to” practice leader that provides expert guidance, advice, and development support to the Consulting management team and their subsequent team members. This individual will assist the sales team with sales activities such as orals...",the manager consulting services is a go to practice leader that provides expert guidance advice and development support to the consulting management team and their subsequent team members this individual will assist the sales team with sales activities such as orals,"'activ':35 'advic':14 'assist':30 'consult':3,20 'develop':16 'expert guid':13 'individu':28 'leader':10 'manag':2,21 'member':26 'oral':38 'practic':9 'provid':12 'sale':32 'servic':4 'subsequ':24 'support':17 'team':25,33 'team and':22 'to”':8 'with sal':34 '“go':7","{activ,advic,assist,consult,develop,expert guid,individu,leader,manag,member,oral,practic,provid,sale,servic,subsequ,support,team,team and,to”,with sal,“go}"
Senior Marketing Manager (16 months fixed term),Mastercard,"",Australia," Our Purpose  Mastercard powers economies and empowers people in 200+ countries and territories worldwide. Together with our customers, we’re helping build a sustainable economy where everyone can prosper. We support a wide range of digital payments choices, making transactions...",workforce analyst,decentrajobs.com,2026-06-22 04:00:58.060 +0700,full_time,Senior Marketing Manager (16 months fixed term),"Our Purpose Mastercard powers economies and empowers people in 200+ countries and territories worldwide. Together with our customers, we’re helping build a sustainable economy where everyone can prosper. We support a wide range of digital payments choices, making transactions...",our purpose mastercard powers economies and empowers people in countries and territories worldwide together with our customers we re helping build a sustainable economy where everyone can prosper we support a wide range of digital payments choices making transactions,'200':10 'a sustainable economi':22 'build':21 'choic':35 'countri':11 'custom':18 'digit':33 'economi':5 'empow':7 'everyon':24 'help':20 'make':36 'mastercard':3 'payment':34 'peopl':8 'power':4 'prosper':26 'purpos':2 'rang':31 'support':28 'territori':13 'togeth':15 'transact':37 'we’r':19 'wide':30 'worldwid':14,"{200,a sustainable economi,build,choic,countri,custom,digit,economi,empow,everyon,help,make,mastercard,payment,peopl,power,prosper,purpos,rang,support,territori,togeth,transact,we’r,wide,worldwid}"
VIP Relationship Manager,OKX,"",Australia," Who We Are  At OKX, we believe that the future will be reshaped by crypto, and ultimately contribute to every individual's freedom. 
 OKX is a leading crypto exchange, and the developer of OKX Wallet, giving millions access to crypto trading and decentralized crypto applications...",workforce analyst,decentrajobs.com,2026-07-24 08:16:33.743 +0700,full_time,VIP Relationship Manager,"Who We Are At OKX, we believe that the future will be reshaped by crypto, and ultimately contribute to every individual's freedom. OKX is a leading crypto exchange, and the developer of OKX Wallet, giving millions access to crypto trading and decentralized crypto applications...",who we are at okx we believe that the future will be reshaped by crypto and ultimately contribute to every individual s freedom okx is a leading crypto exchange and the developer of okx wallet giving millions access to crypto trading and decentralized crypto applications,"'access':38 'applic':45 'believ':7 'contribut':18 'crypto':15,28,40,44 'decentr':43 'develop':32 'everi':20 'exchang':29 'freedom':23 'futur':10 'give':36 'individu':21 'lead':27 'million':37 'okx':5,24,34 'reshap':13 'trade':41 'ultim':17 'wallet':35","{access,applic,believ,contribut,crypto,decentr,develop,everi,exchang,freedom,futur,give,individu,lead,million,okx,reshap,trade,ultim,wallet}"
Sales Manager,BYD,"",Australia," Energy Storage and New Battery Division 
# Develop and implement sales strategies to expand the BESS business with utilities, industrial clients, and renewable energy developers. 
# Manage the full sales cycle, from prospecting and lead qualification to solution design...",workforce analyst,ev.careers,2026-07-20 19:38:37.427 +0700,full_time,Sales Manager,"Energy Storage and New Battery Division # Develop and implement sales strategies to expand the BESS business with utilities, industrial clients, and renewable energy developers. # Manage the full sales cycle, from prospecting and lead qualification to solution design...",energy storage and new battery division develop and implement sales strategies to expand the bess business with utilities industrial clients and renewable energy developers manage the full sales cycle from prospecting and lead qualification to solution design,"'batteri':5 'bess':15 'busi':16 'client':20 'cycl':29 'design':37 'develop':7,24 'divis':6 'energi':1,23 'expand':13 'full':27 'implement':9 'industri':19 'lead':33 'manag':25 'new':4 'prospect':31 'qualif':34 'renew':22 'sale':10,28 'solut':36 'storag':2 'strategi':11 'util':18","{batteri,bess,busi,client,cycl,design,develop,divis,energi,expand,full,implement,industri,lead,manag,new,prospect,qualif,renew,sale,solut,storag,strategi,util}"
"Head of Marketing, Australia",Nexo,"",Australia,"&nbsp;...forward-thinking investors. 
 But technology alone doesn’t drive progress. People do. 
 We are a team of builders, strategists, <b>analysts,</b> creatives, and operators united by a shared mindset: advancement. We move fast, think long term, and take ownership. We challenge...&nbsp;",workforce analyst,decentrajobs.com,2026-06-04 05:49:08.627 +0700,full_time,"Head of Marketing, Australia","...forward-thinking investors. But technology alone doesn’t drive progress. People do. We are a team of builders, strategists, analysts, creatives, and operators united by a shared mindset: advancement. We move fast, think long term, and take ownership. We challenge...",forward thinking investors but technology alone doesn t drive progress people do we are a team of builders strategists analysts creatives and operators united by a shared mindset advancement we move fast think long term and take ownership we challenge,"'advanc':29 'alon':7 'analyst':20 'builder':18 'challeng':40 'creativ':21 'doesn’t':8 'drive':9 'fast':32 'forward':2 'forward-think':1 'investor':4 'long':34 'mindset':28 'move':31 'oper':23 'ownership':38 'peopl':11 'progress':10 'share':27 'strategist':19 'take':37 'team':16 'technolog':6 'term':35 'think':3,33 'unit':24","{advanc,alon,analyst,builder,challeng,creativ,doesn’t,drive,fast,forward,forward-think,investor,long,mindset,move,oper,ownership,peopl,progress,share,strategist,take,team,technolog,term,think,unit}"
Senior Site Reliability Engineer,Mastercard,"",Australia," Our Purpose  Mastercard powers economies and empowers people in 200+ countries and territories worldwide. Together with our customers, we’re helping build a sustainable economy where everyone can prosper. We support a wide range of digital payments choices, making transactions...",workforce analyst,decentrajobs.com,2026-06-26 03:04:41.713 +0700,full_time,Senior Site Reliability Engineer,"Our Purpose Mastercard powers economies and empowers people in 200+ countries and territories worldwide. Together with our customers, we’re helping build a sustainable economy where everyone can prosper. We support a wide range of digital payments choices, making transactions...",our purpose mastercard powers economies and empowers people in countries and territories worldwide together with our customers we re helping build a sustainable economy where everyone can prosper we support a wide range of digital payments choices making transactions,'200':10 'a sustainable economi':22 'build':21 'choic':35 'countri':11 'custom':18 'digit':33 'economi':5 'empow':7 'everyon':24 'help':20 'make':36 'mastercard':3 'payment':34 'peopl':8 'power':4 'prosper':26 'purpos':2 'rang':31 'support':28 'territori':13 'togeth':15 'transact':37 'we’r':19 'wide':30 'worldwid':14,"{200,a sustainable economi,build,choic,countri,custom,digit,economi,empow,everyon,help,make,mastercard,payment,peopl,power,prosper,purpos,rang,support,territori,togeth,transact,we’r,wide,worldwid}"
Site Reliability Engineer II,Mastercard,"",Australia," Our Purpose  Mastercard powers economies and empowers people in 200+ countries and territories worldwide. Together with our customers, we’re helping build a sustainable economy where everyone can prosper. We support a wide range of digital payments choices, making transactions...",workforce analyst,decentrajobs.com,2026-06-26 03:04:41.757 +0700,full_time,Site Reliability Engineer II,"Our Purpose Mastercard powers economies and empowers people in 200+ countries and territories worldwide. Together with our customers, we’re helping build a sustainable economy where everyone can prosper. We support a wide range of digital payments choices, making transactions...",our purpose mastercard powers economies and empowers people in countries and territories worldwide together with our customers we re helping build a sustainable economy where everyone can prosper we support a wide range of digital payments choices making transactions,'200':10 'a sustainable economi':22 'build':21 'choic':35 'countri':11 'custom':18 'digit':33 'economi':5 'empow':7 'everyon':24 'help':20 'make':36 'mastercard':3 'payment':34 'peopl':8 'power':4 'prosper':26 'purpos':2 'rang':31 'support':28 'territori':13 'togeth':15 'transact':37 'we’r':19 'wide':30 'worldwid':14,"{200,a sustainable economi,build,choic,countri,custom,digit,economi,empow,everyon,help,make,mastercard,payment,peopl,power,prosper,purpos,rang,support,territori,togeth,transact,we’r,wide,worldwid}"
"Business Development Manager - CDE Program (Consultants, Designer and Engineer)",Genetec,"",Australia," Your team’s dynamic: 
 Genetec is seeking a senior professional to lead and grow our Consulting, Design, and Engineering (CDE) Program across Australia and New Zealand. This is a high-impact role focused on strengthening relationships with security consultants and design...",workforce analyst,swooped.co,2025-08-13 00:00:00.000 +0700,not_specified,Business Development Manager - CDE Program (Consultants,"Your team’s dynamic: Genetec is seeking a senior professional to lead and grow our Consulting, Design, and Engineering (CDE) Program across Australia and New Zealand. This is a high-impact role focused on strengthening relationships with security consultants and design...",your team s dynamic genetec is seeking a senior professional to lead and grow our consulting design and engineering cde program across australia and new zealand this is a high impact role focused on strengthening relationships with security consultants and design,"'across':21 'australia':22 'cde':19 'consult':15,39 'design':16,41 'dynam':3 'engin':18 'focus':33 'genetec':4 'grow':13 'high':30 'high-impact':29 'impact':31 'lead':11 'new':24 'profession':9 'program':20 'relationship':36 'role':32 'secur':38 'seek':6 'senior':8 'strengthen':35 'team’':2 'zealand':25","{across,australia,cde,consult,design,dynam,engin,focus,genetec,grow,high,high-impact,impact,lead,new,profession,program,relationship,role,secur,seek,senior,strengthen,team’,zealand}"
Resident Services Coordinator,Greystar,"",Australia," ABOUT GREYSTAR 

 Greystar is a leading, fully integrated global real estate platform offering expertise in property management, investment management, development, and construction services in institutional-quality rental housing. Headquartered in Charleston, South ...",workforce analyst,jobs.greystar.com,2026-07-14 08:26:30.723 +0700,not_specified,Resident Services Coordinator,"ABOUT GREYSTAR Greystar is a leading, fully integrated global real estate platform offering expertise in property management, investment management, development, and construction services in institutional-quality rental housing. Headquartered in Charleston, South ...",about greystar greystar is a leading fully integrated global real estate platform offering expertise in property management investment management development and construction services in institutional quality rental housing headquartered in charleston south,"'charleston':32 'construct':22 'develop':20 'estat':11 'expertis':14 'fulli':7 'global':9 'greystar':2,3 'headquart':30 'hous':29 'institut':26 'institutional-qu':25 'integr':8 'invest':18 'lead':6 'manag':17,19 'offer':13 'platform':12 'properti':16 'qualiti':27 'real':10 'rental':28 'servic':23 'south':33","{charleston,construct,develop,estat,expertis,fulli,global,greystar,headquart,hous,institut,institutional-qu,integr,invest,lead,manag,offer,platform,properti,qualiti,real,rental,servic,south}"
Customer Care Executive,Rentokil Initial,"",Australia," Our Newcastle team has an exciting opportunity available for an organised, efficient and dedicated Customer Care Executive to join them in a permanent full-time role. 
 Your extraordinary skills will be used for the day-to-day phone based management of our business customers...",workforce analyst,swooped.co,2025-08-14 00:00:00.000 +0700,not_specified,Customer Care Executive,"Our Newcastle team has an exciting opportunity available for an organised, efficient and dedicated Customer Care Executive to join them in a permanent full-time role. Your extraordinary skills will be used for the day-to-day phone based management of our business customers...",our newcastle team has an exciting opportunity available for an organised efficient and dedicated customer care executive to join them in a permanent full time role your extraordinary skills will be used for the day to day phone based management of our business customers,"'avail':8 'base':41 'busi':45 'care':16 'custom':15,46 'day':37,39 'day-to-day':36 'dedic':14 'effici':12 'excit':6 'execut':17 'extraordinari':29 'full':25 'full-tim':24 'join':19 'manag':42 'newcastl':2 'opportun':7 'organis':11 'perman':23 'phone':40 'role':27 'skill':30 'team':3 'time':26 'use':33","{avail,base,busi,care,custom,day,day-to-day,dedic,effici,excit,execut,extraordinari,full,full-tim,join,manag,newcastl,opportun,organis,perman,phone,role,skill,team,time,use}"
"Sr. Staff Engineer, Robotics/Automotive System Software",Tenstorrent,$100k,Australia," Tenstorrent is leading the industry on cutting-edge AI technology, revolutionizing performance expectations, ease of use, and cost efficiency. With AI redefining the computing paradigm, solutions must evolve to unify innovations in software models, compilers, platforms...",workforce analyst,swooped.co,2025-08-27 00:00:00.000 +0700,not_specified,Sr. Staff Engineer,"Tenstorrent is leading the industry on cutting-edge AI technology, revolutionizing performance expectations, ease of use, and cost efficiency. With AI redefining the computing paradigm, solutions must evolve to unify innovations in software models, compilers, platforms...",tenstorrent is leading the industry on cutting edge ai technology revolutionizing performance expectations ease of use and cost efficiency with ai redefining the computing paradigm solutions must evolve to unify innovations in software models compilers platforms,"'ai':10,22 'compil':36 'comput':25 'cost':19 'cut':8 'cutting-edg':7 'eas':15 'edg':9 'effici':20 'evolv':29 'expect':14 'industri':5 'innov':32 'lead':3 'model':35 'must':28 'paradigm':26 'perform':13 'platform':37 'redefin':23 'revolution':12 'softwar':34 'solut':27 'technolog':11 'tenstorr':1 'unifi':31 'use':17","{ai,compil,comput,cost,cut,cutting-edg,eas,edg,effici,evolv,expect,industri,innov,lead,model,must,paradigm,perform,platform,redefin,revolution,softwar,solut,technolog,tenstorr,unifi,use}"
Client Success Manager,"Columbus, GA | Move to Meaningful",$100k - $105k,Australia," Every day, Global Payments makes it possible for millions of people to move money between buyers and sellers using our payments solutions for credit, debit, prepaid and merchant services.  Our worldwide team helps over 3 million companies, more than 1,300 financial institutions...",workforce analyst,swooped.co,2025-08-12 00:00:00.000 +0700,not_specified,Client Success Manager,"Every day, Global Payments makes it possible for millions of people to move money between buyers and sellers using our payments solutions for credit, debit, prepaid and merchant services.  Our worldwide team helps over 3 million companies, more than 1,300 financial institutions...",every day global payments makes it possible for millions of people to move money between buyers and sellers using our payments solutions for credit debit prepaid and merchant services our worldwide team helps over million companies more than financial institutions,"'1':41 '3':36 '300':42 'buyer':16 'compani':38 'credit':24 'day':2 'debit':25 'everi':1 'financi':43 'global':3 'help':34 'institut':44 'make':5 'merchant':28 'million':9,37 'money':14 'move':13 'payment':4,21 'peopl':11 'possibl':7 'prepaid':26 'seller':18 'servic':29 'solut':22 'team':33 'use':19 'worldwid':32 ' ':30","{1,3,300,buyer,compani,credit,day,debit,everi,financi,global,help,institut,make,merchant,million,money,move,payment,peopl,possibl,prepaid,seller,servic,solut,team,use,worldwid, }"
Customer Success Manager,Triple Whale,"",Australia," About Triple Whale:  Triple Whale is the definitive AI operating system custom-built for the global e-commerce ecosystem. We centralize every operational signal, marketplace metric, and performance data point into the industry’s most trusted attribution and measurement...",workforce analyst,hireskys.com,2026-07-07 07:54:39.527 +0700,full_time,Customer Success Manager,"About Triple Whale: Triple Whale is the definitive AI operating system custom-built for the global e-commerce ecosystem. We centralize every operational signal, marketplace metric, and performance data point into the industry’s most trusted attribution and measurement...",about triple whale triple whale is the definitive ai operating system custom built for the global e commerce ecosystem we centralize every operational signal marketplace metric and performance data point into the industry s most trusted attribution and measurement,"'ai':9 'attribut':38 'built':14 'central':23 'commerc':20 'custom':13 'custom-built':12 'data':31 'definit':8 'e':19 'e-commerc':18 'ecosystem':21 'everi':24 'global':17 'industry’':35 'marketplac':27 'measur':40 'metric':28 'oper':10,25 'perform':30 'point':32 'signal':26 'system':11 'tripl':2,4 'trust':37 'whale':3,5","{ai,attribut,built,central,commerc,custom,custom-built,data,definit,e,e-commerc,ecosystem,everi,global,industry’,marketplac,measur,metric,oper,perform,point,signal,system,tripl,trust,whale}"
Head of Demand Generation Programs (Marketing) - Residential Energy APAC,Tesla,"",Australia," What To Expect 
 Tesla’s mission is to accelerate the world’s transition to sustainable energy. 
 The Residential Energy Demand Generation and Marketing team plays a critical role in this mission by driving awareness and adoption of Tesla’s energy products.We are looking...",workforce analyst,ev.careers,2026-07-23 03:48:55.157 +0700,full_time,Head of Demand Generation Programs,What To Expect Tesla’s mission is to accelerate the world’s transition to sustainable energy. The Residential Energy Demand Generation and Marketing team plays a critical role in this mission by driving awareness and adoption of Tesla’s energy products.We are looking...,what to expect tesla s mission is to accelerate the world s transition to sustainable energy the residential energy demand generation and marketing team plays a critical role in this mission by driving awareness and adoption of tesla s energy products we are looking,"'acceler':8 'adopt':34 'awar':32 'critic':25 'demand':18 'drive':31 'energi':14,17,37 'expect':3 'generat':19 'look':40 'market':21 'mission':5,29 'play':23 'products.we':38 'residenti':16 'role':26 'sustain':13 'team':22 'tesla’':4,36 'transit':11 'world’':10","{acceler,adopt,awar,critic,demand,drive,energi,expect,generat,look,market,mission,play,products.we,residenti,role,sustain,team,tesla’,transit,world’}"
Facilities Manager,Anduril Industries,"",Australia," Anduril Industries is a defense technology company with a mission to transform U.S. and allied military capabilities with advanced technology. By bringing the expertise, technology, and business model of the 21st century’s most innovative companies to the defense industry...",workforce analyst,swooped.co,2025-07-30 00:00:00.000 +0700,not_specified,Facilities Manager,"Anduril Industries is a defense technology company with a mission to transform U.S. and allied military capabilities with advanced technology. By bringing the expertise, technology, and business model of the 21st century’s most innovative companies to the defense industry...",anduril industries is a defense technology company with a mission to transform u s and allied military capabilities with advanced technology by bringing the expertise technology and business model of the st century s most innovative companies to the defense industry,"'21st':31 'advanc':19 'alli':15 'anduril':1 'bring':22 'busi':27 'capabl':17 'century’':32 'compani':7,35 'defens':5,38 'expertis':24 'industri':2,39 'innov':34 'militari':16 'mission':10 'model':28 'technolog':6,20,25 'transform':12 'u.s':13","{21st,advanc,alli,anduril,bring,busi,capabl,century’,compani,defens,expertis,industri,innov,militari,mission,model,technolog,transform,u.s}"
Site Engineer,Lendlease,"",Australia," Lendlease is a globally integrated real estate group with core expertise in Investment Management, Development, and Construction. For more than 60 years, we have created thriving places around the globe.  
 About the Role: 
 With a national delivery capability, Lendlease...",analytics consultant,swooped.co,2026-02-27 00:00:00.000 +0700,not_specified,Site Engineer,"Lendlease is a globally integrated real estate group with core expertise in Investment Management, Development, and Construction. For more than 60 years, we have created thriving places around the globe.   About the Role: With a national delivery capability, Lendlease...",lendlease is a globally integrated real estate group with core expertise in investment management development and construction for more than years we have created thriving places around the globe about the role with a national delivery capability lendlease,"'60':21 'around':28 'capabl':39 'construct':17 'core':10 'creat':25 'deliveri':38 'develop':15 'estat':7 'expertis':11 'global':4 'globe':30 'group':8 'integr':5 'invest':13 'lendleas':1,40 'manag':14 'nation':37 'place':27 'real':6 'role':34 'thrive':26 'year':22 ' ':31","{60,around,capabl,construct,core,creat,deliveri,develop,estat,expertis,global,globe,group,integr,invest,lendleas,manag,nation,place,real,role,thrive,year, }"
Forex CFD Account Manager | Indonesian Speaking,TMGM,"",Australia," TMGM stands at the forefront of online trading and investment services, proudly serving as Chelsea FC's Official Regional Online Forex and Trading Partner in Asia Pacific. With a global presence and offices spanning three continents, TMGM has earned its reputation as a...",workforce analyst,swooped.co,2025-08-12 00:00:00.000 +0700,not_specified,Forex CFD Account Manager | Indonesian Speaking,"TMGM stands at the forefront of online trading and investment services, proudly serving as Chelsea FC's Official Regional Online Forex and Trading Partner in Asia Pacific. With a global presence and offices spanning three continents, TMGM has earned its reputation as a...",tmgm stands at the forefront of online trading and investment services proudly serving as chelsea fc s official regional online forex and trading partner in asia pacific with a global presence and offices spanning three continents tmgm has earned its reputation as a,"'asia':26 'chelsea':15 'contin':36 'earn':39 'fc':16 'forefront':5 'forex':21 'global':30 'invest':10 'offic':33 'offici':18 'onlin':7,20 'pacif':27 'partner':24 'presenc':31 'proud':12 'region':19 'reput':41 'serv':13 'servic':11 'span':34 'stand':2 'three':35 'tmgm':1,37 'trade':8,23","{asia,chelsea,contin,earn,fc,forefront,forex,global,invest,offic,offici,onlin,pacif,partner,presenc,proud,region,reput,serv,servic,span,stand,three,tmgm,trade}"
Senior Enterprise Account Executive - APAC,LaunchDarkly,"",Australia," About the Job: 
 As a Senior Enterprise Account Executive, you will play a pivotal role in winning, nurturing and expanding relationships with Large Enterprise accounts within your designated territory. You should possess exceptional drive to build new business, using...",workforce analyst,swooped.co,2025-09-12 00:00:00.000 +0700,not_specified,Senior Enterprise Account Executive - APAC,"About the Job:  As a Senior Enterprise Account Executive, you will play a pivotal role in winning, nurturing and expanding relationships with Large Enterprise accounts within your designated territory. You should possess exceptional drive to build new business, using...",about the job as a senior enterprise account executive you will play a pivotal role in winning nurturing and expanding relationships with large enterprise accounts within your designated territory you should possess exceptional drive to build new business using,"'account':9,26 'build':37 'busi':39 'design':29 'drive':35 'enterpris':8,25 'except':34 'execut':10 'expand':21 'job':3 'larg':24 'new':38 'nurtur':19 'pivot':15 'play':13 'possess':33 'relationship':22 'role':16 'senior':7 'territori':30 'use':40 'win':18 'within':27 ' ':4","{account,build,busi,design,drive,enterpris,except,execut,expand,job,larg,new,nurtur,pivot,play,possess,relationship,role,senior,territori,use,win,within, }"
"Account Executive, Corporate Sales",Docker,$30k,Australia," Docker has been one of the most loved brands in developer tooling, trusted by more than 20 million monthly users and over 20 billion container image pulls. From solo founders to the world's largest companies, developers rely on Docker to build, share, and run their applications...",workforce analyst,hireskys.com,2026-07-22 03:20:46.243 +0700,full_time,Account Executive,"Docker has been one of the most loved brands in developer tooling, trusted by more than 20 million monthly users and over 20 billion container image pulls. From solo founders to the world's largest companies, developers rely on Docker to build, share, and run their applications...",docker has been one of the most loved brands in developer tooling trusted by more than million monthly users and over billion container image pulls from solo founders to the world s largest companies developers rely on docker to build share and run their applications,"'20':17,23 'applic':47 'billion':24 'brand':9 'build':42 'compani':36 'contain':25 'develop':11,37 'docker':1,40 'founder':30 'imag':26 'largest':35 'love':8 'million':18 'month':19 'one':4 'pull':27 'reli':38 'run':45 'share':43 'solo':29 'tool':12 'trust':13 'user':20 'world':33","{20,applic,billion,brand,build,compani,contain,develop,docker,founder,imag,largest,love,million,month,one,pull,reli,run,share,solo,tool,trust,user,world}"
"Senior Account Executive, Specialization",HUbspot,"",Australia," Who are we? HubSpot is a leading customer platform that brings marketing, sales, service, and operations tools together to help businesses attract, engage, and delight customers. It's our mission to not just help them grow, but to help them grow better. Our global team...",workforce analyst,hireskys.com,2026-07-22 03:20:45.573 +0700,full_time,Senior Account Executive,"Who are we? HubSpot is a leading customer platform that brings marketing, sales, service, and operations tools together to help businesses attract, engage, and delight customers. It's our mission to not just help them grow, but to help them grow better. Our global team...",who are we hubspot is a leading customer platform that brings marketing sales service and operations tools together to help businesses attract engage and delight customers it s our mission to not just help them grow but to help them grow better our global team,"'attract':22 'better':42 'bring':11 'busi':21 'custom':8,26 'delight':25 'engag':23 'global':44 'grow':36,41 'help':20,34,39 'hubspot':4 'lead':7 'market':12 'mission':30 'oper':16 'platform':9 'sale':13 'servic':14 'team':45 'togeth':18 'tool':17","{attract,better,bring,busi,custom,delight,engag,global,grow,help,hubspot,lead,market,mission,oper,platform,sale,servic,team,togeth,tool}"
CFD Equity Account Manager | Mandarin Speaking,TMGM,"",Australia," About TMGM 
 TMGM is a leading global financial services provider, specializing in Contracts for Difference (CFD) trading and offering innovative trading solutions across various asset classes, including equities, forex, and commodities. We are committed to delivering...",workforce analyst,swooped.co,2025-08-12 00:00:00.000 +0700,not_specified,CFD Equity Account Manager | Mandarin Speaking,"About TMGM TMGM is a leading global financial services provider, specializing in Contracts for Difference (CFD) trading and offering innovative trading solutions across various asset classes, including equities, forex, and commodities. We are committed to delivering...",about tmgm tmgm is a leading global financial services provider specializing in contracts for difference cfd trading and offering innovative trading solutions across various asset classes including equities forex and commodities we are committed to delivering,"'across':23 'asset':25 'cfd':16 'class':26 'commit':34 'commod':31 'contract':13 'deliv':36 'differ':15 'equiti':28 'financi':8 'forex':29 'global':7 'includ':27 'innov':20 'lead':6 'offer':19 'provid':10 'servic':9 'solut':22 'special':11 'tmgm':2,3 'trade':17,21 'various':24","{across,asset,cfd,class,commit,commod,contract,deliv,differ,equiti,financi,forex,global,includ,innov,lead,offer,provid,servic,solut,special,tmgm,trade,various}"
Enterprise Account Executive,Nash,"",Australia," Nash is building the logistics infrastructure for the internet 
 Last mile is a $500B industry powering digital commerce but managed largely with self managed API integrations. Nash approaches last mile orchestration with information completeness solutions from checkout...",workforce analyst,swooped.co,2025-07-28 00:00:00.000 +0700,not_specified,Enterprise Account Executive,Nash is building the logistics infrastructure for the internet Last mile is a $500B industry powering digital commerce but managed largely with self managed API integrations. Nash approaches last mile orchestration with information completeness solutions from checkout...,nash is building the logistics infrastructure for the internet last mile is a b industry powering digital commerce but managed largely with self managed api integrations nash approaches last mile orchestration with information completeness solutions from checkout,"'500b':14 'api':25 'approach':28 'build':3 'checkout':37 'commerc':18 'complet':34 'digit':17 'industri':15 'inform':33 'infrastructur':6 'integr':26 'internet':9 'larg':21 'last':10,29 'logist':5 'manag':20,24 'mile':11,30 'nash':1,27 'orchestr':31 'power':16 'self':23 'solut':35","{500b,api,approach,build,checkout,commerc,complet,digit,industri,inform,infrastructur,integr,internet,larg,last,logist,manag,mile,nash,orchestr,power,self,solut}"
Scrum Master,Leidos,"",Australia," Scrum Master 
 Accrue up to an extra 12 days of leave per year through our Life Days program. 
 Work with world leading technology business at the forefront of innovation. 
 We’re a ‘Family Friendly’ certified workplace – we understand the often many and varied roles...",workforce analyst,swooped.co,2025-09-05 00:00:00.000 +0700,not_specified,Scrum Master,Scrum Master Accrue up to an extra 12 days of leave per year through our Life Days program. Work with world leading technology business at the forefront of innovation. We’re a ‘Family Friendly’ certified workplace – we understand the often many and varied roles...,scrum master accrue up to an extra days of leave per year through our life days program work with world leading technology business at the forefront of innovation we re a family friendly certified workplace we understand the often many and varied roles,"'12':8 'accru':3 'busi':24 'certifi':34 'day':9,17 'extra':7 'forefront':27 'friendly’':33 'innov':29 'lead':22 'leav':11 'life':16 'mani':41 'master':2 'often':40 'per':12 'program':18 'role':44 'scrum':1 'technolog':23 'understand':38 'vari':43 'we’r':30 'work':19 'workplac':35 'world':21 'year':13 '–':36 '‘famili':32","{12,accru,busi,certifi,day,extra,forefront,friendly’,innov,lead,leav,life,mani,master,often,per,program,role,scrum,technolog,understand,vari,we’r,work,workplac,world,year,–,‘famili}"
"Director, Account Management - Retail",Mastercard,"",Australia," Our Purpose  Mastercard powers economies and empowers people in 200+ countries and territories worldwide. Together with our customers, we’re helping build a sustainable economy where everyone can prosper. We support a wide range of digital payments choices, making transactions...",workforce analyst,decentrajobs.com,2026-07-20 08:16:32.763 +0700,full_time,Director,"Our Purpose Mastercard powers economies and empowers people in 200+ countries and territories worldwide. Together with our customers, we’re helping build a sustainable economy where everyone can prosper. We support a wide range of digital payments choices, making transactions...",our purpose mastercard powers economies and empowers people in countries and territories worldwide together with our customers we re helping build a sustainable economy where everyone can prosper we support a wide range of digital payments choices making transactions,'200':10 'a sustainable economi':22 'build':21 'choic':35 'countri':11 'custom':18 'digit':33 'economi':5 'empow':7 'everyon':24 'help':20 'make':36 'mastercard':3 'payment':34 'peopl':8 'power':4 'prosper':26 'purpos':2 'rang':31 'support':28 'territori':13 'togeth':15 'transact':37 'we’r':19 'wide':30 'worldwid':14,"{200,a sustainable economi,build,choic,countri,custom,digit,economi,empow,everyon,help,make,mastercard,payment,peopl,power,prosper,purpos,rang,support,territori,togeth,transact,we’r,wide,worldwid}"
People Business Partner Lead - APJ,Clickhouse,$500 per month,Australia,"&nbsp;...and staffing vendors. 
 Global-to-Regional Insight Bridge:  Act as a bidirectional strategic conduit, ensuring APJ multi-country <b>workforce </b>perspective and localized micro-market realities are integrated directly into long-range company-wide people initiatives. 
 Data-...&nbsp;",workforce analyst,hireskys.com,2026-07-08 02:57:08.643 +0700,full_time,People Business Partner Lead - APJ,"...and staffing vendors. Global-to-Regional Insight Bridge: Act as a bidirectional strategic conduit, ensuring APJ multi-country workforce perspective and localized micro-market realities are integrated directly into long-range company-wide people initiatives. Data-...",and staffing vendors global to regional insight bridge act as a bidirectional strategic conduit ensuring apj multi country workforce perspective and localized micro market realities are integrated directly into long range company wide people initiatives data,'act':10 'apj':17 'bidirect':13 'bridg':9 'compani':37 'company-wid':36 'conduit':15 'countri':20 'data':41 'direct':31 'ensur':16 'global':5 'global-to-region':4 'initi':40 'insight':8 'integr':30 'local':24 'long':34 'long-rang':33 'market':27 'micro':26 'micro-market':25 'multi':19 'multi-countri':18 'peopl':39 'perspect':22 'rang':35 'realiti':28 'region':7 'staf':2 'strateg':14 'vendor':3 'wide':38 'workforc':21,"{act,apj,bidirect,bridg,compani,company-wid,conduit,countri,data,direct,ensur,global,global-to-region,initi,insight,integr,local,long,long-rang,market,micro,micro-market,multi,multi-countri,peopl,perspect,rang,realiti,region,staf,strateg,vendor,wide,workforc}"
Senior Account Executive (Enterprise),Sardine,$300k - $420k,Australia," About the Role:  Sardine is a leader in fraud prevention and AML compliance, using AI and behavior biometrics to stop fraud before it happens. We are looking for a Senior Account Executive to join our Enterprise team and champion our value proposition in the Australia/...",workforce analyst,hireskys.com,2026-07-10 03:02:44.763 +0700,full_time,Senior Account Executive (Enterprise),"About the Role: Sardine is a leader in fraud prevention and AML compliance, using AI and behavior biometrics to stop fraud before it happens. We are looking for a Senior Account Executive to join our Enterprise team and champion our value proposition in the Australia/...",about the role sardine is a leader in fraud prevention and aml compliance using ai and behavior biometrics to stop fraud before it happens we are looking for a senior account executive to join our enterprise team and champion our value proposition in the australia,"'account':31 'ai':15 'aml':12 'australia':45 'behavior':17 'biometr':18 'champion':39 'complianc':13 'enterpris':36 'execut':32 'fraud':9,21 'happen':24 'join':34 'leader':7 'look':27 'prevent':10 'proposit':42 'role':3 'sardin':4 'senior':30 'stop':20 'team':37 'use':14 'valu':41","{account,ai,aml,australia,behavior,biometr,champion,complianc,enterpris,execut,fraud,happen,join,leader,look,prevent,proposit,role,sardin,senior,stop,team,use,valu}"
Forex CFD Account Manager I Mandarin Speaking,TMGM,"",Australia," Join TMGM, a globally renowned multi-asset financial services provider headquartered in Sydney since 2013. With our expertise in clearing and broking services, we offer an extensive range of over 12,000 tradeable products, including Forex, CFDs, equities, and bonds. 
...",workforce analyst,swooped.co,2025-08-12 00:00:00.000 +0700,not_specified,Forex CFD Account Manager I Mandarin Speaking,"Join TMGM, a globally renowned multi-asset financial services provider headquartered in Sydney since 2013. With our expertise in clearing and broking services, we offer an extensive range of over 12,000 tradeable products, including Forex, CFDs, equities, and bonds. ...",join tmgm a globally renowned multi asset financial services provider headquartered in sydney since with our expertise in clearing and broking services we offer an extensive range of over tradeable products including forex cfds equities and bonds,"'000':33 '12':32 '2013':16 'asset':8 'bond':41 'broke':23 'cfds':38 'clear':21 'equiti':39 'expertis':19 'extens':28 'financi':9 'forex':37 'global':4 'headquart':12 'includ':36 'join':1 'multi':7 'multi-asset':6 'offer':26 'product':35 'provid':11 'rang':29 'renown':5 'servic':10,24 'sinc':15 'sydney':14 'tmgm':2 'tradeabl':34","{000,12,2013,asset,bond,broke,cfds,clear,equiti,expertis,extens,financi,forex,global,headquart,includ,join,multi,multi-asset,offer,product,provid,rang,renown,servic,sinc,sydney,tmgm,tradeabl}"
National Account Executive,Pierre Fabre Laboratories,"",Australia," Who we are ?
 Pierre Fabre is a French pharmaceutical company, pioneer in dermo-cosmetics with notably iconic brands, Avène and Klorane. 
 With more than 10,000 employees worldwide, the company has subsidiaries in 42 countries. In 2020, Pierre Fabre Group generated over...",workforce analyst,swooped.co,2025-08-13 00:00:00.000 +0700,not_specified,National Account Executive,"Who we are ? Pierre Fabre is a French pharmaceutical company, pioneer in dermo-cosmetics with notably iconic brands, Avène and Klorane. With more than 10,000 employees worldwide, the company has subsidiaries in 42 countries. In 2020, Pierre Fabre Group generated over...",who we are pierre fabre is a french pharmaceutical company pioneer in dermo cosmetics with notably iconic brands av ne and klorane with more than employees worldwide the company has subsidiaries in countries in pierre fabre group generated over,"'000':27 '10':26 '2020':38 '42':35 'avèn':20 'brand':19 'compani':10,31 'cosmet':15 'countri':36 'dermo':14 'dermo-cosmet':13 'employe':28 'fabr':5,40 'french':8 'generat':42 'group':41 'icon':18 'kloran':22 'notabl':17 'pharmaceut':9 'pierr':4,39 'pioneer':11 'subsidiari':33 'worldwid':29","{000,10,2020,42,avèn,brand,compani,cosmet,countri,dermo,dermo-cosmet,employe,fabr,french,generat,group,icon,kloran,notabl,pharmaceut,pierr,pioneer,subsidiari,worldwid}"
